timestamp,activity_score,baseline,threshold,rssi_dbm,status,movement_events
2026-09-07T15:13:09.642,11.901,5.424,13.424,-66,NO_MOVEMENT,0
2026-09-07T15:13:10.202,11.934,5.424,13.424,-66,NO_MOVEMENT,0
2026-09-07T15:13:10.846,9.542,5.424,13.424,-67,NO_MOVEMENT,0
2026-09-07T15:13:11.834,18.580,5.424,13.424,-77,MOVEMENT,1
2026-09-07T15:13:12.345,18.359,5.424,13.424,-65,MOVEMENT,1
2026-09-07T15:13:13.275,24.220,5.424,13.424,-72,MOVEMENT,1
2026-09-07T15:13:13.825,24.415,5.424,13.424,-73,MOVEMENT,1
2026-09-07T15:13:14.472,24.004,5.424,13.424,-77,MOVEMENT,1
2026-09-07T15:13:15.215,30.589,5.424,13.424,-71,MOVEMENT,1
2026-09-07T15:13:15.839,34.589,5.424,13.424,-82,MOVEMENT,1
2026-09-07T15:13:16.382,30.201,5.424,13.424,-82,MOVEMENT,1
2026-09-07T15:13:16.885,31.091,5.424,13.424,-75,MOVEMENT,1
2026-09-07T15:13:17.410,29.473,5.424,13.424,-77,MOVEMENT,1
2026-09-07T15:13:17.958,29.025,5.424,13.424,-73,MOVEMENT,1
2026-09-07T15:13:18.474,28.432,5.424,13.424,-74,MOVEMENT,1
2026-09-07T15:13:19.366,23.981,5.424,13.424,-76,MOVEMENT,1
2026-09-07T15:13:20.304,17.989,5.424,13.424,-69,MOVEMENT,1
2026-09-07T15:13:20.911,13.286,5.424,13.424,-76,RECENT_MOVEMENT,1
2026-09-07T15:13:21.475,13.604,5.424,13.424,-71,MOVEMENT,2
2026-09-07T15:13:22.030,15.158,5.424,13.424,-70,MOVEMENT,2
2026-09-07T15:13:22.631,16.150,5.424,13.424,-70,MOVEMENT,2
2026-09-07T15:13:23.181,15.054,5.424,13.424,-68,MOVEMENT,2
2026-09-07T15:13:23.842,12.144,5.424,13.424,-67,RECENT_MOVEMENT,2
2026-09-07T15:13:24.902,6.089,5.424,13.424,-70,RECENT_MOVEMENT,2
2026-09-07T15:13:25.477,7.038,5.424,13.424,-69,RECENT_MOVEMENT,2
2026-09-07T15:13:26.540,7.264,5.424,13.424,-69,RECENT_MOVEMENT,2
2026-09-07T15:13:27.051,7.070,5.424,13.424,-67,RECENT_MOVEMENT,2
2026-09-07T15:13:27.701,8.096,5.424,13.424,-67,RECENT_MOVEMENT,2
2026-09-07T15:13:28.300,8.352,5.424,13.424,-67,RECENT_MOVEMENT,2
2026-09-07T15:13:28.826,8.282,5.424,13.424,-70,RECENT_MOVEMENT,2
2026-09-07T15:13:29.447,7.184,5.424,13.424,-67,RECENT_MOVEMENT,2
2026-09-07T15:13:29.980,5.495,5.424,13.424,-67,RECENT_MOVEMENT,2
2026-09-07T15:13:30.517,4.936,5.424,13.424,-68,RECENT_MOVEMENT,2
2026-09-07T15:13:31.130,4.530,5.424,13.424,-67,RECENT_MOVEMENT,2
2026-09-07T15:13:31.726,4.481,5.424,13.424,-66,RECENT_MOVEMENT,2
2026-09-07T15:13:32.312,4.982,5.424,13.424,-69,RECENT_MOVEMENT,2
2026-09-07T15:13:32.916,5.050,5.424,13.424,-67,RECENT_MOVEMENT,2
2026-09-07T15:13:33.497,6.060,5.424,13.424,-67,RECENT_MOVEMENT,2
2026-09-07T15:13:34.439,9.014,5.424,13.424,-69,RECENT_MOVEMENT,2
2026-09-07T15:13:35.444,11.876,5.424,13.424,-64,RECENT_MOVEMENT,2
2026-09-07T15:13:35.953,9.792,5.424,13.424,-71,RECENT_MOVEMENT,2
2026-09-07T15:13:36.960,5.497,5.424,13.424,-68,RECENT_MOVEMENT,2
2026-09-07T15:13:37.536,5.828,5.424,13.424,-70,RECENT_MOVEMENT,2
2026-09-07T15:13:38.147,5.394,5.424,13.424,-73,RECENT_MOVEMENT,2
2026-09-07T15:13:38.780,5.465,5.424,13.424,-70,RECENT_MOVEMENT,2
2026-09-07T15:13:39.351,7.317,5.424,13.424,-71,RECENT_MOVEMENT,2
2026-09-07T15:13:40.337,8.202,5.424,13.424,-71,RECENT_MOVEMENT,2
2026-09-07T15:13:40.918,7.325,5.424,13.424,-71,RECENT_MOVEMENT,2
2026-09-07T15:13:41.423,7.501,5.424,13.424,-71,RECENT_MOVEMENT,2
2026-09-07T15:13:42.444,9.063,5.424,13.424,-72,RECENT_MOVEMENT,2
2026-09-07T15:13:43.383,9.041,5.424,13.424,-69,RECENT_MOVEMENT,2
2026-09-07T15:13:44.368,8.776,5.424,13.424,-69,RECENT_MOVEMENT,2
2026-09-07T15:13:45.351,12.851,5.424,13.424,-68,RECENT_MOVEMENT,2
2026-09-07T15:13:46.299,17.301,5.424,13.424,-69,MOVEMENT,3
2026-09-07T15:13:46.825,18.440,5.424,13.424,-75,MOVEMENT,3
2026-09-07T15:13:47.370,18.879,5.424,13.424,-76,MOVEMENT,3
2026-09-07T15:13:48.325,17.585,5.424,13.424,-67,MOVEMENT,3
2026-09-07T15:13:49.225,11.700,5.424,13.424,-67,RECENT_MOVEMENT,3
2026-09-07T15:13:50.187,6.796,5.424,13.424,-67,RECENT_MOVEMENT,3
2026-09-07T15:13:51.163,6.139,5.424,13.424,-66,RECENT_MOVEMENT,3
2026-09-07T15:13:51.676,6.016,5.424,13.424,-66,RECENT_MOVEMENT,3
2026-09-07T15:13:52.672,5.899,5.424,13.424,-68,RECENT_MOVEMENT,3
2026-09-07T15:13:53.295,15.408,5.424,13.424,-67,MOVEMENT,4
2026-09-07T15:13:53.865,15.884,5.424,13.424,-66,MOVEMENT,4
2026-09-07T15:13:54.944,14.453,5.424,13.424,-67,MOVEMENT,4
2026-09-07T15:13:55.479,6.937,5.424,13.424,-68,RECENT_MOVEMENT,4
2026-09-07T15:13:56.068,7.125,5.424,13.424,-67,RECENT_MOVEMENT,4
2026-09-07T15:13:56.630,7.523,5.424,13.424,-66,RECENT_MOVEMENT,4
2026-09-07T15:13:57.622,8.003,5.424,13.424,-66,RECENT_MOVEMENT,4
2026-09-07T15:13:58.593,7.007,5.424,13.424,-68,RECENT_MOVEMENT,4
2026-09-07T15:13:59.118,4.505,5.424,13.424,-68,RECENT_MOVEMENT,4
2026-09-07T15:14:00.170,6.630,5.424,13.424,-69,RECENT_MOVEMENT,4
2026-09-07T15:14:00.722,6.815,5.424,13.424,-69,RECENT_MOVEMENT,4
2026-09-07T15:14:01.416,5.326,5.424,13.424,-70,RECENT_MOVEMENT,4
2026-09-07T15:14:01.979,5.116,5.424,13.424,-69,RECENT_MOVEMENT,4
2026-09-07T15:14:02.525,5.495,5.424,13.424,-69,RECENT_MOVEMENT,4
2026-09-07T15:14:03.065,6.445,5.424,13.424,-68,RECENT_MOVEMENT,4
2026-09-07T15:14:03.604,5.958,5.424,13.424,-69,RECENT_MOVEMENT,4
2026-09-07T15:14:04.123,6.057,5.424,13.424,-68,RECENT_MOVEMENT,4
2026-09-07T15:14:04.717,5.768,5.424,13.424,-68,RECENT_MOVEMENT,4
2026-09-07T15:14:05.225,5.768,5.424,13.424,-68,RECENT_MOVEMENT,4
2026-09-07T15:14:05.824,9.442,5.424,13.424,-66,RECENT_MOVEMENT,4
2026-09-07T15:14:06.412,9.652,5.424,13.424,-68,RECENT_MOVEMENT,4
2026-09-07T15:14:06.998,9.558,5.424,13.424,-67,RECENT_MOVEMENT,4
2026-09-07T15:14:07.536,9.205,5.424,13.424,-67,RECENT_MOVEMENT,4
2026-09-07T15:14:08.108,9.619,5.424,13.424,-67,RECENT_MOVEMENT,4
2026-09-07T15:14:08.682,8.579,5.424,13.424,-71,RECENT_MOVEMENT,4
2026-09-07T15:14:09.261,8.397,5.424,13.424,-68,RECENT_MOVEMENT,4
2026-09-07T15:14:09.846,13.597,5.424,13.424,-69,RECENT_MOVEMENT,4
2026-09-07T15:14:10.444,14.930,5.424,13.424,-70,MOVEMENT,5
2026-09-07T15:14:11.028,14.866,5.424,13.424,-71,MOVEMENT,5
2026-09-07T15:14:11.634,15.791,5.424,13.424,-81,MOVEMENT,5
2026-09-07T15:14:12.147,21.855,5.424,13.424,-80,MOVEMENT,5
2026-09-07T15:14:12.734,22.182,5.424,13.424,-74,MOVEMENT,5
2026-09-07T15:14:13.325,23.511,5.424,13.424,-73,MOVEMENT,5
2026-09-07T15:14:13.901,23.776,5.424,13.424,-70,MOVEMENT,5
2026-09-07T15:14:14.485,23.439,5.424,13.424,-72,MOVEMENT,5
2026-09-07T15:14:15.088,22.090,5.424,13.424,-70,MOVEMENT,5
2026-09-07T15:14:15.694,18.600,5.424,13.424,-71,MOVEMENT,5
2026-09-07T15:14:16.279,10.444,5.424,13.424,-71,RECENT_MOVEMENT,5
2026-09-07T15:14:16.883,7.005,5.424,13.424,-72,RECENT_MOVEMENT,5
2026-09-07T15:14:17.400,6.607,5.424,13.424,-70,RECENT_MOVEMENT,5
2026-09-07T15:14:17.981,5.930,5.424,13.424,-70,RECENT_MOVEMENT,5
2026-09-07T15:14:18.564,5.861,5.424,13.424,-71,RECENT_MOVEMENT,5
2026-09-07T15:14:19.149,6.181,5.424,13.424,-73,RECENT_MOVEMENT,5
2026-09-07T15:14:19.739,6.936,5.424,13.424,-72,RECENT_MOVEMENT,5
2026-09-07T15:14:20.340,9.237,5.424,13.424,-71,RECENT_MOVEMENT,5
2026-09-07T15:14:20.917,9.483,5.424,13.424,-76,RECENT_MOVEMENT,5
2026-09-07T15:14:21.499,9.306,5.424,13.424,-69,RECENT_MOVEMENT,5
2026-09-07T15:14:22.079,9.581,5.424,13.424,-72,RECENT_MOVEMENT,5
2026-09-07T15:14:22.636,9.581,5.424,13.424,-72,RECENT_MOVEMENT,5
2026-09-07T15:14:23.219,10.022,5.424,13.424,-70,RECENT_MOVEMENT,5
2026-09-07T15:14:23.816,10.351,5.424,13.424,-69,RECENT_MOVEMENT,5
2026-09-07T15:14:24.429,9.168,5.424,13.424,-72,RECENT_MOVEMENT,5
2026-09-07T15:14:25.015,9.168,5.424,13.424,-72,RECENT_MOVEMENT,5
2026-09-07T15:14:25.628,10.504,5.424,13.424,-71,RECENT_MOVEMENT,5
2026-09-07T15:14:26.219,10.299,5.424,13.424,-75,RECENT_MOVEMENT,5
2026-09-07T15:14:26.811,20.054,5.424,13.424,-77,RECENT_MOVEMENT,5
2026-09-07T15:14:27.409,22.420,5.424,13.424,-73,MOVEMENT,6
2026-09-07T15:14:28.012,29.782,5.424,13.424,-73,MOVEMENT,6
2026-09-07T15:14:28.557,29.481,5.424,13.424,-72,MOVEMENT,6
2026-09-07T15:14:29.167,29.303,5.424,13.424,-73,MOVEMENT,6
2026-09-07T15:14:29.673,23.742,5.424,13.424,-68,MOVEMENT,6
2026-09-07T15:14:30.192,12.924,5.424,13.424,-67,RECENT_MOVEMENT,6
2026-09-07T15:14:30.762,8.811,5.424,13.424,-69,RECENT_MOVEMENT,6
2026-09-07T15:14:31.298,6.652,5.424,13.424,-69,RECENT_MOVEMENT,6
2026-09-07T15:14:31.893,5.644,5.424,13.424,-69,RECENT_MOVEMENT,6
2026-09-07T15:14:32.563,6.142,5.424,13.424,-69,RECENT_MOVEMENT,6
2026-09-07T15:14:33.368,6.843,5.424,13.424,-72,RECENT_MOVEMENT,6
2026-09-07T15:14:33.963,9.413,5.424,13.424,-75,RECENT_MOVEMENT,6
2026-09-07T15:14:34.563,14.488,5.424,13.424,-76,MOVEMENT,7
2026-09-07T15:14:35.150,15.133,5.424,13.424,-74,MOVEMENT,7
2026-09-07T15:14:35.844,15.030,5.424,13.424,-72,MOVEMENT,7
2026-09-07T15:14:36.457,8.258,5.424,13.424,-73,RECENT_MOVEMENT,7
2026-09-07T15:14:37.115,5.817,5.424,13.424,-73,RECENT_MOVEMENT,7
2026-09-07T15:14:37.839,7.182,5.424,13.424,-74,RECENT_MOVEMENT,7
2026-09-07T15:14:38.650,7.622,5.424,13.424,-74,RECENT_MOVEMENT,7
2026-09-07T15:14:39.347,7.515,5.424,13.424,-74,RECENT_MOVEMENT,7
2026-09-07T15:14:39.895,7.668,5.424,13.424,-75,RECENT_MOVEMENT,7
2026-09-07T15:14:40.889,7.589,5.424,13.424,-76,RECENT_MOVEMENT,7
2026-09-07T15:14:41.467,7.554,5.424,13.424,-76,RECENT_MOVEMENT,7
2026-09-07T15:14:42.044,11.726,5.424,13.424,-76,RECENT_MOVEMENT,7
2026-09-07T15:14:42.957,10.244,5.424,13.424,-76,RECENT_MOVEMENT,7
2026-09-07T15:14:43.564,11.411,5.424,13.424,-78,RECENT_MOVEMENT,7
2026-09-07T15:14:44.307,12.434,5.424,13.424,-76,RECENT_MOVEMENT,7
2026-09-07T15:14:45.020,12.746,5.424,13.424,-73,RECENT_MOVEMENT,7
2026-09-07T15:14:45.657,9.100,5.424,13.424,-74,RECENT_MOVEMENT,7
2026-09-07T15:14:46.644,8.346,5.424,13.424,-75,RECENT_MOVEMENT,7
2026-09-07T15:14:48.543,13.347,5.424,13.424,-77,RECENT_MOVEMENT,8
2026-09-07T15:14:49.229,14.456,5.424,13.424,-79,MOVEMENT,9
2026-09-07T15:14:49.849,36.396,5.424,13.424,-79,MOVEMENT,9
2026-09-07T15:14:50.438,44.753,5.424,13.424,-75,MOVEMENT,9
2026-09-07T15:14:51.202,25.144,5.424,13.424,-73,MOVEMENT,9
2026-09-07T15:14:51.762,21.996,5.424,13.424,-71,MOVEMENT,9
2026-09-07T15:14:52.339,20.174,5.424,13.424,-70,MOVEMENT,9
2026-09-07T15:14:52.906,15.878,5.424,13.424,-72,MOVEMENT,9
2026-09-07T15:14:53.550,14.589,5.424,13.424,-72,MOVEMENT,9
2026-09-07T15:14:54.249,11.365,5.424,13.424,-70,RECENT_MOVEMENT,9
2026-09-07T15:14:54.826,11.109,5.424,13.424,-72,RECENT_MOVEMENT,9
2026-09-07T15:14:55.523,16.994,5.424,13.424,-79,MOVEMENT,10
2026-09-07T15:14:56.135,16.968,5.424,13.424,-79,MOVEMENT,10
2026-09-07T15:14:56.883,17.485,5.424,13.424,-75,MOVEMENT,10
2026-09-07T15:14:57.599,16.096,5.424,13.424,-74,MOVEMENT,10
2026-09-07T15:14:58.236,15.439,5.424,13.424,-73,MOVEMENT,10
2026-09-07T15:14:58.988,11.790,5.424,13.424,-73,RECENT_MOVEMENT,10
2026-09-07T15:14:59.640,11.849,5.424,13.424,-72,RECENT_MOVEMENT,10
2026-09-07T15:15:00.336,9.584,5.424,13.424,-73,RECENT_MOVEMENT,10
2026-09-07T15:15:01.192,9.424,5.424,13.424,-73,RECENT_MOVEMENT,10
2026-09-07T15:15:01.872,16.218,5.424,13.424,-73,MOVEMENT,11
2026-09-07T15:15:02.790,12.353,5.424,13.424,-72,RECENT_MOVEMENT,11
2026-09-07T15:15:03.488,13.711,5.424,13.424,-74,RECENT_MOVEMENT,12
2026-09-07T15:15:04.244,11.206,5.424,13.424,-71,RECENT_MOVEMENT,12
2026-09-07T15:15:04.865,7.822,5.424,13.424,-73,RECENT_MOVEMENT,12
2026-09-07T15:15:05.985,13.112,5.424,13.424,-75,RECENT_MOVEMENT,12
2026-09-07T15:15:06.864,15.658,5.424,13.424,-71,MOVEMENT,13
2026-09-07T15:15:07.370,12.516,5.424,13.424,-72,RECENT_MOVEMENT,13
2026-09-07T15:15:07.973,33.731,5.424,13.424,-76,MOVEMENT,14
2026-09-07T15:15:08.686,32.676,5.424,13.424,-75,MOVEMENT,14
2026-09-07T15:15:09.306,39.598,5.424,13.424,-78,MOVEMENT,14
2026-09-07T15:15:10.187,27.567,5.424,13.424,-70,MOVEMENT,14
2026-09-07T15:15:10.868,29.186,5.424,13.424,-73,MOVEMENT,14
2026-09-07T15:15:11.464,19.534,5.424,13.424,-75,MOVEMENT,14
2026-09-07T15:15:12.170,20.034,5.424,13.424,-73,MOVEMENT,14
2026-09-07T15:15:12.775,15.840,5.424,13.424,-76,MOVEMENT,14
2026-09-07T15:15:13.394,11.701,5.424,13.424,-79,RECENT_MOVEMENT,14
2026-09-07T15:15:14.067,11.278,5.424,13.424,-72,RECENT_MOVEMENT,14
2026-09-07T15:15:14.655,11.397,5.424,13.424,-76,RECENT_MOVEMENT,14
2026-09-07T15:15:15.232,16.051,5.424,13.424,-75,MOVEMENT,15
2026-09-07T15:15:15.914,26.845,5.424,13.424,-80,MOVEMENT,15
2026-09-07T15:15:16.488,27.042,5.424,13.424,-77,MOVEMENT,15
2026-09-07T15:15:17.199,26.425,5.424,13.424,-75,MOVEMENT,15
2026-09-07T15:15:17.818,30.393,5.424,13.424,-78,MOVEMENT,15
2026-09-07T15:15:18.439,26.591,5.424,13.424,-87,MOVEMENT,15
2026-09-07T15:15:19.040,29.148,5.424,13.424,-81,MOVEMENT,15
2026-09-07T15:15:19.552,31.345,5.424,13.424,-81,MOVEMENT,15
2026-09-07T15:15:20.167,25.832,5.424,13.424,-79,MOVEMENT,15
2026-09-07T15:15:20.853,23.178,5.424,13.424,-75,MOVEMENT,15
2026-09-07T15:15:21.517,19.595,5.424,13.424,-78,MOVEMENT,15
2026-09-07T15:15:22.169,14.663,5.424,13.424,-71,MOVEMENT,15
2026-09-07T15:15:23.045,10.584,5.424,13.424,-80,RECENT_MOVEMENT,15
2026-09-07T15:15:23.672,12.984,5.424,13.424,-80,RECENT_MOVEMENT,15
2026-09-07T15:15:24.316,14.004,5.424,13.424,-74,MOVEMENT,16
2026-09-07T15:15:24.943,19.597,5.424,13.424,-77,MOVEMENT,16
2026-09-07T15:15:25.632,24.140,5.424,13.424,-73,MOVEMENT,16
2026-09-07T15:15:26.298,22.145,5.424,13.424,-75,MOVEMENT,16
2026-09-07T15:15:26.987,16.975,5.424,13.424,-73,MOVEMENT,16
2026-09-07T15:15:27.657,16.505,5.424,13.424,-72,MOVEMENT,16
2026-09-07T15:15:28.369,11.242,5.424,13.424,-73,RECENT_MOVEMENT,16
2026-09-07T15:15:29.069,12.019,5.424,13.424,-71,RECENT_MOVEMENT,16
2026-09-07T15:15:29.681,11.422,5.424,13.424,-67,RECENT_MOVEMENT,16
2026-09-07T15:15:30.265,8.590,5.424,13.424,-71,RECENT_MOVEMENT,16
2026-09-07T15:15:30.971,8.909,5.424,13.424,-75,RECENT_MOVEMENT,16
2026-09-07T15:15:31.654,7.357,5.424,13.424,-75,RECENT_MOVEMENT,16
2026-09-07T15:15:32.200,7.332,5.424,13.424,-74,RECENT_MOVEMENT,16
2026-09-07T15:15:32.756,7.134,5.424,13.424,-75,RECENT_MOVEMENT,16
2026-09-07T15:15:33.318,16.563,5.424,13.424,-75,MOVEMENT,17
2026-09-07T15:15:33.977,16.949,5.424,13.424,-72,MOVEMENT,17
2026-09-07T15:15:34.643,17.852,5.424,13.424,-73,MOVEMENT,17
2026-09-07T15:15:35.486,16.050,5.424,13.424,-70,MOVEMENT,17
2026-09-07T15:15:36.139,12.440,5.424,13.424,-76,RECENT_MOVEMENT,17
2026-09-07T15:15:36.744,11.920,5.424,13.424,-73,RECENT_MOVEMENT,17
2026-09-07T15:15:37.378,9.321,5.424,13.424,-75,RECENT_MOVEMENT,17
2026-09-07T15:15:38.057,9.769,5.424,13.424,-76,RECENT_MOVEMENT,17
2026-09-07T15:15:38.736,11.729,5.424,13.424,-73,RECENT_MOVEMENT,17
2026-09-07T15:15:39.334,13.898,5.424,13.424,-73,MOVEMENT,18
2026-09-07T15:15:40.040,11.734,5.424,13.424,-73,RECENT_MOVEMENT,18
2026-09-07T15:15:40.711,9.393,5.424,13.424,-69,RECENT_MOVEMENT,18
2026-09-07T15:15:41.372,5.494,5.424,13.424,-71,RECENT_MOVEMENT,18
2026-09-07T15:15:42.025,5.102,5.424,13.424,-71,RECENT_MOVEMENT,18
2026-09-07T15:15:42.644,5.369,5.424,13.424,-69,RECENT_MOVEMENT,18
2026-09-07T15:15:43.270,5.232,5.424,13.424,-70,RECENT_MOVEMENT,18
2026-09-07T15:15:43.881,4.939,5.424,13.424,-71,RECENT_MOVEMENT,18
2026-09-07T15:15:44.701,5.313,5.424,13.424,-69,RECENT_MOVEMENT,18
2026-09-07T15:15:45.327,6.021,5.424,13.424,-69,RECENT_MOVEMENT,18
2026-09-07T15:15:46.029,4.471,5.424,13.424,-70,RECENT_MOVEMENT,18
2026-09-07T15:15:46.680,4.668,5.424,13.424,-72,RECENT_MOVEMENT,18
2026-09-07T15:15:47.299,8.488,5.424,13.424,-71,RECENT_MOVEMENT,18
2026-09-07T15:15:47.919,8.586,5.424,13.424,-68,RECENT_MOVEMENT,18
2026-09-07T15:15:48.561,8.595,5.424,13.424,-70,RECENT_MOVEMENT,18
2026-09-07T15:15:49.210,4.015,5.424,13.424,-70,RECENT_MOVEMENT,18
2026-09-07T15:15:49.833,4.751,5.424,13.424,-75,RECENT_MOVEMENT,18
2026-09-07T15:15:50.492,7.635,5.424,13.424,-73,RECENT_MOVEMENT,18
2026-09-07T15:15:51.114,7.736,5.424,13.424,-71,RECENT_MOVEMENT,18
2026-09-07T15:15:51.770,5.192,5.424,13.424,-72,RECENT_MOVEMENT,18
2026-09-07T15:15:52.392,5.145,5.424,13.424,-71,RECENT_MOVEMENT,18
2026-09-07T15:15:53.227,7.483,5.424,13.424,-73,RECENT_MOVEMENT,18
2026-09-07T15:15:53.828,8.763,5.424,13.424,-72,RECENT_MOVEMENT,18
2026-09-07T15:15:54.427,8.820,5.424,13.424,-71,RECENT_MOVEMENT,18
2026-09-07T15:15:55.020,8.881,5.424,13.424,-71,RECENT_MOVEMENT,18
2026-09-07T15:15:55.579,7.668,5.424,13.424,-68,RECENT_MOVEMENT,18
2026-09-07T15:15:56.172,8.228,5.424,13.424,-68,RECENT_MOVEMENT,18
2026-09-07T15:15:56.740,8.538,5.424,13.424,-68,RECENT_MOVEMENT,18
2026-09-07T15:15:57.350,6.431,5.424,13.424,-70,RECENT_MOVEMENT,18
2026-09-07T15:15:57.936,5.899,5.424,13.424,-70,RECENT_MOVEMENT,18
2026-09-07T15:15:58.633,6.429,5.424,13.424,-70,RECENT_MOVEMENT,18
2026-09-07T15:15:59.233,6.559,5.424,13.424,-69,RECENT_MOVEMENT,18
2026-09-07T15:15:59.893,5.710,5.424,13.424,-68,RECENT_MOVEMENT,18
2026-09-07T15:16:00.594,6.448,5.424,13.424,-70,RECENT_MOVEMENT,18
2026-09-07T15:16:01.563,8.029,5.424,13.424,-71,RECENT_MOVEMENT,18
2026-09-07T15:16:02.597,7.517,5.424,13.424,-69,RECENT_MOVEMENT,18
2026-09-07T15:16:03.304,6.617,5.424,13.424,-68,RECENT_MOVEMENT,18
2026-09-07T15:16:03.984,5.389,5.424,13.424,-66,RECENT_MOVEMENT,18
2026-09-07T15:16:04.685,4.563,5.424,13.424,-65,RECENT_MOVEMENT,18
2026-09-07T15:16:05.762,5.436,5.424,13.424,-66,RECENT_MOVEMENT,18
2026-09-07T15:16:07.619,8.951,5.424,13.424,-64,RECENT_MOVEMENT,18
2026-09-07T15:16:08.361,8.104,5.424,13.424,-69,RECENT_MOVEMENT,18
2026-09-07T15:16:09.043,7.259,5.424,13.424,-68,RECENT_MOVEMENT,18
2026-09-07T15:16:09.879,5.999,5.424,13.424,-69,RECENT_MOVEMENT,18
2026-09-07T15:16:10.563,8.536,5.424,13.424,-73,NO_MOVEMENT,18
2026-09-07T15:16:11.182,7.315,5.424,13.424,-71,NO_MOVEMENT,18
2026-09-07T15:16:11.959,7.373,5.424,13.424,-66,NO_MOVEMENT,18
2026-09-07T15:16:12.657,9.119,5.424,13.424,-63,NO_MOVEMENT,18
2026-09-07T15:16:13.247,9.170,5.424,13.424,-66,NO_MOVEMENT,18
2026-09-07T15:16:14.138,9.607,5.424,13.424,-66,NO_MOVEMENT,18
2026-09-07T15:16:14.809,5.944,5.424,13.424,-68,NO_MOVEMENT,18
2026-09-07T15:16:15.555,6.029,5.424,13.424,-67,NO_MOVEMENT,18
2026-09-07T15:16:16.346,6.531,5.424,13.424,-70,NO_MOVEMENT,18
2026-09-07T15:16:17.206,5.949,5.424,13.424,-67,NO_MOVEMENT,18
2026-09-07T15:16:19.385,7.228,5.424,13.424,-66,NO_MOVEMENT,18
2026-09-07T15:16:20.118,6.302,5.424,13.424,-65,NO_MOVEMENT,18
2026-09-07T15:16:20.810,6.065,5.424,13.424,-66,NO_MOVEMENT,18
2026-09-07T15:16:21.505,7.136,5.424,13.424,-67,NO_MOVEMENT,18
2026-09-07T15:16:22.183,5.728,5.424,13.424,-67,NO_MOVEMENT,18
2026-09-07T15:16:22.832,5.874,5.424,13.424,-66,NO_MOVEMENT,18
2026-09-07T15:16:23.478,9.307,5.424,13.424,-66,NO_MOVEMENT,18
2026-09-07T15:16:24.191,9.009,5.424,13.424,-67,NO_MOVEMENT,18
2026-09-07T15:16:24.871,8.406,5.424,13.424,-68,NO_MOVEMENT,18
2026-09-07T15:16:25.722,5.202,5.424,13.424,-67,NO_MOVEMENT,18
2026-09-07T15:16:26.344,9.475,5.424,13.424,-64,NO_MOVEMENT,18
2026-09-07T15:16:26.957,11.062,5.424,13.424,-65,NO_MOVEMENT,18
2026-09-07T15:16:27.602,13.080,5.424,13.424,-65,NO_MOVEMENT,18
2026-09-07T15:16:28.263,11.977,5.424,13.424,-66,NO_MOVEMENT,18
2026-09-07T15:16:28.921,8.658,5.424,13.424,-67,NO_MOVEMENT,18
2026-09-07T15:16:29.506,9.717,5.424,13.424,-67,NO_MOVEMENT,18
2026-09-07T15:16:30.099,10.390,5.424,13.424,-67,NO_MOVEMENT,18
2026-09-07T15:16:30.767,10.728,5.424,13.424,-69,NO_MOVEMENT,18
2026-09-07T15:16:31.393,11.769,5.424,13.424,-66,NO_MOVEMENT,18
2026-09-07T15:16:32.009,13.642,5.424,13.424,-67,NO_MOVEMENT,18
2026-09-07T15:16:32.706,12.684,5.424,13.424,-69,RECENT_MOVEMENT,19
2026-09-07T15:16:33.587,11.069,5.424,13.424,-68,RECENT_MOVEMENT,19
2026-09-07T15:16:34.168,9.945,5.424,13.424,-67,RECENT_MOVEMENT,19
2026-09-07T15:16:34.707,6.605,5.424,13.424,-67,RECENT_MOVEMENT,19
2026-09-07T15:16:35.221,6.074,5.424,13.424,-67,RECENT_MOVEMENT,19
2026-09-07T15:16:35.769,4.876,5.424,13.424,-67,RECENT_MOVEMENT,19
2026-09-07T15:16:36.270,4.444,5.424,13.424,-69,RECENT_MOVEMENT,19
2026-09-07T15:16:37.321,4.675,5.424,13.424,-66,RECENT_MOVEMENT,19
2026-09-07T15:16:37.943,9.305,5.424,13.424,-67,RECENT_MOVEMENT,19
2026-09-07T15:16:38.543,9.449,5.424,13.424,-68,RECENT_MOVEMENT,19
2026-09-07T15:16:39.112,9.585,5.424,13.424,-67,RECENT_MOVEMENT,19
2026-09-07T15:16:39.700,10.106,5.424,13.424,-67,RECENT_MOVEMENT,19
2026-09-07T15:16:40.383,5.233,5.424,13.424,-66,RECENT_MOVEMENT,19
2026-09-07T15:16:40.956,5.384,5.424,13.424,-67,RECENT_MOVEMENT,19
2026-09-07T15:16:41.939,4.814,5.424,13.424,-68,RECENT_MOVEMENT,19
2026-09-07T15:16:42.534,5.126,5.424,13.424,-68,RECENT_MOVEMENT,19
2026-09-07T15:16:43.192,10.684,5.424,13.424,-70,RECENT_MOVEMENT,19
2026-09-07T15:16:43.844,14.286,5.424,13.424,-70,MOVEMENT,20
2026-09-07T15:16:44.553,13.145,5.424,13.424,-67,RECENT_MOVEMENT,20
2026-09-07T15:16:45.253,11.772,5.424,13.424,-68,RECENT_MOVEMENT,21
2026-09-07T15:16:45.820,7.287,5.424,13.424,-71,RECENT_MOVEMENT,21
2026-09-07T15:16:46.414,8.249,5.424,13.424,-70,RECENT_MOVEMENT,21
2026-09-07T15:16:47.030,8.040,5.424,13.424,-70,RECENT_MOVEMENT,21
2026-09-07T15:16:47.653,8.241,5.424,13.424,-70,RECENT_MOVEMENT,21
2026-09-07T15:16:48.270,8.098,5.424,13.424,-69,RECENT_MOVEMENT,21
2026-09-07T15:16:48.928,8.357,5.424,13.424,-72,RECENT_MOVEMENT,21
2026-09-07T15:16:49.610,7.908,5.424,13.424,-70,RECENT_MOVEMENT,21
2026-09-07T15:16:50.334,6.784,5.424,13.424,-68,RECENT_MOVEMENT,21
2026-09-07T15:16:51.091,6.385,5.424,13.424,-69,RECENT_MOVEMENT,21
2026-09-07T15:16:51.742,4.947,5.424,13.424,-70,RECENT_MOVEMENT,21
2026-09-07T15:16:52.391,6.996,5.424,13.424,-68,RECENT_MOVEMENT,21
2026-09-07T15:16:52.973,8.564,5.424,13.424,-71,RECENT_MOVEMENT,21
2026-09-07T15:16:53.619,8.551,5.424,13.424,-69,RECENT_MOVEMENT,21
2026-09-07T15:16:54.262,7.960,5.424,13.424,-71,RECENT_MOVEMENT,21
2026-09-07T15:16:54.926,13.283,5.424,13.424,-69,RECENT_MOVEMENT,21
2026-09-07T15:16:55.564,14.378,5.424,13.424,-71,MOVEMENT,22
2026-09-07T15:16:56.263,18.730,5.424,13.424,-74,MOVEMENT,22
2026-09-07T15:16:56.857,20.780,5.424,13.424,-69,MOVEMENT,22
2026-09-07T15:16:57.459,15.971,5.424,13.424,-69,MOVEMENT,22
2026-09-07T15:16:58.068,18.863,5.424,13.424,-66,MOVEMENT,22
2026-09-07T15:16:58.846,12.563,5.424,13.424,-68,RECENT_MOVEMENT,22
2026-09-07T15:16:59.433,10.571,5.424,13.424,-67,RECENT_MOVEMENT,22
2026-09-07T15:17:00.019,10.836,5.424,13.424,-68,RECENT_MOVEMENT,22
2026-09-07T15:17:00.649,10.403,5.424,13.424,-68,RECENT_MOVEMENT,22
2026-09-07T15:17:01.312,8.996,5.424,13.424,-67,RECENT_MOVEMENT,22
2026-09-07T15:17:01.914,7.465,5.424,13.424,-66,RECENT_MOVEMENT,22
2026-09-07T15:17:02.553,6.406,5.424,13.424,-67,RECENT_MOVEMENT,22
2026-09-07T15:17:03.173,6.323,5.424,13.424,-68,RECENT_MOVEMENT,22
2026-09-07T15:17:03.767,5.987,5.424,13.424,-69,RECENT_MOVEMENT,22
2026-09-07T15:17:04.363,6.045,5.424,13.424,-70,RECENT_MOVEMENT,22
2026-09-07T15:17:04.971,6.983,5.424,13.424,-69,RECENT_MOVEMENT,22
2026-09-07T15:17:05.641,10.286,5.424,13.424,-71,RECENT_MOVEMENT,22
2026-09-07T15:17:06.379,18.515,5.424,13.424,-72,MOVEMENT,23
2026-09-07T15:17:06.939,19.138,5.424,13.424,-71,MOVEMENT,23
2026-09-07T15:17:07.522,17.789,5.424,13.424,-70,MOVEMENT,23
2026-09-07T15:17:08.055,15.381,5.424,13.424,-70,RECENT_MOVEMENT,23
2026-09-07T15:17:08.588,12.021,5.424,13.424,-67,RECENT_MOVEMENT,23
2026-09-07T15:17:09.165,12.384,5.424,13.424,-70,RECENT_MOVEMENT,23
2026-09-07T15:17:09.751,10.208,5.424,13.424,-69,RECENT_MOVEMENT,24
2026-09-07T15:17:10.328,16.408,5.424,13.424,-68,MOVEMENT,25
2026-09-07T15:17:10.891,20.359,5.424,13.424,-82,MOVEMENT,25
2026-09-07T15:17:11.929,16.004,5.424,13.424,-71,MOVEMENT,25
2026-09-07T15:17:12.487,14.543,5.424,13.424,-70,MOVEMENT,25
2026-09-07T15:17:13.103,8.337,5.424,13.424,-74,RECENT_MOVEMENT,25
2026-09-07T15:17:13.637,10.082,5.424,13.424,-70,RECENT_MOVEMENT,25
2026-09-07T15:17:14.232,10.609,5.424,13.424,-67,RECENT_MOVEMENT,25
2026-09-07T15:17:14.741,10.698,5.424,13.424,-71,RECENT_MOVEMENT,25
2026-09-07T15:17:15.331,10.547,5.424,13.424,-72,RECENT_MOVEMENT,25
2026-09-07T15:17:15.883,10.504,5.424,13.424,-72,RECENT_MOVEMENT,25
2026-09-07T15:17:16.505,20.879,5.424,13.424,-74,MOVEMENT,26
2026-09-07T15:17:17.025,20.414,5.424,13.424,-71,MOVEMENT,26
2026-09-07T15:17:17.530,17.629,5.424,13.424,-70,MOVEMENT,26
2026-09-07T15:17:18.096,17.103,5.424,13.424,-70,MOVEMENT,26
2026-09-07T15:17:18.681,17.414,5.424,13.424,-68,MOVEMENT,26
2026-09-07T15:17:19.218,9.873,5.424,13.424,-70,RECENT_MOVEMENT,26
2026-09-07T15:17:19.834,10.371,5.424,13.424,-72,RECENT_MOVEMENT,26
2026-09-07T15:17:20.343,11.461,5.424,13.424,-69,RECENT_MOVEMENT,26
2026-09-07T15:17:20.945,9.700,5.424,13.424,-70,RECENT_MOVEMENT,26
2026-09-07T15:17:21.572,9.849,5.424,13.424,-71,RECENT_MOVEMENT,26
2026-09-07T15:17:22.131,8.228,5.424,13.424,-72,RECENT_MOVEMENT,26
2026-09-07T15:17:22.812,6.177,5.424,13.424,-70,RECENT_MOVEMENT,26
2026-09-07T15:17:24.081,7.232,5.424,13.424,-73,RECENT_MOVEMENT,26
2026-09-07T15:17:24.715,8.358,5.424,13.424,-75,RECENT_MOVEMENT,26
2026-09-07T15:17:25.503,9.061,5.424,13.424,-79,RECENT_MOVEMENT,26
2026-09-07T15:17:26.401,19.262,5.424,13.424,-72,MOVEMENT,27
2026-09-07T15:17:28.138,9.733,5.424,13.424,-78,RECENT_MOVEMENT,27
2026-09-07T15:17:28.701,28.229,5.424,13.424,-83,MOVEMENT,28
2026-09-07T15:17:29.209,29.304,5.424,13.424,-80,MOVEMENT,28
2026-09-07T15:17:29.736,32.252,5.424,13.424,-83,MOVEMENT,28
2026-09-07T15:17:30.289,33.848,5.424,13.424,-79,MOVEMENT,28
2026-09-07T15:17:30.835,34.317,5.424,13.424,-81,MOVEMENT,28
2026-09-07T15:17:31.422,25.456,5.424,13.424,-82,MOVEMENT,28
2026-09-07T15:17:31.972,24.470,5.424,13.424,-81,MOVEMENT,28
2026-09-07T15:17:32.658,27.062,5.424,13.424,-81,MOVEMENT,28
2026-09-07T15:17:33.245,25.301,5.424,13.424,-78,MOVEMENT,28
2026-09-07T15:17:33.822,26.701,5.424,13.424,-84,MOVEMENT,28
2026-09-07T15:17:34.418,27.599,5.424,13.424,-81,MOVEMENT,28
2026-09-07T15:17:34.961,25.161,5.424,13.424,-78,MOVEMENT,28
2026-09-07T15:17:35.556,24.360,5.424,13.424,-74,MOVEMENT,28
2026-09-07T15:17:36.168,15.044,5.424,13.424,-77,MOVEMENT,28
2026-09-07T15:17:36.762,16.888,5.424,13.424,-76,MOVEMENT,28
2026-09-07T15:17:37.409,16.034,5.424,13.424,-74,MOVEMENT,28
2026-09-07T15:17:38.033,16.639,5.424,13.424,-77,MOVEMENT,28
2026-09-07T15:17:38.624,17.138,5.424,13.424,-79,MOVEMENT,28
2026-09-07T15:17:39.189,16.438,5.424,13.424,-74,MOVEMENT,28
2026-09-07T15:17:39.957,21.991,5.424,13.424,-75,MOVEMENT,28
2026-09-07T15:17:40.599,23.477,5.424,13.424,-77,MOVEMENT,28
2026-09-07T15:17:41.157,22.664,5.424,13.424,-74,MOVEMENT,28
2026-09-07T15:17:41.737,25.874,5.424,13.424,-72,MOVEMENT,28
2026-09-07T15:17:42.276,30.436,5.424,13.424,-80,MOVEMENT,28
2026-09-07T15:17:42.875,23.600,5.424,13.424,-79,MOVEMENT,28
2026-09-07T15:17:43.483,23.441,5.424,13.424,-76,MOVEMENT,28
2026-09-07T15:17:44.055,20.530,5.424,13.424,-80,MOVEMENT,28
2026-09-07T15:17:44.682,14.424,5.424,13.424,-77,MOVEMENT,28
2026-09-07T15:17:45.289,15.697,5.424,13.424,-76,MOVEMENT,28
2026-09-07T15:17:45.887,13.242,5.424,13.424,-75,RECENT_MOVEMENT,28
2026-09-07T15:17:46.484,11.229,5.424,13.424,-75,RECENT_MOVEMENT,28
2026-09-07T15:17:47.231,9.910,5.424,13.424,-71,RECENT_MOVEMENT,28
2026-09-07T15:17:47.823,14.144,5.424,13.424,-79,RECENT_MOVEMENT,28
2026-09-07T15:17:48.406,24.355,5.424,13.424,-75,MOVEMENT,29
2026-09-07T15:17:49.066,33.340,5.424,13.424,-79,MOVEMENT,29
2026-09-07T15:17:49.673,22.837,5.424,13.424,-75,MOVEMENT,29
2026-09-07T15:17:50.227,22.756,5.424,13.424,-77,MOVEMENT,29
2026-09-07T15:17:50.878,28.427,5.424,13.424,-79,MOVEMENT,29
2026-09-07T15:17:51.433,28.802,5.424,13.424,-78,MOVEMENT,29
2026-09-07T15:17:52.094,29.877,5.424,13.424,-81,MOVEMENT,29
2026-09-07T15:17:52.739,23.625,5.424,13.424,-80,MOVEMENT,29
2026-09-07T15:17:53.297,20.068,5.424,13.424,-82,MOVEMENT,29
2026-09-07T15:17:53.920,27.515,5.424,13.424,-85,MOVEMENT,29
2026-09-07T15:17:54.593,30.279,5.424,13.424,-78,MOVEMENT,29
2026-09-07T15:17:55.255,33.187,5.424,13.424,-82,MOVEMENT,29
2026-09-07T15:17:55.900,46.974,5.424,13.424,-82,MOVEMENT,29
2026-09-07T15:17:56.516,46.173,5.424,13.424,-71,MOVEMENT,29
2026-09-07T15:17:57.158,43.991,5.424,13.424,-84,MOVEMENT,29
2026-09-07T15:17:57.759,39.598,5.424,13.424,-78,MOVEMENT,29
2026-09-07T15:17:58.408,37.371,5.424,13.424,-80,MOVEMENT,29
2026-09-07T15:17:59.019,38.334,5.424,13.424,-81,MOVEMENT,29
2026-09-07T15:17:59.601,41.981,5.424,13.424,-81,MOVEMENT,29
2026-09-07T15:18:00.192,34.307,5.424,13.424,-84,MOVEMENT,29
2026-09-07T15:18:00.942,32.203,5.424,13.424,-76,MOVEMENT,29
2026-09-07T15:18:01.598,30.917,5.424,13.424,-77,MOVEMENT,29
2026-09-07T15:18:02.462,16.699,5.424,13.424,-74,MOVEMENT,29
2026-09-07T15:18:03.139,9.684,5.424,13.424,-75,RECENT_MOVEMENT,29
2026-09-07T15:18:03.779,13.495,5.424,13.424,-75,RECENT_MOVEMENT,29
2026-09-07T15:18:04.413,21.990,5.424,13.424,-74,MOVEMENT,30
2026-09-07T15:18:05.012,23.312,5.424,13.424,-77,MOVEMENT,30
2026-09-07T15:18:05.620,30.769,5.424,13.424,-78,MOVEMENT,30
2026-09-07T15:18:06.259,34.324,5.424,13.424,-74,MOVEMENT,30
2026-09-07T15:18:06.887,27.846,5.424,13.424,-79,MOVEMENT,30
2026-09-07T15:18:07.497,18.598,5.424,13.424,-77,MOVEMENT,30
2026-09-07T15:18:08.102,29.171,5.424,13.424,-76,RECENT_MOVEMENT,30
2026-09-07T15:18:08.694,30.116,5.424,13.424,-75,MOVEMENT,31
2026-09-07T15:18:09.283,31.674,5.424,13.424,-77,MOVEMENT,31
2026-09-07T15:18:10.053,46.034,5.424,13.424,-79,MOVEMENT,31
2026-09-07T15:18:10.692,41.211,5.424,13.424,-74,MOVEMENT,31
2026-09-07T15:18:11.306,27.213,5.424,13.424,-83,MOVEMENT,31
2026-09-07T15:18:11.935,34.930,5.424,13.424,-73,MOVEMENT,31
2026-09-07T15:18:12.506,41.966,5.424,13.424,-79,MOVEMENT,31
2026-09-07T15:18:13.122,41.406,5.424,13.424,-76,MOVEMENT,31
2026-09-07T15:18:13.729,30.257,5.424,13.424,-81,MOVEMENT,31
2026-09-07T15:18:14.380,32.346,5.424,13.424,-79,MOVEMENT,31
2026-09-07T15:18:15.020,35.921,5.424,13.424,-78,MOVEMENT,31
2026-09-07T15:18:15.773,34.305,5.424,13.424,-78,MOVEMENT,31
2026-09-07T15:18:16.456,24.039,5.424,13.424,-79,MOVEMENT,31
2026-09-07T15:18:17.128,31.566,5.424,13.424,-79,MOVEMENT,31
2026-09-07T15:18:18.034,27.522,5.424,13.424,-76,MOVEMENT,31
2026-09-07T15:18:18.692,26.647,5.424,13.424,-80,MOVEMENT,31
2026-09-07T15:18:19.433,33.778,5.424,13.424,-76,MOVEMENT,31
2026-09-07T15:18:20.131,43.666,5.424,13.424,-73,MOVEMENT,31
2026-09-07T15:18:20.803,40.893,5.424,13.424,-76,MOVEMENT,31
2026-09-07T15:18:21.483,23.825,5.424,13.424,-75,MOVEMENT,31
2026-09-07T15:18:22.168,15.106,5.424,13.424,-75,MOVEMENT,31
2026-09-07T15:18:22.900,21.968,5.424,13.424,-75,MOVEMENT,31
2026-09-07T15:18:23.625,18.096,5.424,13.424,-78,MOVEMENT,31
2026-09-07T15:18:24.178,15.632,5.424,13.424,-78,MOVEMENT,31
2026-09-07T15:18:24.797,16.554,5.424,13.424,-73,MOVEMENT,31
2026-09-07T15:18:25.396,32.528,5.424,13.424,-77,MOVEMENT,31
2026-09-07T15:18:26.265,43.532,5.424,13.424,-72,MOVEMENT,31
2026-09-07T15:18:26.934,29.120,5.424,13.424,-70,MOVEMENT,31
2026-09-07T15:18:27.610,17.084,5.424,13.424,-67,MOVEMENT,31
2026-09-07T15:18:28.293,16.769,5.424,13.424,-73,MOVEMENT,31
2026-09-07T15:18:28.973,14.712,5.424,13.424,-72,MOVEMENT,31
2026-09-07T15:18:29.662,12.097,5.424,13.424,-71,RECENT_MOVEMENT,31
2026-09-07T15:18:30.344,8.375,5.424,13.424,-71,RECENT_MOVEMENT,31
2026-09-07T15:18:30.987,10.766,5.424,13.424,-73,RECENT_MOVEMENT,31
2026-09-07T15:18:31.671,13.637,5.424,13.424,-75,RECENT_MOVEMENT,31
2026-09-07T15:18:32.317,15.286,5.424,13.424,-72,MOVEMENT,32
2026-09-07T15:18:33.017,15.690,5.424,13.424,-73,MOVEMENT,32
2026-09-07T15:18:33.680,18.335,5.424,13.424,-70,MOVEMENT,32
2026-09-07T15:18:34.554,17.226,5.424,13.424,-69,MOVEMENT,32
2026-09-07T15:18:35.406,14.281,5.424,13.424,-69,MOVEMENT,32
2026-09-07T15:18:36.024,25.796,5.424,13.424,-76,MOVEMENT,32
2026-09-07T15:18:36.651,33.611,5.424,13.424,-77,MOVEMENT,32
2026-09-07T15:18:37.359,43.365,5.424,13.424,-73,MOVEMENT,32
2026-09-07T15:18:38.033,37.532,5.424,13.424,-73,MOVEMENT,32
2026-09-07T15:18:38.704,30.716,5.424,13.424,-71,MOVEMENT,32
2026-09-07T15:18:39.380,33.685,5.424,13.424,-72,MOVEMENT,32
2026-09-07T15:18:40.044,31.492,5.424,13.424,-74,MOVEMENT,32
2026-09-07T15:18:40.696,36.664,5.424,13.424,-78,MOVEMENT,32
2026-09-07T15:18:41.347,37.262,5.424,13.424,-78,MOVEMENT,32
2026-09-07T15:18:42.028,39.202,5.424,13.424,-79,MOVEMENT,32
2026-09-07T15:18:42.656,43.937,5.424,13.424,-77,MOVEMENT,32
2026-09-07T15:18:43.570,32.980,5.424,13.424,-82,MOVEMENT,32
2026-09-07T15:18:44.174,30.322,5.424,13.424,-83,MOVEMENT,32
2026-09-07T15:18:44.762,36.882,5.424,13.424,-77,MOVEMENT,32
2026-09-07T15:18:45.394,36.803,5.424,13.424,-75,MOVEMENT,32
2026-09-07T15:18:46.003,32.141,5.424,13.424,-81,MOVEMENT,32
2026-09-07T15:18:46.609,29.545,5.424,13.424,-78,MOVEMENT,32
2026-09-07T15:18:47.241,14.449,5.424,13.424,-73,MOVEMENT,32
2026-09-07T15:18:47.818,16.980,5.424,13.424,-78,MOVEMENT,32
2026-09-07T15:18:48.424,15.630,5.424,13.424,-80,MOVEMENT,32
2026-09-07T15:18:49.045,22.330,5.424,13.424,-82,MOVEMENT,32
2026-09-07T15:18:49.695,26.517,5.424,13.424,-76,MOVEMENT,32
2026-09-07T15:18:50.221,28.837,5.424,13.424,-78,MOVEMENT,32
2026-09-07T15:18:50.803,28.602,5.424,13.424,-82,MOVEMENT,32
2026-09-07T15:18:51.501,39.310,5.424,13.424,-75,MOVEMENT,32
2026-09-07T15:18:52.093,40.506,5.424,13.424,-72,MOVEMENT,32
2026-09-07T15:18:52.646,33.143,5.424,13.424,-77,MOVEMENT,32
2026-09-07T15:18:53.704,32.755,5.424,13.424,-74,MOVEMENT,32
2026-09-07T15:18:54.287,28.717,5.424,13.424,-76,MOVEMENT,32
2026-09-07T15:18:54.850,28.991,5.424,13.424,-74,MOVEMENT,32
2026-09-07T15:18:55.440,27.675,5.424,13.424,-79,MOVEMENT,32
2026-09-07T15:18:55.992,32.717,5.424,13.424,-78,MOVEMENT,32
2026-09-07T15:18:56.605,36.596,5.424,13.424,-75,MOVEMENT,32
2026-09-07T15:18:57.181,37.736,5.424,13.424,-76,MOVEMENT,32
2026-09-07T15:18:57.769,35.619,5.424,13.424,-78,MOVEMENT,32
2026-09-07T15:18:58.308,22.733,5.424,13.424,-77,MOVEMENT,32
2026-09-07T15:18:58.909,24.610,5.424,13.424,-74,MOVEMENT,32
2026-09-07T15:18:59.670,31.507,5.424,13.424,-75,MOVEMENT,32
2026-09-07T15:19:00.295,27.886,5.424,13.424,-73,MOVEMENT,32
2026-09-07T15:19:00.967,20.210,5.424,13.424,-72,MOVEMENT,32
2026-09-07T15:19:01.595,18.013,5.424,13.424,-74,MOVEMENT,32
2026-09-07T15:19:02.176,16.689,5.424,13.424,-73,MOVEMENT,32
2026-09-07T15:19:02.752,8.780,5.424,13.424,-73,RECENT_MOVEMENT,32
2026-09-07T15:19:03.322,9.400,5.424,13.424,-71,RECENT_MOVEMENT,32
2026-09-07T15:19:03.951,10.894,5.424,13.424,-70,RECENT_MOVEMENT,32
2026-09-07T15:19:04.565,15.811,5.424,13.424,-70,MOVEMENT,33
2026-09-07T15:19:05.204,23.639,5.424,13.424,-75,MOVEMENT,33
2026-09-07T15:19:05.815,26.089,5.424,13.424,-73,MOVEMENT,33
2026-09-07T15:19:06.438,23.770,5.424,13.424,-74,MOVEMENT,33
2026-09-07T15:19:07.007,19.160,5.424,13.424,-72,MOVEMENT,33
2026-09-07T15:19:07.771,16.236,5.424,13.424,-71,MOVEMENT,33
2026-09-07T15:19:08.355,18.089,5.424,13.424,-69,MOVEMENT,33
2026-09-07T15:19:08.961,18.530,5.424,13.424,-74,MOVEMENT,33
2026-09-07T15:19:09.539,13.588,5.424,13.424,-73,RECENT_MOVEMENT,33
2026-09-07T15:19:10.145,16.882,5.424,13.424,-70,MOVEMENT,34
2026-09-07T15:19:10.724,13.018,5.424,13.424,-71,RECENT_MOVEMENT,34
2026-09-07T15:19:11.339,12.929,5.424,13.424,-71,RECENT_MOVEMENT,34
2026-09-07T15:19:11.951,10.384,5.424,13.424,-69,RECENT_MOVEMENT,34
2026-09-07T15:19:12.594,10.406,5.424,13.424,-70,RECENT_MOVEMENT,34
2026-09-07T15:19:13.164,12.737,5.424,13.424,-70,RECENT_MOVEMENT,34
2026-09-07T15:19:13.777,9.886,5.424,13.424,-71,RECENT_MOVEMENT,34
2026-09-07T15:19:14.372,10.173,5.424,13.424,-71,RECENT_MOVEMENT,34
2026-09-07T15:19:14.987,14.614,5.424,13.424,-74,RECENT_MOVEMENT,34
2026-09-07T15:19:15.822,19.171,5.424,13.424,-77,MOVEMENT,35
2026-09-07T15:19:16.439,17.979,5.424,13.424,-75,MOVEMENT,35
2026-09-07T15:19:17.146,14.868,5.424,13.424,-72,MOVEMENT,35
2026-09-07T15:19:17.823,15.538,5.424,13.424,-71,MOVEMENT,35
2026-09-07T15:19:18.399,16.615,5.424,13.424,-78,MOVEMENT,36
2026-09-07T15:19:18.981,18.791,5.424,13.424,-79,MOVEMENT,36
2026-09-07T15:19:19.626,19.531,5.424,13.424,-76,MOVEMENT,36
2026-09-07T15:19:20.208,17.026,5.424,13.424,-74,MOVEMENT,36
2026-09-07T15:19:20.914,22.969,5.424,13.424,-78,MOVEMENT,37
2026-09-07T15:19:21.487,23.621,5.424,13.424,-77,MOVEMENT,37
2026-09-07T15:19:22.073,25.242,5.424,13.424,-74,MOVEMENT,37
2026-09-07T15:19:22.710,23.605,5.424,13.424,-73,MOVEMENT,37
2026-09-07T15:19:23.508,16.957,5.424,13.424,-72,MOVEMENT,37
2026-09-07T15:19:24.090,16.665,5.424,13.424,-75,MOVEMENT,37
2026-09-07T15:19:24.724,17.668,5.424,13.424,-77,MOVEMENT,37
2026-09-07T15:19:25.308,22.661,5.424,13.424,-76,MOVEMENT,37
2026-09-07T15:19:25.961,24.161,5.424,13.424,-74,MOVEMENT,37
2026-09-07T15:19:26.623,31.969,5.424,13.424,-75,MOVEMENT,37
2026-09-07T15:19:27.193,28.986,5.424,13.424,-73,MOVEMENT,37
2026-09-07T15:19:27.828,29.471,5.424,13.424,-71,MOVEMENT,37
2026-09-07T15:19:28.334,21.175,5.424,13.424,-72,MOVEMENT,37
2026-09-07T15:19:28.842,21.175,5.424,13.424,-72,MOVEMENT,37
2026-09-07T15:19:29.359,11.169,5.424,13.424,-72,RECENT_MOVEMENT,37
2026-09-07T15:19:29.865,10.596,5.424,13.424,-73,RECENT_MOVEMENT,37
2026-09-07T15:19:30.497,10.216,5.424,13.424,-73,RECENT_MOVEMENT,37
2026-09-07T15:33:52.370,8.271,10.656,18.656,-73,NO_MOVEMENT,0
2026-09-07T15:33:52.952,8.310,10.656,18.656,-70,NO_MOVEMENT,0
2026-09-07T15:33:53.526,8.422,10.656,18.656,-67,NO_MOVEMENT,0
2026-09-07T15:33:54.088,9.079,10.656,18.656,-67,NO_MOVEMENT,0
2026-09-07T15:33:54.659,9.477,10.656,18.656,-66,NO_MOVEMENT,0
2026-09-07T15:33:55.234,9.172,10.656,18.656,-66,NO_MOVEMENT,0
2026-09-07T15:33:55.808,9.098,10.656,18.656,-66,NO_MOVEMENT,0
2026-09-07T15:33:56.372,9.149,10.656,18.656,-72,NO_MOVEMENT,0
2026-09-07T15:33:56.948,9.103,10.656,18.656,-71,NO_MOVEMENT,0
2026-09-07T15:33:57.522,6.972,10.656,18.656,-66,NO_MOVEMENT,0
2026-09-07T15:33:58.102,6.968,10.656,18.656,-66,NO_MOVEMENT,0
2026-09-07T15:33:58.668,7.139,10.656,18.656,-70,NO_MOVEMENT,0
2026-09-07T15:33:59.229,7.023,10.656,18.656,-67,NO_MOVEMENT,0
2026-09-07T15:33:59.804,6.290,10.656,18.656,-68,NO_MOVEMENT,0
2026-09-07T15:34:00.342,6.212,10.656,18.656,-65,NO_MOVEMENT,0
2026-09-07T15:34:00.950,6.330,10.656,18.656,-64,NO_MOVEMENT,0
2026-09-07T15:34:01.455,5.690,10.656,18.656,-65,NO_MOVEMENT,0
2026-09-07T15:34:02.015,5.779,10.656,18.656,-64,NO_MOVEMENT,0
2026-09-07T15:34:02.596,5.265,10.656,18.656,-67,NO_MOVEMENT,0
2026-09-07T15:34:03.158,5.241,10.656,18.656,-65,NO_MOVEMENT,0
2026-09-07T15:34:03.744,6.335,10.656,18.656,-65,NO_MOVEMENT,0
2026-09-07T15:34:04.306,6.335,10.656,18.656,-65,NO_MOVEMENT,0
2026-09-07T15:34:04.895,8.584,10.656,18.656,-70,NO_MOVEMENT,0
2026-09-07T15:34:05.484,8.007,10.656,18.656,-66,NO_MOVEMENT,0
2026-09-07T15:34:06.054,7.597,10.656,18.656,-63,NO_MOVEMENT,0
2026-09-07T15:34:06.626,7.554,10.656,18.656,-69,NO_MOVEMENT,0
2026-09-07T15:34:07.197,6.516,10.656,18.656,-68,NO_MOVEMENT,0
2026-09-07T15:34:07.765,6.561,10.656,18.656,-67,NO_MOVEMENT,0
2026-09-07T15:34:08.355,8.200,10.656,18.656,-68,NO_MOVEMENT,0
2026-09-07T15:34:08.914,8.363,10.656,18.656,-69,NO_MOVEMENT,0
2026-09-07T15:34:09.480,9.178,10.656,18.656,-68,NO_MOVEMENT,0
2026-09-07T15:34:10.055,8.804,10.656,18.656,-71,NO_MOVEMENT,0
2026-09-07T15:34:10.632,9.658,10.656,18.656,-71,NO_MOVEMENT,0
2026-09-07T15:34:11.204,9.334,10.656,18.656,-66,NO_MOVEMENT,0
2026-09-07T15:34:11.770,9.347,10.656,18.656,-65,NO_MOVEMENT,0
2026-09-07T15:34:12.335,9.122,10.656,18.656,-67,NO_MOVEMENT,0
2026-09-07T15:34:12.917,7.021,10.656,18.656,-66,NO_MOVEMENT,0
2026-09-07T15:34:13.485,8.361,10.656,18.656,-68,NO_MOVEMENT,0
2026-09-07T15:34:14.052,8.221,10.656,18.656,-67,NO_MOVEMENT,0
2026-09-07T15:34:14.621,7.481,10.656,18.656,-69,NO_MOVEMENT,0
2026-09-07T15:34:15.187,12.553,10.656,18.656,-69,NO_MOVEMENT,0
2026-09-07T15:34:15.778,12.553,10.656,18.656,-69,NO_MOVEMENT,0
2026-09-07T15:34:16.363,12.922,10.656,18.656,-65,NO_MOVEMENT,0
2026-09-07T15:34:16.951,12.333,10.656,18.656,-66,NO_MOVEMENT,0
2026-09-07T15:34:17.543,10.457,10.656,18.656,-66,NO_MOVEMENT,0
2026-09-07T15:34:18.124,9.924,10.656,18.656,-65,NO_MOVEMENT,0
2026-09-07T15:34:18.696,6.892,10.656,18.656,-65,NO_MOVEMENT,0
2026-09-07T15:34:19.279,6.587,10.656,18.656,-66,NO_MOVEMENT,0
2026-09-07T15:34:19.842,6.711,10.656,18.656,-67,NO_MOVEMENT,0
2026-09-07T15:34:20.398,6.711,10.656,18.656,-67,NO_MOVEMENT,0
2026-09-07T15:34:20.992,8.150,10.656,18.656,-67,NO_MOVEMENT,0
2026-09-07T15:34:21.493,6.923,10.656,18.656,-68,NO_MOVEMENT,0
2026-09-07T15:34:22.100,8.406,10.656,18.656,-67,NO_MOVEMENT,0
2026-09-07T15:34:22.680,7.231,10.656,18.656,-66,NO_MOVEMENT,0
2026-09-07T15:34:23.272,6.894,10.656,18.656,-66,NO_MOVEMENT,0
2026-09-07T15:34:23.853,5.221,10.656,18.656,-65,NO_MOVEMENT,0
2026-09-07T15:34:24.421,5.006,10.656,18.656,-66,NO_MOVEMENT,0
2026-09-07T15:34:25.008,4.979,10.656,18.656,-66,NO_MOVEMENT,0
2026-09-07T15:34:25.615,5.779,10.656,18.656,-65,NO_MOVEMENT,0
2026-09-07T15:34:26.206,5.710,10.656,18.656,-66,NO_MOVEMENT,0
2026-09-07T15:34:26.810,5.567,10.656,18.656,-66,NO_MOVEMENT,0
2026-09-07T15:35:11.257,6.948,5.716,10.384,-65,NO_MOVEMENT,0
2026-09-07T15:35:11.882,6.643,5.716,10.384,-65,NO_MOVEMENT,0
2026-09-07T15:35:12.419,6.855,5.716,10.384,-66,NO_MOVEMENT,0
2026-09-07T15:35:12.926,8.532,5.716,10.384,-66,NO_MOVEMENT,0
2026-09-07T15:35:13.433,8.749,5.716,10.384,-67,NO_MOVEMENT,0
2026-09-07T15:35:13.944,7.512,5.716,10.384,-67,NO_MOVEMENT,0
2026-09-07T15:35:14.504,6.182,5.716,10.384,-69,NO_MOVEMENT,0
2026-09-07T15:35:15.035,6.372,5.716,10.384,-69,NO_MOVEMENT,0
2026-09-07T15:35:15.585,6.140,5.716,10.384,-70,NO_MOVEMENT,0
2026-09-07T15:35:16.101,6.644,5.716,10.384,-72,NO_MOVEMENT,0
2026-09-07T15:35:16.623,9.102,5.716,10.384,-66,NO_MOVEMENT,0
2026-09-07T15:35:17.196,9.163,5.716,10.384,-69,NO_MOVEMENT,0
2026-09-07T15:35:17.705,8.990,5.716,10.384,-67,NO_MOVEMENT,0
2026-09-07T15:35:18.313,10.133,5.716,10.384,-73,NO_MOVEMENT,0
2026-09-07T15:35:18.834,10.133,5.716,10.384,-73,NO_MOVEMENT,0
2026-09-07T15:35:19.390,9.690,5.716,10.384,-67,NO_MOVEMENT,0
2026-09-07T15:35:19.913,8.847,5.716,10.384,-66,NO_MOVEMENT,0
2026-09-07T15:35:20.483,9.939,5.716,10.384,-70,NO_MOVEMENT,0
2026-09-07T15:35:21.006,10.000,5.716,10.384,-71,NO_MOVEMENT,0
2026-09-07T15:35:21.615,9.413,5.716,10.384,-72,NO_MOVEMENT,0
2026-09-07T15:35:22.129,8.661,5.716,10.384,-69,NO_MOVEMENT,0
2026-09-07T15:35:22.643,6.833,5.716,10.384,-71,NO_MOVEMENT,0
2026-09-07T15:35:23.161,8.075,5.716,10.384,-68,NO_MOVEMENT,0
2026-09-07T15:35:23.719,9.561,5.716,10.384,-69,NO_MOVEMENT,0
2026-09-07T15:35:24.281,9.284,5.716,10.384,-68,NO_MOVEMENT,0
2026-09-07T15:35:24.792,5.227,5.716,10.384,-67,NO_MOVEMENT,0
2026-09-07T15:35:25.306,4.863,5.716,10.384,-68,NO_MOVEMENT,0
2026-09-07T15:35:25.831,7.343,5.716,10.384,-71,NO_MOVEMENT,0
2026-09-07T15:35:26.390,7.252,5.716,10.384,-67,NO_MOVEMENT,0
2026-09-07T15:35:26.920,7.941,5.716,10.384,-71,NO_MOVEMENT,0
2026-09-07T15:35:27.445,8.228,5.716,10.384,-71,NO_MOVEMENT,0
2026-09-07T15:35:28.035,8.027,5.716,10.384,-68,NO_MOVEMENT,0
2026-09-07T15:35:28.636,8.309,5.716,10.384,-68,NO_MOVEMENT,0
2026-09-07T15:35:29.158,10.170,5.716,10.384,-69,NO_MOVEMENT,0
2026-09-07T15:35:29.764,9.082,5.716,10.384,-67,NO_MOVEMENT,0
2026-09-07T15:35:30.307,8.147,5.716,10.384,-66,NO_MOVEMENT,0
2026-09-07T15:35:30.897,8.303,5.716,10.384,-68,NO_MOVEMENT,0
2026-09-07T15:35:31.510,7.908,5.716,10.384,-70,NO_MOVEMENT,0
2026-09-07T15:35:32.055,11.201,5.716,10.384,-70,NO_MOVEMENT,0
2026-09-07T15:35:32.590,13.136,5.716,10.384,-70,MOVEMENT,1
2026-09-07T15:35:33.210,12.664,5.716,10.384,-70,MOVEMENT,1
2026-09-07T15:35:33.833,13.013,5.716,10.384,-71,MOVEMENT,1
2026-09-07T15:35:34.333,13.644,5.716,10.384,-73,MOVEMENT,1
2026-09-07T15:35:34.892,13.279,5.716,10.384,-68,MOVEMENT,1
2026-09-07T15:35:35.482,9.622,5.716,10.384,-70,RECENT_MOVEMENT,1
2026-09-07T15:35:36.001,8.848,5.716,10.384,-69,RECENT_MOVEMENT,1
2026-09-07T15:35:36.542,10.841,5.716,10.384,-68,MOVEMENT,2
2026-09-07T15:35:37.084,9.731,5.716,10.384,-68,RECENT_MOVEMENT,2
2026-09-07T15:35:37.634,10.261,5.716,10.384,-67,RECENT_MOVEMENT,2
2026-09-07T15:35:38.142,10.255,5.716,10.384,-69,RECENT_MOVEMENT,2
2026-09-07T15:35:38.659,10.264,5.716,10.384,-67,RECENT_MOVEMENT,2
2026-09-07T15:35:39.186,10.264,5.716,10.384,-67,RECENT_MOVEMENT,2
2026-09-07T15:35:39.724,7.524,5.716,10.384,-66,RECENT_MOVEMENT,2
2026-09-07T15:35:40.245,7.411,5.716,10.384,-66,RECENT_MOVEMENT,2
2026-09-07T15:35:40.792,7.998,5.716,10.384,-66,RECENT_MOVEMENT,2
2026-09-07T15:35:41.363,7.446,5.716,10.384,-68,RECENT_MOVEMENT,2
2026-09-07T15:35:41.922,7.805,5.716,10.384,-68,NO_MOVEMENT,2
2026-09-07T15:35:42.506,9.039,5.716,10.384,-70,NO_MOVEMENT,2
2026-09-07T15:35:43.025,9.350,5.716,10.384,-69,NO_MOVEMENT,2
2026-09-07T15:35:43.620,9.292,5.716,10.384,-68,NO_MOVEMENT,2
2026-09-07T15:35:44.165,9.292,5.716,10.384,-68,NO_MOVEMENT,2
2026-09-07T15:35:44.722,11.131,5.716,10.384,-67,MOVEMENT,3
2026-09-07T15:35:45.334,10.516,5.716,10.384,-68,MOVEMENT,3
2026-09-07T15:35:45.915,10.516,5.716,10.384,-68,MOVEMENT,3
2026-09-07T15:35:46.450,9.997,5.716,10.384,-68,RECENT_MOVEMENT,3
2026-09-07T15:35:47.014,8.915,5.716,10.384,-68,RECENT_MOVEMENT,3
2026-09-07T15:35:47.562,9.193,5.716,10.384,-66,RECENT_MOVEMENT,3
2026-09-07T15:35:48.104,9.308,5.716,10.384,-65,RECENT_MOVEMENT,3
2026-09-07T15:35:48.652,7.737,5.716,10.384,-64,RECENT_MOVEMENT,3
2026-09-07T15:35:49.179,6.811,5.716,10.384,-67,RECENT_MOVEMENT,3
2026-09-07T15:35:49.742,6.856,5.716,10.384,-67,RECENT_MOVEMENT,3
2026-09-07T15:35:50.266,8.607,5.716,10.384,-68,RECENT_MOVEMENT,3
2026-09-07T15:35:50.848,7.490,5.716,10.384,-67,NO_MOVEMENT,3
2026-09-07T15:35:51.386,7.305,5.716,10.384,-67,NO_MOVEMENT,3
2026-09-07T15:35:51.892,7.514,5.716,10.384,-66,NO_MOVEMENT,3
2026-09-07T15:35:52.516,7.841,5.716,10.384,-68,NO_MOVEMENT,3
2026-09-07T15:35:53.031,6.935,5.716,10.384,-68,NO_MOVEMENT,3
2026-09-07T15:35:53.549,6.768,5.716,10.384,-72,NO_MOVEMENT,3
2026-09-07T15:35:54.168,8.436,5.716,10.384,-70,NO_MOVEMENT,3
2026-09-07T15:35:54.698,9.547,5.716,10.384,-74,NO_MOVEMENT,3
2026-09-07T15:35:55.233,9.359,5.716,10.384,-68,NO_MOVEMENT,3
2026-09-07T15:35:55.766,8.605,5.716,10.384,-67,NO_MOVEMENT,3
2026-09-07T15:35:56.296,8.152,5.716,10.384,-67,NO_MOVEMENT,3
2026-09-07T15:35:56.797,8.889,5.716,10.384,-72,NO_MOVEMENT,3
2026-09-07T15:35:57.415,9.455,5.716,10.384,-68,NO_MOVEMENT,3
2026-09-07T15:35:57.930,9.242,5.716,10.384,-67,NO_MOVEMENT,3
2026-09-07T15:35:58.558,8.740,5.716,10.384,-66,NO_MOVEMENT,3
2026-09-07T15:35:59.185,9.924,5.716,10.384,-65,NO_MOVEMENT,3
2026-09-07T15:35:59.760,10.330,5.716,10.384,-66,NO_MOVEMENT,3
2026-09-07T15:36:00.592,7.986,5.716,10.384,-65,NO_MOVEMENT,3
2026-09-07T15:36:01.256,7.475,5.716,10.384,-65,NO_MOVEMENT,3
2026-09-07T15:36:01.768,7.475,5.716,10.384,-65,NO_MOVEMENT,3
2026-09-07T15:36:02.291,7.840,5.716,10.384,-66,NO_MOVEMENT,3
2026-09-07T15:36:02.865,6.415,5.716,10.384,-65,NO_MOVEMENT,3
2026-09-07T15:36:03.398,6.415,5.716,10.384,-65,NO_MOVEMENT,3
2026-09-07T15:36:03.940,6.408,5.716,10.384,-67,NO_MOVEMENT,3
2026-09-07T15:36:04.451,4.687,5.716,10.384,-67,NO_MOVEMENT,3
2026-09-07T15:36:05.067,5.020,5.716,10.384,-67,NO_MOVEMENT,3
2026-09-07T15:36:05.683,6.332,5.716,10.384,-66,NO_MOVEMENT,3
2026-09-07T15:36:06.302,6.298,5.716,10.384,-66,NO_MOVEMENT,3
2026-09-07T15:36:06.852,6.121,5.716,10.384,-66,NO_MOVEMENT,3
2026-09-07T15:36:07.477,5.934,5.716,10.384,-66,NO_MOVEMENT,3
2026-09-07T15:36:08.020,5.934,5.716,10.384,-66,NO_MOVEMENT,3
2026-09-07T15:36:08.634,5.842,5.716,10.384,-64,NO_MOVEMENT,3
2026-09-07T15:36:09.144,5.750,5.716,10.384,-65,NO_MOVEMENT,3
2026-09-07T15:36:09.711,4.967,5.716,10.384,-65,NO_MOVEMENT,3
2026-09-07T15:36:10.331,5.499,5.716,10.384,-66,NO_MOVEMENT,3
2026-09-07T15:36:10.924,5.475,5.716,10.384,-66,NO_MOVEMENT,3
2026-09-07T15:36:11.483,5.140,5.716,10.384,-65,NO_MOVEMENT,3
2026-09-07T15:36:11.994,5.001,5.716,10.384,-66,NO_MOVEMENT,3
2026-09-07T15:36:12.510,4.909,5.716,10.384,-66,NO_MOVEMENT,3
2026-09-07T15:36:13.066,5.172,5.716,10.384,-66,NO_MOVEMENT,3
2026-09-07T15:36:13.591,5.237,5.716,10.384,-67,NO_MOVEMENT,3
2026-09-07T15:36:14.157,6.314,5.716,10.384,-68,NO_MOVEMENT,3
2026-09-07T15:36:14.677,5.984,5.716,10.384,-67,NO_MOVEMENT,3
2026-09-07T15:36:15.275,6.455,5.716,10.384,-65,NO_MOVEMENT,3
2026-09-07T15:36:15.791,5.809,5.716,10.384,-65,NO_MOVEMENT,3
2026-09-07T15:36:16.293,5.809,5.716,10.384,-65,NO_MOVEMENT,3
2026-09-07T15:36:16.870,6.519,5.716,10.384,-67,NO_MOVEMENT,3
2026-09-07T15:36:17.431,5.528,5.716,10.384,-67,NO_MOVEMENT,3
2026-09-07T15:36:18.018,5.760,5.716,10.384,-66,NO_MOVEMENT,3
2026-09-07T15:36:18.519,5.376,5.716,10.384,-65,NO_MOVEMENT,3
2026-09-07T15:36:19.063,4.713,5.716,10.384,-67,NO_MOVEMENT,3
2026-09-07T15:36:19.608,3.811,5.716,10.384,-67,NO_MOVEMENT,3
2026-09-07T15:36:20.139,4.065,5.716,10.384,-68,NO_MOVEMENT,3
2026-09-07T15:36:20.668,4.325,5.716,10.384,-68,NO_MOVEMENT,3
2026-09-07T15:36:21.261,6.032,5.716,10.384,-69,NO_MOVEMENT,3
2026-09-07T15:36:21.868,6.764,5.716,10.384,-66,NO_MOVEMENT,3
2026-09-07T15:36:22.406,8.216,5.716,10.384,-68,NO_MOVEMENT,3
2026-09-07T15:36:22.954,9.345,5.716,10.384,-68,NO_MOVEMENT,3
2026-09-07T15:36:23.477,9.459,5.716,10.384,-70,NO_MOVEMENT,3
2026-09-07T15:36:24.047,7.411,5.716,10.384,-72,NO_MOVEMENT,3
2026-09-07T15:36:24.612,8.467,5.716,10.384,-72,NO_MOVEMENT,3
2026-09-07T15:36:25.225,7.683,5.716,10.384,-70,NO_MOVEMENT,3
2026-09-07T15:36:25.784,7.729,5.716,10.384,-72,NO_MOVEMENT,3
2026-09-07T15:36:26.312,7.717,5.716,10.384,-71,NO_MOVEMENT,3
2026-09-07T15:36:26.816,7.750,5.716,10.384,-70,NO_MOVEMENT,3
2026-09-07T15:36:27.341,7.308,5.716,10.384,-70,NO_MOVEMENT,3
2026-09-07T15:36:27.879,8.769,5.716,10.384,-69,NO_MOVEMENT,3
2026-09-07T15:36:28.394,9.489,5.716,10.384,-65,NO_MOVEMENT,3
2026-09-07T15:36:28.902,9.537,5.716,10.384,-67,NO_MOVEMENT,3
2026-09-07T15:36:29.418,8.773,5.716,10.384,-67,NO_MOVEMENT,3
2026-09-07T15:36:29.928,7.624,5.716,10.384,-67,NO_MOVEMENT,3
2026-09-07T15:36:30.463,4.943,5.716,10.384,-67,NO_MOVEMENT,3
2026-09-07T15:36:31.007,6.531,5.716,10.384,-71,NO_MOVEMENT,3
2026-09-07T15:36:31.625,8.311,5.716,10.384,-67,NO_MOVEMENT,3
2026-09-07T15:36:32.135,8.193,5.716,10.384,-68,NO_MOVEMENT,3
2026-09-07T15:36:32.670,8.129,5.716,10.384,-68,NO_MOVEMENT,3
2026-09-07T15:36:33.176,7.930,5.716,10.384,-67,NO_MOVEMENT,3
2026-09-07T15:36:33.701,7.880,5.716,10.384,-66,NO_MOVEMENT,3
2026-09-07T15:36:34.226,5.189,5.716,10.384,-66,NO_MOVEMENT,3
2026-09-07T15:36:34.732,4.928,5.716,10.384,-64,NO_MOVEMENT,3
2026-09-07T15:36:35.284,4.929,5.716,10.384,-63,NO_MOVEMENT,3
2026-09-07T15:36:35.870,4.861,5.716,10.384,-64,NO_MOVEMENT,3
2026-09-07T15:36:36.381,4.861,5.716,10.384,-64,NO_MOVEMENT,3
2026-09-07T15:36:36.923,4.467,5.716,10.384,-63,NO_MOVEMENT,3
2026-09-07T15:36:37.444,4.063,5.716,10.384,-63,NO_MOVEMENT,3
2026-09-07T15:36:37.960,4.018,5.716,10.384,-63,NO_MOVEMENT,3
2026-09-07T15:36:38.469,4.741,5.716,10.384,-66,NO_MOVEMENT,3
2026-09-07T15:36:39.084,5.826,5.716,10.384,-66,NO_MOVEMENT,3
2026-09-07T15:36:39.593,5.784,5.716,10.384,-64,NO_MOVEMENT,3
2026-09-07T15:36:40.116,5.433,5.716,10.384,-65,NO_MOVEMENT,3
2026-09-07T15:36:40.680,4.685,5.716,10.384,-65,NO_MOVEMENT,3
2026-09-07T15:36:41.289,4.003,5.716,10.384,-65,NO_MOVEMENT,3
2026-09-07T15:36:41.817,3.677,5.716,10.384,-66,NO_MOVEMENT,3
2026-09-07T15:36:42.328,3.924,5.716,10.384,-66,NO_MOVEMENT,3
2026-09-07T15:36:42.927,4.690,5.716,10.384,-65,NO_MOVEMENT,3
2026-09-07T15:36:43.473,6.180,5.716,10.384,-65,NO_MOVEMENT,3
2026-09-07T15:36:43.997,6.482,5.716,10.384,-65,NO_MOVEMENT,3
2026-09-07T15:36:44.515,5.887,5.716,10.384,-64,NO_MOVEMENT,3
2026-09-07T15:36:45.015,5.360,5.716,10.384,-65,NO_MOVEMENT,3
2026-09-07T15:36:45.543,5.228,5.716,10.384,-65,NO_MOVEMENT,3
2026-09-07T15:36:46.078,5.214,5.716,10.384,-65,NO_MOVEMENT,3
2026-09-07T15:36:46.615,4.901,5.716,10.384,-65,NO_MOVEMENT,3
2026-09-07T15:36:47.240,4.921,5.716,10.384,-65,NO_MOVEMENT,3
2026-09-07T15:36:47.779,4.452,5.716,10.384,-65,NO_MOVEMENT,3
2026-09-07T15:36:48.302,4.549,5.716,10.384,-66,NO_MOVEMENT,3
2026-09-07T15:36:48.821,4.740,5.716,10.384,-64,NO_MOVEMENT,3
2026-09-07T15:36:49.362,4.701,5.716,10.384,-65,NO_MOVEMENT,3
2026-09-07T15:36:49.912,4.901,5.716,10.384,-65,NO_MOVEMENT,3
2026-09-07T15:36:50.415,4.895,5.716,10.384,-65,NO_MOVEMENT,3
2026-09-07T15:36:50.947,4.895,5.716,10.384,-65,NO_MOVEMENT,3
2026-09-07T15:36:51.484,4.895,5.716,10.384,-65,NO_MOVEMENT,3
2026-09-07T15:36:52.075,4.949,5.716,10.384,-65,NO_MOVEMENT,3
2026-09-07T15:36:52.626,5.409,5.716,10.384,-65,NO_MOVEMENT,3
2026-09-07T15:36:53.207,4.696,5.716,10.384,-64,NO_MOVEMENT,3
2026-09-07T15:36:53.822,4.604,5.716,10.384,-65,NO_MOVEMENT,3
2026-09-07T15:36:54.353,4.604,5.716,10.384,-65,NO_MOVEMENT,3
2026-09-07T15:36:54.881,4.677,5.716,10.384,-66,NO_MOVEMENT,3
2026-09-07T15:36:55.422,4.922,5.716,10.384,-66,NO_MOVEMENT,3
2026-09-07T15:36:55.953,5.466,5.716,10.384,-67,NO_MOVEMENT,3
2026-09-07T15:36:56.503,5.253,5.716,10.384,-67,NO_MOVEMENT,3
2026-09-07T15:36:57.124,4.985,5.716,10.384,-63,NO_MOVEMENT,3
2026-09-07T15:36:57.630,4.665,5.716,10.384,-66,NO_MOVEMENT,3
2026-09-07T15:36:58.140,4.431,5.716,10.384,-65,NO_MOVEMENT,3
2026-09-07T15:36:58.760,4.342,5.716,10.384,-64,NO_MOVEMENT,3
2026-09-07T15:36:59.272,4.103,5.716,10.384,-65,NO_MOVEMENT,3
2026-09-07T15:36:59.781,4.118,5.716,10.384,-65,NO_MOVEMENT,3
2026-09-07T15:37:00.411,4.278,5.716,10.384,-65,NO_MOVEMENT,3
2026-09-07T15:37:01.006,4.450,5.716,10.384,-65,NO_MOVEMENT,3
2026-09-07T15:37:01.594,5.605,5.716,10.384,-66,NO_MOVEMENT,3
2026-09-07T15:37:02.103,5.446,5.716,10.384,-65,NO_MOVEMENT,3
2026-09-07T15:37:02.609,5.112,5.716,10.384,-66,NO_MOVEMENT,3
2026-09-07T15:37:03.133,5.186,5.716,10.384,-67,NO_MOVEMENT,3
2026-09-07T15:37:03.753,5.115,5.716,10.384,-66,NO_MOVEMENT,3
2026-09-07T15:37:04.371,5.443,5.716,10.384,-66,NO_MOVEMENT,3
2026-09-07T15:37:04.971,5.785,5.716,10.384,-65,NO_MOVEMENT,3
2026-09-07T15:37:05.474,5.955,5.716,10.384,-65,NO_MOVEMENT,3
2026-09-07T15:37:05.991,5.430,5.716,10.384,-65,NO_MOVEMENT,3
2026-09-07T15:37:06.502,6.325,5.716,10.384,-66,NO_MOVEMENT,3
2026-09-07T15:37:07.158,5.332,5.716,10.384,-66,NO_MOVEMENT,3
2026-09-07T15:37:07.769,5.332,5.716,10.384,-66,NO_MOVEMENT,3
2026-09-07T15:37:08.276,6.268,5.716,10.384,-65,NO_MOVEMENT,3
2026-09-07T15:37:08.989,6.833,5.716,10.384,-68,NO_MOVEMENT,3
2026-09-07T15:37:09.536,8.154,5.716,10.384,-67,NO_MOVEMENT,3
2026-09-07T15:37:10.134,8.861,5.716,10.384,-71,NO_MOVEMENT,3
2026-09-07T15:37:10.711,10.223,5.716,10.384,-72,NO_MOVEMENT,3
2026-09-07T15:37:11.391,11.658,5.716,10.384,-66,MOVEMENT,4
2026-09-07T15:37:12.039,8.825,5.716,10.384,-70,RECENT_MOVEMENT,4
2026-09-07T15:37:12.651,10.050,5.716,10.384,-80,RECENT_MOVEMENT,4
2026-09-07T15:37:13.271,10.706,5.716,10.384,-70,RECENT_MOVEMENT,4
2026-09-07T15:37:13.887,11.161,5.716,10.384,-67,MOVEMENT,5
2026-09-07T15:37:14.504,10.629,5.716,10.384,-70,MOVEMENT,5
2026-09-07T15:37:15.095,7.677,5.716,10.384,-67,RECENT_MOVEMENT,5
2026-09-07T15:37:15.829,6.775,5.716,10.384,-68,RECENT_MOVEMENT,5
2026-09-07T15:37:16.551,6.868,5.716,10.384,-70,RECENT_MOVEMENT,5
2026-09-07T15:37:17.561,8.294,5.716,10.384,-72,RECENT_MOVEMENT,5
2026-09-07T15:37:18.514,12.889,5.716,10.384,-71,MOVEMENT,6
2026-09-07T15:37:19.178,11.803,5.716,10.384,-71,MOVEMENT,6
2026-09-07T15:37:19.786,9.020,5.716,10.384,-74,RECENT_MOVEMENT,6
2026-09-07T15:37:20.389,10.717,5.716,10.384,-74,RECENT_MOVEMENT,6
2026-09-07T15:37:21.009,11.590,5.716,10.384,-71,MOVEMENT,7
2026-09-07T15:37:21.623,11.188,5.716,10.384,-71,MOVEMENT,7
2026-09-07T15:37:22.264,6.728,5.716,10.384,-72,RECENT_MOVEMENT,7
2026-09-07T15:37:22.921,9.069,5.716,10.384,-72,RECENT_MOVEMENT,7
2026-09-07T15:37:23.502,9.709,5.716,10.384,-69,RECENT_MOVEMENT,7
2026-09-07T15:37:24.134,14.182,5.716,10.384,-73,MOVEMENT,8
2026-09-07T15:37:24.795,14.898,5.716,10.384,-66,MOVEMENT,8
2026-09-07T15:37:25.425,13.689,5.716,10.384,-66,MOVEMENT,8
2026-09-07T15:37:26.055,8.889,5.716,10.384,-70,RECENT_MOVEMENT,8
2026-09-07T15:37:26.673,8.785,5.716,10.384,-73,RECENT_MOVEMENT,8
2026-09-07T15:37:27.256,10.036,5.716,10.384,-74,RECENT_MOVEMENT,8
2026-09-07T15:37:27.786,14.374,5.716,10.384,-74,MOVEMENT,9
2026-09-07T15:37:28.783,15.889,5.716,10.384,-73,MOVEMENT,9
2026-09-07T15:37:29.293,15.732,5.716,10.384,-71,MOVEMENT,9
2026-09-07T15:37:29.813,13.968,5.716,10.384,-68,MOVEMENT,9
2026-09-07T15:37:30.329,12.419,5.716,10.384,-71,MOVEMENT,9
2026-09-07T15:37:30.837,11.581,5.716,10.384,-70,MOVEMENT,9
2026-09-07T15:37:31.344,10.063,5.716,10.384,-70,RECENT_MOVEMENT,9
2026-09-07T15:37:31.878,10.367,5.716,10.384,-70,RECENT_MOVEMENT,9
2026-09-07T15:37:32.391,10.562,5.716,10.384,-69,MOVEMENT,10
2026-09-07T15:37:32.897,10.268,5.716,10.384,-70,RECENT_MOVEMENT,10
2026-09-07T15:37:33.420,9.286,5.716,10.384,-73,RECENT_MOVEMENT,10
2026-09-07T15:37:33.984,8.993,5.716,10.384,-70,RECENT_MOVEMENT,10
2026-09-07T15:37:34.536,8.357,5.716,10.384,-68,RECENT_MOVEMENT,10
2026-09-07T15:37:36.219,6.690,5.716,10.384,-68,RECENT_MOVEMENT,10
2026-09-07T15:37:36.794,7.664,5.716,10.384,-71,RECENT_MOVEMENT,10
2026-09-07T15:37:37.468,6.988,5.716,10.384,-70,RECENT_MOVEMENT,10
2026-09-07T15:37:38.053,6.820,5.716,10.384,-70,NO_MOVEMENT,10
2026-09-07T15:37:46.316,5.851,5.716,10.384,-67,NO_MOVEMENT,10
2026-09-07T15:37:47.833,4.470,5.716,10.384,-66,NO_MOVEMENT,10
2026-09-07T15:37:48.349,4.519,5.716,10.384,-67,NO_MOVEMENT,10
2026-09-07T15:37:48.882,4.481,5.716,10.384,-67,NO_MOVEMENT,10
2026-09-07T15:37:49.608,4.445,5.716,10.384,-67,NO_MOVEMENT,10
2026-09-07T15:37:50.199,3.707,5.716,10.384,-67,NO_MOVEMENT,10
2026-09-07T15:37:50.852,6.180,5.716,10.384,-66,NO_MOVEMENT,10
2026-09-07T15:37:51.451,6.157,5.716,10.384,-66,NO_MOVEMENT,10
2026-09-07T15:37:52.011,5.736,5.716,10.384,-66,NO_MOVEMENT,10
2026-09-07T15:37:53.157,4.909,5.716,10.384,-66,NO_MOVEMENT,10
2026-09-07T15:37:53.803,5.381,5.716,10.384,-66,NO_MOVEMENT,10
2026-09-07T15:37:54.485,5.189,5.716,10.384,-68,NO_MOVEMENT,10
2026-09-07T15:37:55.114,4.702,5.716,10.384,-66,NO_MOVEMENT,10
2026-09-07T15:37:55.705,5.664,5.716,10.384,-65,NO_MOVEMENT,10
2026-09-07T15:37:56.280,5.404,5.716,10.384,-67,NO_MOVEMENT,10
2026-09-07T15:37:56.909,4.876,5.716,10.384,-66,NO_MOVEMENT,10
2026-09-07T15:37:57.460,5.495,5.716,10.384,-66,NO_MOVEMENT,10
2026-09-07T15:37:58.051,5.436,5.716,10.384,-67,NO_MOVEMENT,10
2026-09-07T15:37:58.666,5.945,5.716,10.384,-67,NO_MOVEMENT,10
2026-09-07T15:37:59.320,5.810,5.716,10.384,-65,NO_MOVEMENT,10
2026-09-07T15:37:59.842,4.875,5.716,10.384,-64,NO_MOVEMENT,10
2026-09-07T15:38:00.473,4.000,5.716,10.384,-65,NO_MOVEMENT,10
2026-09-07T15:38:01.234,4.100,5.716,10.384,-67,NO_MOVEMENT,10
2026-09-07T15:38:01.885,4.669,5.716,10.384,-65,NO_MOVEMENT,10
2026-09-07T15:38:02.513,4.859,5.716,10.384,-66,NO_MOVEMENT,10
2026-09-07T15:38:03.168,4.965,5.716,10.384,-65,NO_MOVEMENT,10
2026-09-07T15:38:03.817,5.193,5.716,10.384,-66,NO_MOVEMENT,10
2026-09-07T15:38:04.404,5.634,5.716,10.384,-66,NO_MOVEMENT,10
2026-09-07T15:38:05.060,5.578,5.716,10.384,-67,NO_MOVEMENT,10
2026-09-07T15:38:05.611,5.694,5.716,10.384,-64,NO_MOVEMENT,10
2026-09-07T15:38:06.153,5.015,5.716,10.384,-65,NO_MOVEMENT,10
2026-09-07T15:38:06.700,4.982,5.716,10.384,-64,NO_MOVEMENT,10
2026-09-07T15:38:07.785,6.036,5.716,10.384,-63,NO_MOVEMENT,10
2026-09-07T15:38:08.310,6.087,5.716,10.384,-66,NO_MOVEMENT,10
2026-09-07T15:38:08.847,8.797,5.716,10.384,-64,NO_MOVEMENT,10
2026-09-07T15:38:09.405,9.142,5.716,10.384,-64,NO_MOVEMENT,10
2026-09-07T15:38:10.409,3.689,5.716,10.384,-65,NO_MOVEMENT,10
2026-09-07T15:38:11.407,4.191,5.716,10.384,-64,NO_MOVEMENT,10
2026-09-07T15:38:11.922,5.189,5.716,10.384,-68,NO_MOVEMENT,10
2026-09-07T15:38:12.423,6.318,5.716,10.384,-66,NO_MOVEMENT,10
2026-09-07T15:38:12.937,7.800,5.716,10.384,-66,NO_MOVEMENT,10
2026-09-07T15:38:13.474,7.956,5.716,10.384,-67,NO_MOVEMENT,10
2026-09-07T15:38:13.994,6.770,5.716,10.384,-66,NO_MOVEMENT,10
2026-09-07T15:38:14.503,7.069,5.716,10.384,-67,NO_MOVEMENT,10
2026-09-07T15:38:15.023,5.915,5.716,10.384,-67,NO_MOVEMENT,10
2026-09-07T15:38:15.612,5.701,5.716,10.384,-66,NO_MOVEMENT,10
2026-09-07T15:38:16.252,5.880,5.716,10.384,-68,NO_MOVEMENT,10
2026-09-07T15:38:16.832,6.265,5.716,10.384,-69,NO_MOVEMENT,10
2026-09-07T15:38:17.409,5.377,5.716,10.384,-69,NO_MOVEMENT,10
2026-09-07T15:38:17.993,7.199,5.716,10.384,-68,NO_MOVEMENT,10
2026-09-07T15:38:18.593,11.185,5.716,10.384,-70,NO_MOVEMENT,10
2026-09-07T15:38:19.169,17.165,5.716,10.384,-70,MOVEMENT,11
2026-09-07T15:38:19.696,17.518,5.716,10.384,-67,MOVEMENT,11
2026-09-07T15:38:20.313,15.487,5.716,10.384,-66,MOVEMENT,11
2026-09-07T15:38:20.952,6.143,5.716,10.384,-66,RECENT_MOVEMENT,11
2026-09-07T15:38:21.586,6.098,5.716,10.384,-67,RECENT_MOVEMENT,11
2026-09-07T15:38:22.122,5.232,5.716,10.384,-69,RECENT_MOVEMENT,11
2026-09-07T15:38:22.639,6.168,5.716,10.384,-71,RECENT_MOVEMENT,11
2026-09-07T15:38:23.179,7.170,5.716,10.384,-69,RECENT_MOVEMENT,11
2026-09-07T15:38:23.708,7.677,5.716,10.384,-68,RECENT_MOVEMENT,11
2026-09-07T15:38:24.231,8.528,5.716,10.384,-68,RECENT_MOVEMENT,11
2026-09-07T15:38:24.787,7.454,5.716,10.384,-70,RECENT_MOVEMENT,11
2026-09-07T15:38:25.314,6.237,5.716,10.384,-68,RECENT_MOVEMENT,11
2026-09-07T15:38:25.845,8.989,5.716,10.384,-70,RECENT_MOVEMENT,11
2026-09-07T15:38:26.400,10.340,5.716,10.384,-73,NO_MOVEMENT,11
2026-09-07T15:38:26.924,10.685,5.716,10.384,-71,NO_MOVEMENT,11
2026-09-07T15:38:27.459,11.170,5.716,10.384,-67,MOVEMENT,12
2026-09-07T15:38:28.500,6.529,5.716,10.384,-69,RECENT_MOVEMENT,12
2026-09-07T15:38:29.051,6.448,5.716,10.384,-70,RECENT_MOVEMENT,12
2026-09-07T15:38:29.568,7.261,5.716,10.384,-73,RECENT_MOVEMENT,12
2026-09-07T15:38:30.079,7.558,5.716,10.384,-73,RECENT_MOVEMENT,12
2026-09-07T15:38:30.637,10.671,5.716,10.384,-72,MOVEMENT,13
2026-09-07T15:38:31.212,16.201,5.716,10.384,-73,MOVEMENT,13
2026-09-07T15:38:31.793,14.846,5.716,10.384,-75,MOVEMENT,13
2026-09-07T15:38:32.390,14.942,5.716,10.384,-72,MOVEMENT,13
2026-09-07T15:38:32.966,7.480,5.716,10.384,-72,RECENT_MOVEMENT,13
2026-09-07T15:38:33.556,7.684,5.716,10.384,-67,RECENT_MOVEMENT,13
2026-09-07T15:38:34.113,8.103,5.716,10.384,-70,RECENT_MOVEMENT,13
2026-09-07T15:38:34.676,8.182,5.716,10.384,-66,RECENT_MOVEMENT,13
2026-09-07T15:38:35.281,7.366,5.716,10.384,-69,RECENT_MOVEMENT,13
2026-09-07T15:38:35.843,6.552,5.716,10.384,-67,RECENT_MOVEMENT,13
2026-09-07T15:38:36.392,14.889,5.716,10.384,-72,RECENT_MOVEMENT,13
2026-09-07T15:38:36.971,14.415,5.716,10.384,-67,MOVEMENT,14
2026-09-07T15:38:37.548,13.448,5.716,10.384,-67,MOVEMENT,14
2026-09-07T15:38:38.128,6.378,5.716,10.384,-70,RECENT_MOVEMENT,14
2026-09-07T15:38:38.646,7.792,5.716,10.384,-67,RECENT_MOVEMENT,14
2026-09-07T15:38:39.232,7.685,5.716,10.384,-68,RECENT_MOVEMENT,14
2026-09-07T15:38:39.833,6.818,5.716,10.384,-67,RECENT_MOVEMENT,14
2026-09-07T15:38:40.440,6.077,5.716,10.384,-69,RECENT_MOVEMENT,14
2026-09-07T15:38:41.107,4.637,5.716,10.384,-69,RECENT_MOVEMENT,14
2026-09-07T15:38:41.696,7.522,5.716,10.384,-67,RECENT_MOVEMENT,14
2026-09-07T15:38:42.344,9.568,5.716,10.384,-69,RECENT_MOVEMENT,14
2026-09-07T15:38:42.957,9.579,5.716,10.384,-68,RECENT_MOVEMENT,14
2026-09-07T15:38:43.587,7.624,5.716,10.384,-66,NO_MOVEMENT,14
2026-09-07T15:38:44.215,6.254,5.716,10.384,-67,NO_MOVEMENT,14
2026-09-07T15:38:44.830,5.654,5.716,10.384,-68,NO_MOVEMENT,14
2026-09-07T15:38:45.419,5.356,5.716,10.384,-66,NO_MOVEMENT,14
2026-09-07T15:38:46.020,5.592,5.716,10.384,-65,NO_MOVEMENT,14
2026-09-07T15:38:46.618,6.243,5.716,10.384,-65,NO_MOVEMENT,14
2026-09-07T15:38:47.221,6.427,5.716,10.384,-66,NO_MOVEMENT,14
2026-09-07T15:38:47.826,5.701,5.716,10.384,-65,NO_MOVEMENT,14
2026-09-07T15:38:48.443,4.172,5.716,10.384,-65,NO_MOVEMENT,14
2026-09-07T15:38:49.038,5.618,5.716,10.384,-65,NO_MOVEMENT,14
2026-09-07T15:38:49.630,6.259,5.716,10.384,-67,NO_MOVEMENT,14
2026-09-07T15:38:50.652,8.152,5.716,10.384,-65,NO_MOVEMENT,14
2026-09-07T15:38:51.191,9.556,5.716,10.384,-65,NO_MOVEMENT,14
2026-09-07T15:38:52.554,4.627,5.716,10.384,-68,NO_MOVEMENT,14
2026-09-07T15:38:53.159,5.554,5.716,10.384,-68,NO_MOVEMENT,14
2026-09-07T15:38:53.808,6.576,5.716,10.384,-68,NO_MOVEMENT,14
2026-09-07T15:38:54.370,6.170,5.716,10.384,-66,NO_MOVEMENT,14
2026-09-07T15:38:54.939,5.119,5.716,10.384,-67,NO_MOVEMENT,14
2026-09-07T15:38:55.480,4.712,5.716,10.384,-66,NO_MOVEMENT,14
2026-09-07T15:38:56.070,4.869,5.716,10.384,-64,NO_MOVEMENT,14
2026-09-07T15:38:56.617,5.067,5.716,10.384,-67,NO_MOVEMENT,14
2026-09-07T15:38:57.215,4.859,5.716,10.384,-68,NO_MOVEMENT,14
2026-09-07T15:38:57.744,5.237,5.716,10.384,-68,NO_MOVEMENT,14
2026-09-07T15:38:58.306,4.990,5.716,10.384,-68,NO_MOVEMENT,14
2026-09-07T15:38:58.877,4.551,5.716,10.384,-66,NO_MOVEMENT,14
2026-09-07T15:38:59.418,3.801,5.716,10.384,-67,NO_MOVEMENT,14
2026-09-07T15:38:59.925,4.601,5.716,10.384,-67,NO_MOVEMENT,14
2026-09-07T15:39:00.484,4.366,5.716,10.384,-65,NO_MOVEMENT,14
2026-09-07T15:39:01.094,4.723,5.716,10.384,-66,NO_MOVEMENT,14
2026-09-07T15:39:01.702,3.941,5.716,10.384,-66,NO_MOVEMENT,14
2026-09-07T15:39:02.265,3.639,5.716,10.384,-66,NO_MOVEMENT,14
2026-09-07T15:39:02.822,5.504,5.716,10.384,-66,NO_MOVEMENT,14
2026-09-07T15:39:03.333,5.648,5.716,10.384,-65,NO_MOVEMENT,14
2026-09-07T15:39:03.890,6.837,5.716,10.384,-65,NO_MOVEMENT,14
2026-09-07T15:39:04.484,5.293,5.716,10.384,-66,NO_MOVEMENT,14
2026-09-07T15:39:05.014,5.382,5.716,10.384,-66,NO_MOVEMENT,14
2026-09-07T15:39:05.570,5.500,5.716,10.384,-66,NO_MOVEMENT,14
2026-09-07T15:39:06.135,4.244,5.716,10.384,-65,NO_MOVEMENT,14
2026-09-07T15:39:06.671,4.554,5.716,10.384,-66,NO_MOVEMENT,14
2026-09-07T15:39:07.215,7.812,5.716,10.384,-69,NO_MOVEMENT,14
2026-09-07T15:39:07.781,7.942,5.716,10.384,-64,NO_MOVEMENT,14
2026-09-07T15:39:08.339,7.102,5.716,10.384,-65,NO_MOVEMENT,14
2026-09-07T15:39:08.889,5.369,5.716,10.384,-67,NO_MOVEMENT,14
2026-09-07T15:39:09.447,4.615,5.716,10.384,-65,NO_MOVEMENT,14
2026-09-07T15:39:10.012,6.357,5.716,10.384,-65,NO_MOVEMENT,14
2026-09-07T15:39:10.512,6.234,5.716,10.384,-65,NO_MOVEMENT,14
2026-09-07T15:39:11.051,5.197,5.716,10.384,-67,NO_MOVEMENT,14
2026-09-07T15:39:11.630,5.902,5.716,10.384,-66,NO_MOVEMENT,14
2026-09-07T15:39:12.163,6.405,5.716,10.384,-67,NO_MOVEMENT,14
2026-09-07T15:39:12.696,6.326,5.716,10.384,-66,NO_MOVEMENT,14
2026-09-07T15:39:13.256,6.298,5.716,10.384,-66,NO_MOVEMENT,14
2026-09-07T15:39:13.798,6.012,5.716,10.384,-67,NO_MOVEMENT,14
2026-09-07T15:39:14.299,5.787,5.716,10.384,-65,NO_MOVEMENT,14
2026-09-07T15:39:15.229,7.005,5.716,10.384,-66,NO_MOVEMENT,14
2026-09-07T15:39:15.818,6.111,5.716,10.384,-67,NO_MOVEMENT,14
2026-09-07T15:39:16.366,6.771,5.716,10.384,-68,NO_MOVEMENT,14
2026-09-07T15:39:16.935,5.312,5.716,10.384,-66,NO_MOVEMENT,14
2026-09-07T15:39:17.553,5.272,5.716,10.384,-66,NO_MOVEMENT,14
2026-09-07T15:39:18.081,5.131,5.716,10.384,-67,NO_MOVEMENT,14
2026-09-07T15:39:18.592,5.659,5.716,10.384,-68,NO_MOVEMENT,14
2026-09-07T15:39:19.167,8.889,5.716,10.384,-70,NO_MOVEMENT,14
2026-09-07T15:39:19.766,9.163,5.716,10.384,-67,NO_MOVEMENT,14
2026-09-07T15:39:20.316,11.115,5.716,10.384,-71,MOVEMENT,15
2026-09-07T15:39:20.956,10.511,5.716,10.384,-69,MOVEMENT,15
2026-09-07T15:39:21.577,11.015,5.716,10.384,-71,MOVEMENT,15
2026-09-07T15:39:22.188,10.271,5.716,10.384,-69,RECENT_MOVEMENT,15
2026-09-07T15:39:22.804,10.357,5.716,10.384,-70,RECENT_MOVEMENT,15
2026-09-07T15:39:23.381,10.895,5.716,10.384,-70,RECENT_MOVEMENT,15
2026-09-07T15:39:23.911,11.160,5.716,10.384,-69,MOVEMENT,16
2026-09-07T15:39:24.486,10.083,5.716,10.384,-69,RECENT_MOVEMENT,16
2026-09-07T15:39:25.045,11.134,5.716,10.384,-73,MOVEMENT,17
2026-09-07T15:39:25.632,10.278,5.716,10.384,-69,RECENT_MOVEMENT,17
2026-09-07T15:39:26.227,13.295,5.716,10.384,-70,MOVEMENT,18
2026-09-07T15:39:26.814,9.476,5.716,10.384,-69,RECENT_MOVEMENT,18
2026-09-07T15:39:27.405,8.051,5.716,10.384,-68,RECENT_MOVEMENT,18
2026-09-07T15:39:27.979,7.439,5.716,10.384,-68,RECENT_MOVEMENT,18
2026-09-07T15:39:28.604,7.228,5.716,10.384,-67,RECENT_MOVEMENT,18
2026-09-07T15:39:29.153,4.913,5.716,10.384,-70,RECENT_MOVEMENT,18
2026-09-07T15:39:30.040,5.093,5.716,10.384,-69,RECENT_MOVEMENT,18
2026-09-07T15:39:31.023,5.767,5.716,10.384,-69,RECENT_MOVEMENT,18
2026-09-07T15:39:31.953,5.301,5.716,10.384,-68,NO_MOVEMENT,18
2026-09-07T15:39:32.475,6.358,5.716,10.384,-71,NO_MOVEMENT,18
2026-09-07T15:39:33.488,6.233,5.716,10.384,-70,NO_MOVEMENT,18
2026-09-07T15:39:34.012,5.609,5.716,10.384,-67,NO_MOVEMENT,18
2026-09-07T15:39:34.600,3.947,5.716,10.384,-67,NO_MOVEMENT,18
2026-09-07T15:39:35.174,5.543,5.716,10.384,-67,NO_MOVEMENT,18
2026-09-07T15:39:35.740,6.631,5.716,10.384,-66,NO_MOVEMENT,18
2026-09-07T15:39:36.339,6.670,5.716,10.384,-67,NO_MOVEMENT,18
2026-09-07T15:39:36.895,6.232,5.716,10.384,-67,NO_MOVEMENT,18
2026-09-07T15:39:37.503,4.392,5.716,10.384,-67,NO_MOVEMENT,18
2026-09-07T15:39:38.059,7.081,5.716,10.384,-67,NO_MOVEMENT,18
2026-09-07T15:39:38.591,7.329,5.716,10.384,-65,NO_MOVEMENT,18
2026-09-07T15:39:39.166,7.722,5.716,10.384,-67,NO_MOVEMENT,18
2026-09-07T15:39:39.760,6.767,5.716,10.384,-67,NO_MOVEMENT,18
2026-09-07T15:39:40.353,5.235,5.716,10.384,-66,NO_MOVEMENT,18
2026-09-07T15:39:40.986,6.821,5.716,10.384,-65,NO_MOVEMENT,18
2026-09-07T15:39:41.607,5.399,5.716,10.384,-65,NO_MOVEMENT,18
2026-09-07T15:39:42.154,5.810,5.716,10.384,-65,NO_MOVEMENT,18
2026-09-07T15:39:42.707,5.670,5.716,10.384,-66,NO_MOVEMENT,18
2026-09-07T15:39:43.296,6.064,5.716,10.384,-65,NO_MOVEMENT,18
2026-09-07T15:39:43.880,7.167,5.716,10.384,-67,NO_MOVEMENT,18
2026-09-07T15:39:44.401,8.510,5.716,10.384,-68,NO_MOVEMENT,18
2026-09-07T15:39:44.904,8.321,5.716,10.384,-65,NO_MOVEMENT,18
2026-09-07T15:39:45.446,9.171,5.716,10.384,-65,NO_MOVEMENT,18
2026-09-07T15:39:45.958,9.516,5.716,10.384,-66,NO_MOVEMENT,18
2026-09-07T15:39:46.994,10.945,5.716,10.384,-67,MOVEMENT,19
2026-09-07T15:39:47.529,9.138,5.716,10.384,-66,RECENT_MOVEMENT,19
2026-09-07T15:39:48.122,7.277,5.716,10.384,-66,RECENT_MOVEMENT,19
2026-09-07T15:39:49.159,9.169,5.716,10.384,-66,RECENT_MOVEMENT,19
2026-09-07T15:39:49.717,9.339,5.716,10.384,-67,RECENT_MOVEMENT,19
2026-09-07T15:39:50.288,9.275,5.716,10.384,-66,RECENT_MOVEMENT,19
2026-09-07T15:39:50.865,8.623,5.716,10.384,-65,RECENT_MOVEMENT,19
2026-09-07T15:39:51.850,10.252,5.716,10.384,-65,RECENT_MOVEMENT,19
2026-09-07T15:39:52.408,8.962,5.716,10.384,-66,RECENT_MOVEMENT,19
2026-09-07T15:39:53.002,7.824,5.716,10.384,-67,NO_MOVEMENT,19
2026-09-07T15:39:53.606,7.142,5.716,10.384,-67,NO_MOVEMENT,19
2026-09-07T15:39:54.183,6.612,5.716,10.384,-67,NO_MOVEMENT,19
2026-09-07T15:39:54.755,6.642,5.716,10.384,-65,NO_MOVEMENT,19
2026-09-07T15:39:55.355,6.674,5.716,10.384,-65,NO_MOVEMENT,19
2026-09-07T15:39:55.888,5.189,5.716,10.384,-66,NO_MOVEMENT,19
2026-09-07T15:39:56.425,6.190,5.716,10.384,-67,NO_MOVEMENT,19
2026-09-07T15:39:56.973,6.310,5.716,10.384,-67,NO_MOVEMENT,19
2026-09-07T15:39:57.530,7.206,5.716,10.384,-68,NO_MOVEMENT,19
2026-09-07T15:39:59.015,5.243,5.716,10.384,-66,NO_MOVEMENT,19
2026-09-07T15:39:59.618,5.295,5.716,10.384,-65,NO_MOVEMENT,19
2026-09-07T15:40:00.148,4.438,5.716,10.384,-65,NO_MOVEMENT,19
2026-09-07T15:40:01.149,4.686,5.716,10.384,-66,NO_MOVEMENT,19
2026-09-07T15:40:01.875,5.635,5.716,10.384,-67,NO_MOVEMENT,19
2026-09-07T15:40:02.434,6.246,5.716,10.384,-66,NO_MOVEMENT,19
2026-09-07T15:40:02.948,6.710,5.716,10.384,-66,NO_MOVEMENT,19
2026-09-07T15:40:03.493,7.543,5.716,10.384,-65,NO_MOVEMENT,19
2026-09-07T15:40:04.026,5.288,5.716,10.384,-64,NO_MOVEMENT,19
2026-09-07T15:40:04.560,4.600,5.716,10.384,-65,NO_MOVEMENT,19
2026-09-07T15:40:05.127,3.738,5.716,10.384,-66,NO_MOVEMENT,19
2026-09-07T15:40:05.655,4.434,5.716,10.384,-66,NO_MOVEMENT,19
2026-09-07T15:40:06.605,4.903,5.716,10.384,-65,NO_MOVEMENT,19
2026-09-07T15:40:07.595,4.484,5.716,10.384,-67,NO_MOVEMENT,19
2026-09-07T15:40:08.190,4.161,5.716,10.384,-67,NO_MOVEMENT,19
2026-09-07T15:40:08.773,4.257,5.716,10.384,-66,NO_MOVEMENT,19
2026-09-07T15:40:10.092,4.731,5.716,10.384,-65,NO_MOVEMENT,19
2026-09-07T15:40:11.858,12.903,5.716,10.384,-70,MOVEMENT,20
2026-09-07T15:40:12.901,13.447,5.716,10.384,-69,MOVEMENT,20
2026-09-07T15:40:16.450,12.756,5.716,10.384,-67,MOVEMENT,20
2026-09-07T15:40:21.939,11.603,5.716,10.384,-68,MOVEMENT,21
2026-09-07T15:40:23.604,5.124,5.716,10.384,-66,RECENT_MOVEMENT,21
2026-09-07T15:40:24.283,6.100,5.716,10.384,-68,RECENT_MOVEMENT,21
2026-09-07T15:40:24.904,7.036,5.716,10.384,-70,RECENT_MOVEMENT,21
2026-09-07T15:40:25.547,10.753,5.716,10.384,-72,RECENT_MOVEMENT,21
2026-09-07T15:40:26.297,11.245,5.716,10.384,-69,RECENT_MOVEMENT,22
2026-09-07T15:40:26.969,11.752,5.716,10.384,-68,MOVEMENT,23
2026-09-07T15:40:27.690,8.864,5.716,10.384,-68,RECENT_MOVEMENT,23
2026-09-07T15:40:28.364,6.623,5.716,10.384,-68,RECENT_MOVEMENT,23
2026-09-07T15:40:29.023,5.678,5.716,10.384,-69,RECENT_MOVEMENT,23
2026-09-07T15:40:29.665,6.159,5.716,10.384,-70,RECENT_MOVEMENT,23
2026-09-07T15:40:30.365,9.148,5.716,10.384,-68,RECENT_MOVEMENT,23
2026-09-07T15:40:31.002,13.871,5.716,10.384,-71,MOVEMENT,24
2026-09-07T15:40:31.609,10.541,5.716,10.384,-69,MOVEMENT,24
2026-09-07T15:40:32.202,10.268,5.716,10.384,-73,RECENT_MOVEMENT,24
2026-09-07T15:40:32.834,11.798,5.716,10.384,-76,MOVEMENT,25
2026-09-07T15:40:33.401,10.259,5.716,10.384,-75,RECENT_MOVEMENT,25
2026-09-07T15:40:33.920,11.059,5.716,10.384,-77,RECENT_MOVEMENT,25
2026-09-07T15:40:34.489,11.098,5.716,10.384,-77,MOVEMENT,26
2026-09-07T15:40:35.064,12.424,5.716,10.384,-75,MOVEMENT,26
2026-09-07T15:40:36.122,18.486,5.716,10.384,-78,MOVEMENT,26
2026-09-07T15:40:36.638,28.537,5.716,10.384,-77,MOVEMENT,26
2026-09-07T15:40:37.185,23.522,5.716,10.384,-79,MOVEMENT,26
2026-09-07T15:40:37.746,22.259,5.716,10.384,-75,MOVEMENT,26
2026-09-07T15:40:38.361,17.521,5.716,10.384,-72,MOVEMENT,26
2026-09-07T15:40:38.968,17.610,5.716,10.384,-71,MOVEMENT,26
2026-09-07T15:40:39.544,15.226,5.716,10.384,-70,MOVEMENT,26
2026-09-07T15:40:40.134,14.399,5.716,10.384,-71,MOVEMENT,26
2026-09-07T15:40:40.687,7.008,5.716,10.384,-72,RECENT_MOVEMENT,26
2026-09-07T15:40:41.220,9.046,5.716,10.384,-74,RECENT_MOVEMENT,26
2026-09-07T15:40:41.805,7.673,5.716,10.384,-74,RECENT_MOVEMENT,26
2026-09-07T15:40:42.413,12.579,5.716,10.384,-74,MOVEMENT,27
2026-09-07T15:40:42.994,13.437,5.716,10.384,-73,MOVEMENT,27
2026-09-07T15:40:43.606,9.341,5.716,10.384,-73,RECENT_MOVEMENT,27
2026-09-07T15:40:44.183,9.474,5.716,10.384,-72,RECENT_MOVEMENT,27
2026-09-07T15:40:44.742,10.464,5.716,10.384,-71,MOVEMENT,28
2026-09-07T15:40:45.323,9.698,5.716,10.384,-67,RECENT_MOVEMENT,28
2026-09-07T15:40:45.894,13.162,5.716,10.384,-75,MOVEMENT,29
2026-09-07T15:40:46.516,17.444,5.716,10.384,-71,MOVEMENT,29
2026-09-07T15:40:47.107,18.303,5.716,10.384,-73,MOVEMENT,29
2026-09-07T15:40:47.681,18.059,5.716,10.384,-70,MOVEMENT,29
2026-09-07T15:40:48.249,14.348,5.716,10.384,-70,MOVEMENT,29
2026-09-07T15:40:48.911,8.668,5.716,10.384,-71,RECENT_MOVEMENT,29
2026-09-07T15:40:49.501,11.020,5.716,10.384,-74,MOVEMENT,30
2026-09-07T15:40:50.115,12.321,5.716,10.384,-67,MOVEMENT,30
2026-09-07T15:40:50.734,17.424,5.716,10.384,-74,MOVEMENT,30
2026-09-07T15:40:51.285,16.449,5.716,10.384,-71,MOVEMENT,30
2026-09-07T15:40:51.886,15.809,5.716,10.384,-67,MOVEMENT,30
2026-09-07T15:40:52.516,12.390,5.716,10.384,-68,MOVEMENT,30
2026-09-07T15:40:53.055,7.248,5.716,10.384,-69,RECENT_MOVEMENT,30
2026-09-07T15:40:53.645,5.090,5.716,10.384,-67,RECENT_MOVEMENT,30
2026-09-07T15:40:54.274,5.820,5.716,10.384,-70,RECENT_MOVEMENT,30
2026-09-07T15:40:54.849,6.931,5.716,10.384,-67,RECENT_MOVEMENT,30
2026-09-07T15:40:55.410,6.072,5.716,10.384,-69,RECENT_MOVEMENT,30
2026-09-07T15:40:55.976,5.165,5.716,10.384,-66,RECENT_MOVEMENT,30
2026-09-07T15:40:56.576,5.307,5.716,10.384,-69,RECENT_MOVEMENT,30
2026-09-07T15:40:57.172,5.305,5.716,10.384,-66,RECENT_MOVEMENT,30
2026-09-07T15:40:57.762,4.341,5.716,10.384,-66,NO_MOVEMENT,30
2026-09-07T15:40:58.367,7.520,5.716,10.384,-71,NO_MOVEMENT,30
2026-09-07T15:40:58.976,7.885,5.716,10.384,-67,NO_MOVEMENT,30
2026-09-07T15:40:59.578,12.048,5.716,10.384,-73,NO_MOVEMENT,30
2026-09-07T15:41:00.235,19.889,5.716,10.384,-72,MOVEMENT,31
2026-09-07T15:41:00.950,16.970,5.716,10.384,-68,MOVEMENT,31
2026-09-07T15:41:01.613,14.904,5.716,10.384,-68,MOVEMENT,31
2026-09-07T15:41:02.200,10.403,5.716,10.384,-69,MOVEMENT,31
2026-09-07T15:41:02.777,8.487,5.716,10.384,-67,RECENT_MOVEMENT,31
2026-09-07T15:41:03.373,9.837,5.716,10.384,-67,RECENT_MOVEMENT,31
2026-09-07T15:41:03.946,7.816,5.716,10.384,-67,RECENT_MOVEMENT,31
2026-09-07T15:41:04.466,7.922,5.716,10.384,-67,RECENT_MOVEMENT,31
2026-09-07T15:41:04.973,8.663,5.716,10.384,-67,RECENT_MOVEMENT,31
2026-09-07T15:41:05.539,7.305,5.716,10.384,-67,RECENT_MOVEMENT,31
2026-09-07T15:41:06.089,7.572,5.716,10.384,-68,RECENT_MOVEMENT,31
2026-09-07T15:41:06.652,6.976,5.716,10.384,-67,RECENT_MOVEMENT,31
2026-09-07T15:41:07.188,6.295,5.716,10.384,-67,RECENT_MOVEMENT,31
2026-09-07T15:41:07.741,6.494,5.716,10.384,-67,NO_MOVEMENT,31
2026-09-07T15:41:08.294,6.484,5.716,10.384,-66,NO_MOVEMENT,31
2026-09-07T15:41:08.823,5.950,5.716,10.384,-67,NO_MOVEMENT,31
2026-09-07T15:41:09.341,6.191,5.716,10.384,-67,NO_MOVEMENT,31
2026-09-07T15:41:09.895,6.693,5.716,10.384,-68,NO_MOVEMENT,31
2026-09-07T15:41:10.472,7.741,5.716,10.384,-69,NO_MOVEMENT,31
2026-09-07T15:41:10.984,7.819,5.716,10.384,-68,NO_MOVEMENT,31
2026-09-07T15:41:11.512,7.475,5.716,10.384,-67,NO_MOVEMENT,31
2026-09-07T15:41:12.045,8.792,5.716,10.384,-68,NO_MOVEMENT,31
2026-09-07T15:41:12.620,8.732,5.716,10.384,-69,NO_MOVEMENT,31
2026-09-07T15:41:13.196,8.495,5.716,10.384,-68,NO_MOVEMENT,31
2026-09-07T15:41:13.751,6.992,5.716,10.384,-68,NO_MOVEMENT,31
2026-09-07T15:41:14.287,5.010,5.716,10.384,-67,NO_MOVEMENT,31
2026-09-07T15:41:15.166,7.516,5.716,10.384,-68,NO_MOVEMENT,31
2026-09-07T15:41:15.738,7.450,5.716,10.384,-68,NO_MOVEMENT,31
2026-09-07T15:41:16.306,9.500,5.716,10.384,-69,NO_MOVEMENT,31
2026-09-07T15:41:17.322,10.903,5.716,10.384,-68,MOVEMENT,32
2026-09-07T15:41:18.225,10.480,5.716,10.384,-67,MOVEMENT,32
2026-09-07T15:41:19.262,11.234,5.716,10.384,-70,MOVEMENT,32
2026-09-07T15:41:19.772,11.491,5.716,10.384,-69,MOVEMENT,32
2026-09-07T15:41:20.352,9.309,5.716,10.384,-67,RECENT_MOVEMENT,32
2026-09-07T15:41:20.975,8.111,5.716,10.384,-67,RECENT_MOVEMENT,32
2026-09-07T15:41:21.837,7.202,5.716,10.384,-70,RECENT_MOVEMENT,32
2026-09-07T15:41:22.377,8.572,5.716,10.384,-70,RECENT_MOVEMENT,32
2026-09-07T15:41:23.143,9.037,5.716,10.384,-71,RECENT_MOVEMENT,32
2026-09-07T15:41:23.680,8.868,5.716,10.384,-69,RECENT_MOVEMENT,32
2026-09-07T15:41:24.277,9.891,5.716,10.384,-69,RECENT_MOVEMENT,32
2026-09-07T15:41:24.830,8.702,5.716,10.384,-70,RECENT_MOVEMENT,32
2026-09-07T15:41:25.805,9.588,5.716,10.384,-69,NO_MOVEMENT,32
2026-09-07T15:41:26.337,9.052,5.716,10.384,-69,NO_MOVEMENT,32
2026-09-07T15:41:26.858,10.375,5.716,10.384,-69,NO_MOVEMENT,32
2026-09-07T15:41:27.442,10.671,5.716,10.384,-69,MOVEMENT,33
2026-09-07T15:41:28.029,9.738,5.716,10.384,-70,RECENT_MOVEMENT,33
2026-09-07T15:41:28.599,9.171,5.716,10.384,-67,RECENT_MOVEMENT,33
2026-09-07T15:41:29.244,8.467,5.716,10.384,-68,RECENT_MOVEMENT,33
2026-09-07T15:41:29.900,8.841,5.716,10.384,-67,RECENT_MOVEMENT,33
2026-09-07T15:41:30.548,11.894,5.716,10.384,-69,RECENT_MOVEMENT,33
2026-09-07T15:41:31.178,11.629,5.716,10.384,-68,MOVEMENT,34
2026-09-07T15:41:31.825,11.159,5.716,10.384,-71,MOVEMENT,34
2026-09-07T15:41:32.459,9.593,5.716,10.384,-69,RECENT_MOVEMENT,34
2026-09-07T15:41:33.080,10.489,5.716,10.384,-69,RECENT_MOVEMENT,34
2026-09-07T15:41:33.726,11.335,5.716,10.384,-73,RECENT_MOVEMENT,35
2026-09-07T15:41:34.376,9.403,5.716,10.384,-66,RECENT_MOVEMENT,36
2026-09-07T15:41:35.004,9.107,5.716,10.384,-67,RECENT_MOVEMENT,36
2026-09-07T15:41:35.667,6.096,5.716,10.384,-66,RECENT_MOVEMENT,36
2026-09-07T15:41:36.252,5.827,5.716,10.384,-67,RECENT_MOVEMENT,36
2026-09-07T15:41:37.268,8.816,5.716,10.384,-67,RECENT_MOVEMENT,36
2026-09-07T15:41:37.909,8.095,5.716,10.384,-67,RECENT_MOVEMENT,36
2026-09-07T15:41:38.517,7.167,5.716,10.384,-67,RECENT_MOVEMENT,36
2026-09-07T15:41:39.121,5.760,5.716,10.384,-67,RECENT_MOVEMENT,36
2026-09-07T15:41:39.685,5.667,5.716,10.384,-68,NO_MOVEMENT,36
2026-09-07T15:41:40.214,8.447,5.716,10.384,-68,NO_MOVEMENT,36
2026-09-07T15:41:40.779,11.759,5.716,10.384,-68,MOVEMENT,37
2026-09-07T15:41:41.319,12.722,5.716,10.384,-68,MOVEMENT,37
2026-09-07T15:41:41.950,11.564,5.716,10.384,-67,MOVEMENT,37
2026-09-07T15:41:42.571,9.960,5.716,10.384,-67,RECENT_MOVEMENT,37
2026-09-07T15:41:43.221,9.614,5.716,10.384,-68,RECENT_MOVEMENT,38
2026-09-07T15:41:43.872,10.468,5.716,10.384,-67,MOVEMENT,39
2026-09-07T15:41:44.541,7.077,5.716,10.384,-67,RECENT_MOVEMENT,39
2026-09-07T15:41:45.213,4.765,5.716,10.384,-66,RECENT_MOVEMENT,39
2026-09-07T15:41:45.831,4.439,5.716,10.384,-66,RECENT_MOVEMENT,39
2026-09-07T15:41:46.459,6.817,5.716,10.384,-66,RECENT_MOVEMENT,39
2026-09-07T15:41:47.002,6.718,5.716,10.384,-66,RECENT_MOVEMENT,39
2026-09-07T15:41:47.591,6.525,5.716,10.384,-65,RECENT_MOVEMENT,39
2026-09-07T15:41:48.132,5.721,5.716,10.384,-66,RECENT_MOVEMENT,39
2026-09-07T15:41:48.723,4.493,5.716,10.384,-68,RECENT_MOVEMENT,39
2026-09-07T15:41:49.286,4.124,5.716,10.384,-68,NO_MOVEMENT,39
2026-09-07T15:41:49.823,4.852,5.716,10.384,-69,NO_MOVEMENT,39
2026-09-07T15:41:50.395,4.757,5.716,10.384,-68,NO_MOVEMENT,39
2026-09-07T15:41:50.947,5.193,5.716,10.384,-67,NO_MOVEMENT,39
2026-09-07T15:41:51.539,5.301,5.716,10.384,-66,NO_MOVEMENT,39
2026-09-07T15:41:52.137,5.412,5.716,10.384,-66,NO_MOVEMENT,39
2026-09-07T15:41:52.685,5.856,5.716,10.384,-68,NO_MOVEMENT,39
2026-09-07T15:41:53.295,5.773,5.716,10.384,-68,NO_MOVEMENT,39
2026-09-07T15:41:53.889,6.305,5.716,10.384,-65,NO_MOVEMENT,39
2026-09-07T15:41:54.446,10.578,5.716,10.384,-69,MOVEMENT,40
2026-09-07T15:41:55.094,10.750,5.716,10.384,-67,MOVEMENT,40
2026-09-07T15:41:55.722,10.855,5.716,10.384,-68,MOVEMENT,40
2026-09-07T15:41:56.348,8.259,5.716,10.384,-66,RECENT_MOVEMENT,40
2026-09-07T15:41:56.914,7.491,5.716,10.384,-64,RECENT_MOVEMENT,40
2026-09-07T15:41:57.449,6.273,5.716,10.384,-65,RECENT_MOVEMENT,40
2026-09-07T15:41:58.026,7.464,5.716,10.384,-66,RECENT_MOVEMENT,40
2026-09-07T15:41:58.583,9.807,5.716,10.384,-71,RECENT_MOVEMENT,40
2026-09-07T15:41:59.172,11.834,5.716,10.384,-74,MOVEMENT,41
2026-09-07T15:41:59.756,14.341,5.716,10.384,-73,MOVEMENT,41
2026-09-07T15:42:00.422,14.508,5.716,10.384,-71,MOVEMENT,41
2026-09-07T15:42:01.122,9.873,5.716,10.384,-70,RECENT_MOVEMENT,41
2026-09-07T15:42:01.764,9.290,5.716,10.384,-71,RECENT_MOVEMENT,41
2026-09-07T15:42:02.378,15.037,5.716,10.384,-69,MOVEMENT,42
2026-09-07T15:42:03.067,15.300,5.716,10.384,-68,MOVEMENT,42
2026-09-07T15:42:03.742,7.482,5.716,10.384,-67,RECENT_MOVEMENT,42
2026-09-07T15:42:04.362,5.239,5.716,10.384,-68,RECENT_MOVEMENT,42
2026-09-07T15:42:05.054,6.108,5.716,10.384,-68,RECENT_MOVEMENT,42
2026-09-07T15:42:05.746,5.814,5.716,10.384,-68,RECENT_MOVEMENT,42
2026-09-07T15:42:06.412,5.656,5.716,10.384,-67,RECENT_MOVEMENT,42
2026-09-07T15:42:07.066,6.180,5.716,10.384,-68,RECENT_MOVEMENT,42
2026-09-07T15:42:07.696,12.292,5.716,10.384,-68,MOVEMENT,43
2026-09-07T15:42:08.357,11.808,5.716,10.384,-68,MOVEMENT,43
2026-09-07T15:42:09.004,13.602,5.716,10.384,-78,MOVEMENT,43
2026-09-07T15:42:09.552,15.284,5.716,10.384,-72,MOVEMENT,43
2026-09-07T15:42:10.118,13.768,5.716,10.384,-72,MOVEMENT,43
2026-09-07T15:42:10.677,14.831,5.716,10.384,-72,MOVEMENT,43
2026-09-07T15:42:11.250,13.802,5.716,10.384,-72,MOVEMENT,43
2026-09-07T15:42:11.829,12.860,5.716,10.384,-79,MOVEMENT,43
2026-09-07T15:42:12.461,19.816,5.716,10.384,-77,MOVEMENT,43
2026-09-07T15:42:13.073,21.086,5.716,10.384,-72,MOVEMENT,43
2026-09-07T15:42:13.715,21.427,5.716,10.384,-76,MOVEMENT,43
2026-09-07T15:42:14.322,16.008,5.716,10.384,-69,MOVEMENT,43
2026-09-07T15:42:14.909,16.679,5.716,10.384,-68,MOVEMENT,43
2026-09-07T15:42:15.541,17.175,5.716,10.384,-71,MOVEMENT,43
2026-09-07T15:42:16.199,11.666,5.716,10.384,-72,MOVEMENT,44
2026-09-07T15:42:16.786,13.086,5.716,10.384,-68,MOVEMENT,44
2026-09-07T15:42:17.396,11.993,5.716,10.384,-70,MOVEMENT,44
2026-09-07T15:42:18.011,9.508,5.716,10.384,-70,RECENT_MOVEMENT,44
2026-09-07T15:42:18.651,7.261,5.716,10.384,-68,RECENT_MOVEMENT,44
2026-09-07T15:42:19.268,7.412,5.716,10.384,-71,RECENT_MOVEMENT,44
2026-09-07T15:42:19.807,6.445,5.716,10.384,-71,RECENT_MOVEMENT,44
2026-09-07T15:42:20.371,9.860,5.716,10.384,-73,RECENT_MOVEMENT,44
2026-09-07T15:42:20.916,10.703,5.716,10.384,-73,MOVEMENT,45
2026-09-07T15:42:21.470,14.069,5.716,10.384,-74,MOVEMENT,45
2026-09-07T15:42:22.075,14.212,5.716,10.384,-70,MOVEMENT,45
2026-09-07T15:42:22.679,14.409,5.716,10.384,-67,MOVEMENT,45
2026-09-07T15:42:23.289,9.244,5.716,10.384,-67,RECENT_MOVEMENT,45
2026-09-07T15:42:23.919,7.091,5.716,10.384,-69,RECENT_MOVEMENT,45
2026-09-07T15:42:24.455,7.678,5.716,10.384,-71,RECENT_MOVEMENT,45
2026-09-07T15:42:25.009,7.454,5.716,10.384,-67,RECENT_MOVEMENT,45
2026-09-07T15:42:25.581,7.815,5.716,10.384,-68,RECENT_MOVEMENT,45
2026-09-07T15:42:26.103,8.770,5.716,10.384,-70,RECENT_MOVEMENT,45
2026-09-07T15:42:26.619,10.532,5.716,10.384,-69,MOVEMENT,46
2026-09-07T15:42:27.193,9.561,5.716,10.384,-71,RECENT_MOVEMENT,46
2026-09-07T15:42:27.790,12.656,5.716,10.384,-73,MOVEMENT,47
2026-09-07T15:42:28.302,12.688,5.716,10.384,-71,MOVEMENT,47
2026-09-07T15:42:28.805,13.397,5.716,10.384,-69,MOVEMENT,47
2026-09-07T15:42:29.342,13.328,5.716,10.384,-70,MOVEMENT,47
2026-09-07T15:42:30.394,6.213,5.716,10.384,-68,RECENT_MOVEMENT,47
2026-09-07T15:42:30.998,6.526,5.716,10.384,-67,RECENT_MOVEMENT,47
2026-09-07T15:42:31.549,6.447,5.716,10.384,-68,RECENT_MOVEMENT,47
2026-09-07T15:42:32.159,5.853,5.716,10.384,-69,RECENT_MOVEMENT,47
2026-09-07T15:42:32.758,8.111,5.716,10.384,-71,RECENT_MOVEMENT,47
2026-09-07T15:42:33.341,9.629,5.716,10.384,-74,RECENT_MOVEMENT,47
2026-09-07T15:42:33.905,10.543,5.716,10.384,-71,MOVEMENT,48
2026-09-07T15:42:34.426,11.314,5.716,10.384,-70,MOVEMENT,48
2026-09-07T15:42:35.064,11.491,5.716,10.384,-73,MOVEMENT,48
2026-09-07T15:42:35.619,11.010,5.716,10.384,-72,MOVEMENT,48
2026-09-07T15:42:36.212,13.571,5.716,10.384,-75,RECENT_MOVEMENT,48
2026-09-07T15:42:36.812,19.355,5.716,10.384,-75,MOVEMENT,49
2026-09-07T15:42:37.374,22.096,5.716,10.384,-70,MOVEMENT,49
2026-09-07T15:42:37.947,29.398,5.716,10.384,-77,MOVEMENT,49
2026-09-07T15:42:38.478,35.933,5.716,10.384,-73,MOVEMENT,49
2026-09-07T15:42:39.102,36.192,5.716,10.384,-73,MOVEMENT,49
2026-09-07T15:42:39.681,39.736,5.716,10.384,-76,MOVEMENT,49
2026-09-07T15:42:40.269,23.333,5.716,10.384,-75,MOVEMENT,49
2026-09-07T15:42:40.847,21.258,5.716,10.384,-70,MOVEMENT,49
2026-09-07T15:42:41.391,20.536,5.716,10.384,-72,MOVEMENT,49
2026-09-07T15:42:41.921,14.867,5.716,10.384,-68,MOVEMENT,49
2026-09-07T15:42:42.980,7.720,5.716,10.384,-69,RECENT_MOVEMENT,49
2026-09-07T15:42:43.521,9.980,5.716,10.384,-70,RECENT_MOVEMENT,49
2026-09-07T15:42:44.092,9.401,5.716,10.384,-69,RECENT_MOVEMENT,49
2026-09-07T15:42:44.688,8.900,5.716,10.384,-67,RECENT_MOVEMENT,49
2026-09-07T15:42:45.303,9.298,5.716,10.384,-67,RECENT_MOVEMENT,49
2026-09-07T15:42:46.346,9.491,5.716,10.384,-67,RECENT_MOVEMENT,50
2026-09-07T15:42:46.875,8.731,5.716,10.384,-67,RECENT_MOVEMENT,50
2026-09-07T15:42:47.406,5.447,5.716,10.384,-66,RECENT_MOVEMENT,50
2026-09-07T15:42:48.409,5.063,5.716,10.384,-65,RECENT_MOVEMENT,50
2026-09-07T15:42:48.936,4.671,5.716,10.384,-64,RECENT_MOVEMENT,50
2026-09-07T15:42:49.558,4.372,5.716,10.384,-65,RECENT_MOVEMENT,50
2026-09-07T15:42:50.169,4.759,5.716,10.384,-65,RECENT_MOVEMENT,50
2026-09-07T15:42:50.746,5.239,5.716,10.384,-67,RECENT_MOVEMENT,50
2026-09-07T15:42:51.382,5.042,5.716,10.384,-66,NO_MOVEMENT,50
2026-09-07T15:42:51.986,5.638,5.716,10.384,-65,NO_MOVEMENT,50
2026-09-07T15:42:52.494,6.529,5.716,10.384,-65,NO_MOVEMENT,50
2026-09-07T15:42:53.114,7.749,5.716,10.384,-66,NO_MOVEMENT,50
2026-09-07T15:42:53.729,7.471,5.716,10.384,-66,NO_MOVEMENT,50
2026-09-07T15:42:54.292,6.318,5.716,10.384,-66,NO_MOVEMENT,50
2026-09-07T15:42:54.872,6.660,5.716,10.384,-69,NO_MOVEMENT,50
2026-09-07T15:42:55.428,6.414,5.716,10.384,-68,NO_MOVEMENT,50
2026-09-07T15:42:55.961,6.334,5.716,10.384,-65,NO_MOVEMENT,50
2026-09-07T15:42:56.518,6.336,5.716,10.384,-67,NO_MOVEMENT,50
2026-09-07T15:42:57.083,6.314,5.716,10.384,-66,NO_MOVEMENT,50
2026-09-07T15:42:57.654,6.459,5.716,10.384,-67,NO_MOVEMENT,50
2026-09-07T15:42:58.220,7.197,5.716,10.384,-65,NO_MOVEMENT,50
2026-09-07T15:42:58.845,5.864,5.716,10.384,-67,NO_MOVEMENT,50
2026-09-07T15:42:59.394,5.588,5.716,10.384,-68,NO_MOVEMENT,50
2026-09-07T15:42:59.946,7.899,5.716,10.384,-69,NO_MOVEMENT,50
2026-09-07T15:43:00.578,8.359,5.716,10.384,-69,NO_MOVEMENT,50
2026-09-07T15:43:01.255,9.979,5.716,10.384,-69,NO_MOVEMENT,50
2026-09-07T15:43:01.788,10.363,5.716,10.384,-66,NO_MOVEMENT,50
2026-09-07T15:43:02.342,8.196,5.716,10.384,-64,NO_MOVEMENT,50
2026-09-07T15:43:02.889,8.272,5.716,10.384,-65,NO_MOVEMENT,50
2026-09-07T15:43:03.440,6.158,5.716,10.384,-66,NO_MOVEMENT,50
2026-09-07T15:43:04.017,4.366,5.716,10.384,-65,NO_MOVEMENT,50
2026-09-07T15:43:04.555,4.245,5.716,10.384,-65,NO_MOVEMENT,50
2026-09-07T15:43:05.212,4.575,5.716,10.384,-65,NO_MOVEMENT,50
2026-09-07T15:43:05.814,6.351,5.716,10.384,-66,NO_MOVEMENT,50
2026-09-07T15:43:06.375,5.426,5.716,10.384,-65,NO_MOVEMENT,50
2026-09-07T15:43:06.937,6.210,5.716,10.384,-66,NO_MOVEMENT,50
2026-09-07T15:43:07.555,8.356,5.716,10.384,-67,NO_MOVEMENT,50
2026-09-07T15:43:08.137,9.662,5.716,10.384,-70,NO_MOVEMENT,50
2026-09-07T15:43:08.714,9.295,5.716,10.384,-69,NO_MOVEMENT,50
2026-09-07T15:43:09.299,7.752,5.716,10.384,-68,NO_MOVEMENT,50
2026-09-07T15:43:09.877,6.371,5.716,10.384,-69,NO_MOVEMENT,50
2026-09-07T15:43:10.469,6.402,5.716,10.384,-70,NO_MOVEMENT,50
2026-09-07T15:43:11.080,7.237,5.716,10.384,-68,NO_MOVEMENT,50
2026-09-07T15:43:11.698,7.381,5.716,10.384,-66,NO_MOVEMENT,50
2026-09-07T15:43:12.269,6.665,5.716,10.384,-66,NO_MOVEMENT,50
2026-09-07T15:43:12.873,6.145,5.716,10.384,-66,NO_MOVEMENT,50
2026-09-07T15:43:13.464,5.339,5.716,10.384,-66,NO_MOVEMENT,50
2026-09-07T15:43:14.055,5.847,5.716,10.384,-66,NO_MOVEMENT,50
2026-09-07T15:43:14.632,6.561,5.716,10.384,-68,NO_MOVEMENT,50
2026-09-07T15:43:15.208,6.715,5.716,10.384,-69,NO_MOVEMENT,50
2026-09-07T15:43:15.794,7.333,5.716,10.384,-67,NO_MOVEMENT,50
2026-09-07T15:43:16.388,7.230,5.716,10.384,-67,NO_MOVEMENT,50
2026-09-07T15:43:16.970,7.505,5.716,10.384,-67,NO_MOVEMENT,50
2026-09-07T15:43:17.553,7.514,5.716,10.384,-68,NO_MOVEMENT,50
2026-09-07T15:43:18.148,8.606,5.716,10.384,-70,NO_MOVEMENT,50
2026-09-07T15:43:18.713,10.065,5.716,10.384,-68,NO_MOVEMENT,50
2026-09-07T15:43:19.301,11.736,5.716,10.384,-68,MOVEMENT,51
2026-09-07T15:43:19.887,9.950,5.716,10.384,-67,RECENT_MOVEMENT,51
2026-09-07T15:43:20.461,9.009,5.716,10.384,-67,RECENT_MOVEMENT,51
2026-09-07T15:43:21.078,5.593,5.716,10.384,-69,RECENT_MOVEMENT,51
2026-09-07T15:43:21.632,6.664,5.716,10.384,-67,RECENT_MOVEMENT,51
2026-09-07T15:43:22.235,7.687,5.716,10.384,-67,RECENT_MOVEMENT,51
2026-09-07T15:43:22.822,8.133,5.716,10.384,-68,RECENT_MOVEMENT,51
2026-09-07T15:43:23.439,7.579,5.716,10.384,-66,RECENT_MOVEMENT,51
2026-09-07T15:43:24.009,5.737,5.716,10.384,-67,RECENT_MOVEMENT,51
2026-09-07T15:43:24.538,4.945,5.716,10.384,-66,RECENT_MOVEMENT,51
2026-09-07T15:43:25.160,5.755,5.716,10.384,-71,NO_MOVEMENT,51
2026-09-07T15:43:25.812,9.451,5.716,10.384,-71,NO_MOVEMENT,51
2026-09-07T15:43:26.361,9.765,5.716,10.384,-72,NO_MOVEMENT,51
2026-09-07T15:43:26.975,9.659,5.716,10.384,-70,NO_MOVEMENT,51
2026-09-07T15:43:27.581,8.782,5.716,10.384,-69,NO_MOVEMENT,51
2026-09-07T16:21:23.515,4.795,6.429,9.485,-62,NO_MOVEMENT,0
2026-09-07T16:21:24.081,4.732,6.429,9.485,-61,NO_MOVEMENT,0
2026-09-07T16:21:24.684,4.580,6.429,9.485,-60,NO_MOVEMENT,0
2026-09-07T16:21:25.266,4.205,6.429,9.485,-62,NO_MOVEMENT,0
2026-09-07T16:21:25.840,4.552,6.429,9.485,-64,NO_MOVEMENT,0
2026-09-07T16:21:26.422,4.691,6.429,9.485,-64,NO_MOVEMENT,0
2026-09-07T16:21:27.006,4.346,6.429,9.485,-63,NO_MOVEMENT,0
2026-09-07T16:21:27.587,3.822,6.429,9.485,-62,NO_MOVEMENT,0
2026-09-07T16:21:28.158,3.413,6.429,9.485,-63,NO_MOVEMENT,0
2026-09-07T16:21:28.706,3.300,6.429,9.485,-63,NO_MOVEMENT,0
2026-09-07T16:21:29.286,3.300,6.429,9.485,-63,NO_MOVEMENT,0
2026-09-07T16:21:29.860,4.859,6.429,9.485,-60,NO_MOVEMENT,0
2026-09-07T16:21:30.419,6.889,6.429,9.485,-58,NO_MOVEMENT,0
2026-09-07T16:21:30.994,6.889,6.429,9.485,-58,NO_MOVEMENT,0
2026-09-07T16:21:31.602,6.032,6.429,9.485,-65,NO_MOVEMENT,0
2026-09-07T16:21:32.172,5.350,6.429,9.485,-60,NO_MOVEMENT,0
2026-09-07T16:21:32.729,4.849,6.429,9.485,-59,NO_MOVEMENT,0
2026-09-07T16:21:33.304,4.958,6.429,9.485,-56,NO_MOVEMENT,0
2026-09-07T16:21:33.906,4.823,6.429,9.485,-58,NO_MOVEMENT,0
2026-09-07T16:21:34.494,4.631,6.429,9.485,-58,NO_MOVEMENT,0
2026-09-07T16:21:35.085,3.677,6.429,9.485,-62,NO_MOVEMENT,0
2026-09-07T16:21:35.680,3.770,6.429,9.485,-60,NO_MOVEMENT,0
2026-09-07T16:21:36.253,4.891,6.429,9.485,-61,NO_MOVEMENT,0
2026-09-07T16:21:36.826,5.507,6.429,9.485,-61,NO_MOVEMENT,0
2026-09-07T16:21:37.400,5.570,6.429,9.485,-65,NO_MOVEMENT,0
2026-09-07T16:21:37.975,5.412,6.429,9.485,-67,NO_MOVEMENT,0
2026-09-07T16:21:38.575,4.895,6.429,9.485,-60,NO_MOVEMENT,0
2026-09-07T16:21:39.148,3.986,6.429,9.485,-58,NO_MOVEMENT,0
2026-09-07T16:21:39.719,5.240,6.429,9.485,-67,NO_MOVEMENT,0
2026-09-07T16:21:40.304,6.057,6.429,9.485,-63,NO_MOVEMENT,0
2026-09-07T16:21:40.893,6.274,6.429,9.485,-65,NO_MOVEMENT,0
2026-09-07T16:21:41.484,6.727,6.429,9.485,-65,NO_MOVEMENT,0
2026-09-07T16:21:42.070,6.463,6.429,9.485,-65,NO_MOVEMENT,0
2026-09-07T16:21:42.663,6.063,6.429,9.485,-68,NO_MOVEMENT,0
2026-09-07T16:21:43.238,7.259,6.429,9.485,-65,NO_MOVEMENT,0
2026-09-07T16:21:43.821,7.038,6.429,9.485,-62,NO_MOVEMENT,0
2026-09-07T16:21:44.405,6.040,6.429,9.485,-62,NO_MOVEMENT,0
2026-09-07T16:21:44.925,5.315,6.429,9.485,-63,NO_MOVEMENT,0
2026-09-07T16:21:45.431,4.376,6.429,9.485,-67,NO_MOVEMENT,0
2026-09-07T16:21:46.051,5.900,6.429,9.485,-64,NO_MOVEMENT,0
2026-09-07T16:21:46.655,8.680,6.429,9.485,-68,NO_MOVEMENT,0
2026-09-07T16:21:47.244,15.981,6.429,9.485,-83,MOVEMENT,1
2026-09-07T16:21:47.792,15.981,6.429,9.485,-83,MOVEMENT,1
2026-09-07T16:21:48.423,15.915,6.429,9.485,-64,MOVEMENT,1
2026-09-07T16:21:49.039,14.001,6.429,9.485,-65,MOVEMENT,1
2026-09-07T16:21:49.668,4.696,6.429,9.485,-65,RECENT_MOVEMENT,1
2026-09-07T16:21:50.266,4.664,6.429,9.485,-64,RECENT_MOVEMENT,1
2026-09-07T16:21:50.772,4.908,6.429,9.485,-62,RECENT_MOVEMENT,1
2026-09-07T16:21:51.286,4.908,6.429,9.485,-62,RECENT_MOVEMENT,1
2026-09-07T16:21:51.886,5.557,6.429,9.485,-64,RECENT_MOVEMENT,1
2026-09-07T16:21:52.486,5.676,6.429,9.485,-60,RECENT_MOVEMENT,1
2026-09-07T16:21:53.095,5.815,6.429,9.485,-60,RECENT_MOVEMENT,1
2026-09-07T16:21:53.740,5.122,6.429,9.485,-64,RECENT_MOVEMENT,1
2026-09-07T16:21:54.345,4.285,6.429,9.485,-65,RECENT_MOVEMENT,1
2026-09-07T16:21:54.957,4.096,6.429,9.485,-67,NO_MOVEMENT,1
2026-09-07T16:21:55.577,4.967,6.429,9.485,-65,NO_MOVEMENT,1
2026-09-07T16:21:56.190,5.619,6.429,9.485,-63,NO_MOVEMENT,1
2026-09-07T16:21:56.777,5.557,6.429,9.485,-65,NO_MOVEMENT,1
2026-09-07T16:21:57.374,5.338,6.429,9.485,-63,NO_MOVEMENT,1
2026-09-07T16:21:57.970,5.203,6.429,9.485,-62,NO_MOVEMENT,1
2026-09-07T16:21:58.602,4.511,6.429,9.485,-61,NO_MOVEMENT,1
2026-09-07T16:21:59.205,4.464,6.429,9.485,-62,NO_MOVEMENT,1
2026-09-07T16:21:59.812,4.464,6.429,9.485,-62,NO_MOVEMENT,1
2026-09-07T16:22:00.404,4.015,6.429,9.485,-65,NO_MOVEMENT,1
2026-09-07T16:22:00.947,4.900,6.429,9.485,-65,NO_MOVEMENT,1
2026-09-07T16:22:01.510,5.532,6.429,9.485,-64,NO_MOVEMENT,1
2026-09-07T16:22:02.123,10.424,6.429,9.485,-67,MOVEMENT,2
2026-09-07T16:22:02.750,11.388,6.429,9.485,-66,MOVEMENT,2
2026-09-07T16:22:03.434,12.421,6.429,9.485,-72,MOVEMENT,2
2026-09-07T16:22:04.009,12.879,6.429,9.485,-76,MOVEMENT,2
2026-09-07T16:22:04.525,14.078,6.429,9.485,-70,MOVEMENT,2
2026-09-07T16:22:05.097,15.485,6.429,9.485,-69,MOVEMENT,2
2026-09-07T16:22:05.637,15.520,6.429,9.485,-67,MOVEMENT,2
2026-09-07T16:22:06.187,15.520,6.429,9.485,-67,MOVEMENT,2
2026-09-07T16:22:07.020,14.959,6.429,9.485,-72,MOVEMENT,2
2026-09-07T16:22:07.695,9.535,6.429,9.485,-72,MOVEMENT,2
2026-09-07T16:22:08.334,7.604,6.429,9.485,-71,RECENT_MOVEMENT,2
2026-09-07T16:22:08.995,7.147,6.429,9.485,-73,RECENT_MOVEMENT,2
2026-09-07T16:22:09.652,6.838,6.429,9.485,-70,RECENT_MOVEMENT,2
2026-09-07T16:22:10.296,6.459,6.429,9.485,-71,RECENT_MOVEMENT,2
2026-09-07T16:22:10.930,10.255,6.429,9.485,-77,MOVEMENT,3
2026-09-07T16:22:11.544,11.614,6.429,9.485,-73,MOVEMENT,3
2026-09-07T16:22:12.127,7.527,6.429,9.485,-72,RECENT_MOVEMENT,3
2026-09-07T16:22:12.634,8.827,6.429,9.485,-67,RECENT_MOVEMENT,3
2026-09-07T16:22:13.248,12.516,6.429,9.485,-70,MOVEMENT,4
2026-09-07T16:22:13.873,11.128,6.429,9.485,-82,MOVEMENT,4
2026-09-07T16:22:14.386,10.420,6.429,9.485,-73,MOVEMENT,4
2026-09-07T16:22:14.889,10.688,6.429,9.485,-73,MOVEMENT,4
2026-09-07T16:22:15.487,9.490,6.429,9.485,-73,MOVEMENT,4
2026-09-07T16:22:16.181,8.819,6.429,9.485,-73,RECENT_MOVEMENT,4
2026-09-07T16:22:16.794,7.688,6.429,9.485,-70,RECENT_MOVEMENT,4
2026-09-07T16:22:17.443,11.263,6.429,9.485,-71,MOVEMENT,5
2026-09-07T16:22:18.048,11.433,6.429,9.485,-72,MOVEMENT,5
2026-09-07T16:22:18.624,11.392,6.429,9.485,-73,MOVEMENT,5
2026-09-07T16:22:19.196,11.489,6.429,9.485,-73,MOVEMENT,5
2026-09-07T16:22:19.732,11.823,6.429,9.485,-71,MOVEMENT,5
2026-09-07T16:22:20.392,5.890,6.429,9.485,-69,RECENT_MOVEMENT,5
2026-09-07T16:22:21.000,12.762,6.429,9.485,-73,MOVEMENT,6
2026-09-07T16:22:21.604,12.312,6.429,9.485,-68,MOVEMENT,6
2026-09-07T16:22:22.257,12.484,6.429,9.485,-71,MOVEMENT,6
2026-09-07T16:22:22.865,5.883,6.429,9.485,-74,RECENT_MOVEMENT,6
2026-09-07T16:22:23.559,6.103,6.429,9.485,-67,RECENT_MOVEMENT,6
2026-09-07T16:22:24.204,18.801,6.429,9.485,-57,MOVEMENT,7
2026-09-07T16:22:24.819,18.830,6.429,9.485,-62,MOVEMENT,7
2026-09-07T16:22:25.442,5.217,6.429,9.485,-64,RECENT_MOVEMENT,7
2026-09-07T16:22:26.103,4.999,6.429,9.485,-60,RECENT_MOVEMENT,7
2026-09-07T16:22:26.685,3.283,6.429,9.485,-60,RECENT_MOVEMENT,7
2026-09-07T16:22:27.302,3.490,6.429,9.485,-62,RECENT_MOVEMENT,7
2026-09-07T16:22:28.090,3.247,6.429,9.485,-58,RECENT_MOVEMENT,7
2026-09-07T16:22:28.742,3.919,6.429,9.485,-61,RECENT_MOVEMENT,7
2026-09-07T16:22:29.335,4.688,6.429,9.485,-63,RECENT_MOVEMENT,7
2026-09-07T16:22:29.924,4.982,6.429,9.485,-61,RECENT_MOVEMENT,7
2026-09-07T16:22:30.510,3.408,6.429,9.485,-63,NO_MOVEMENT,7
2026-09-07T16:22:31.165,3.920,6.429,9.485,-66,NO_MOVEMENT,7
2026-09-07T16:22:31.809,4.099,6.429,9.485,-65,NO_MOVEMENT,7
2026-09-07T16:22:32.445,4.975,6.429,9.485,-61,NO_MOVEMENT,7
2026-09-07T16:22:33.032,5.214,6.429,9.485,-63,NO_MOVEMENT,7
2026-09-07T16:22:33.646,6.641,6.429,9.485,-61,NO_MOVEMENT,7
2026-09-07T16:22:34.296,7.012,6.429,9.485,-62,NO_MOVEMENT,7
2026-09-07T16:22:34.941,3.204,6.429,9.485,-59,NO_MOVEMENT,7
2026-09-07T16:22:35.774,5.169,6.429,9.485,-57,NO_MOVEMENT,7
2026-09-07T16:22:36.416,4.531,6.429,9.485,-59,NO_MOVEMENT,7
2026-09-07T16:22:37.028,3.594,6.429,9.485,-57,NO_MOVEMENT,7
2026-09-07T16:22:37.642,4.315,6.429,9.485,-60,NO_MOVEMENT,7
2026-09-07T16:22:38.234,4.472,6.429,9.485,-67,NO_MOVEMENT,7
2026-09-07T16:22:38.846,11.013,6.429,9.485,-68,MOVEMENT,8
2026-09-07T16:22:39.490,13.425,6.429,9.485,-62,MOVEMENT,8
2026-09-07T16:22:40.084,11.927,6.429,9.485,-66,MOVEMENT,8
2026-09-07T16:22:40.598,11.807,6.429,9.485,-63,MOVEMENT,8
2026-09-07T16:22:41.556,11.807,6.429,9.485,-63,MOVEMENT,8
2026-09-07T16:22:42.450,11.807,6.429,9.485,-63,MOVEMENT,8
2026-09-07T16:22:43.478,11.807,6.429,9.485,-63,MOVEMENT,8
2026-09-07T16:22:44.570,11.807,6.429,9.485,-63,MOVEMENT,8
2026-09-07T16:22:45.503,11.807,6.429,9.485,-63,MOVEMENT,8
2026-09-07T16:22:46.723,11.807,6.429,9.485,-63,NO_MOVEMENT,8
2026-09-07T16:22:47.263,11.807,6.429,9.485,-63,NO_MOVEMENT,8
2026-09-07T16:22:48.229,11.807,6.429,9.485,-63,NO_MOVEMENT,8
2026-09-07T16:22:48.732,11.807,6.429,9.485,-63,NO_MOVEMENT,8
2026-09-07T16:22:49.642,11.807,6.429,9.485,-63,NO_MOVEMENT,8
2026-09-07T16:22:50.557,11.807,6.429,9.485,-63,NO_MOVEMENT,8
2026-09-07T16:22:51.487,11.807,6.429,9.485,-63,NO_MOVEMENT,8
2026-09-07T16:22:52.415,11.807,6.429,9.485,-63,NO_MOVEMENT,8
2026-09-07T16:22:53.352,11.807,6.429,9.485,-63,NO_MOVEMENT,8
2026-09-07T16:22:54.273,11.807,6.429,9.485,-63,NO_MOVEMENT,8
2026-09-07T16:22:54.877,11.807,6.429,9.485,-63,NO_MOVEMENT,8
2026-09-07T16:22:55.810,11.807,6.429,9.485,-63,NO_MOVEMENT,8
2026-09-07T16:22:56.758,11.807,6.429,9.485,-63,NO_MOVEMENT,8
2026-09-07T16:22:57.679,11.807,6.429,9.485,-63,NO_MOVEMENT,8
2026-09-07T16:22:58.614,11.807,6.429,9.485,-63,NO_MOVEMENT,8
2026-09-07T16:22:59.543,11.807,6.429,9.485,-63,NO_MOVEMENT,8
2026-09-07T16:23:00.498,11.807,6.429,9.485,-63,NO_MOVEMENT,8
2026-09-07T16:23:01.064,11.807,6.429,9.485,-63,NO_MOVEMENT,8
2026-09-07T16:23:01.570,11.807,6.429,9.485,-63,NO_MOVEMENT,8
2026-09-07T16:23:02.499,11.807,6.429,9.485,-63,NO_MOVEMENT,8
2026-09-07T16:23:03.416,11.807,6.429,9.485,-63,NO_MOVEMENT,8
2026-09-07T16:23:04.360,11.807,6.429,9.485,-63,NO_MOVEMENT,8
2026-09-07T16:23:04.943,11.807,6.429,9.485,-63,NO_MOVEMENT,8
2026-09-07T16:23:05.862,11.807,6.429,9.485,-63,NO_MOVEMENT,8
2026-09-07T16:23:06.787,11.807,6.429,9.485,-63,NO_MOVEMENT,8
2026-09-07T16:23:07.722,11.807,6.429,9.485,-63,NO_MOVEMENT,8
2026-09-07T16:23:08.650,11.807,6.429,9.485,-63,NO_MOVEMENT,8
2026-09-07T16:23:09.589,11.807,6.429,9.485,-63,NO_MOVEMENT,8
2026-09-07T16:23:10.517,11.807,6.429,9.485,-63,NO_MOVEMENT,8
2026-09-07T16:23:11.422,11.807,6.429,9.485,-63,NO_MOVEMENT,8
2026-09-07T16:23:12.335,11.807,6.429,9.485,-63,NO_MOVEMENT,8
2026-09-07T16:23:12.941,11.807,6.429,9.485,-63,NO_MOVEMENT,8
2026-09-07T16:23:14.025,11.807,6.429,9.485,-63,NO_MOVEMENT,8
2026-09-07T16:23:14.928,11.807,6.429,9.485,-63,NO_MOVEMENT,8
2026-09-07T16:23:15.854,11.807,6.429,9.485,-63,NO_MOVEMENT,8
2026-09-07T16:23:16.364,11.807,6.429,9.485,-63,NO_MOVEMENT,8
2026-09-07T16:23:17.308,11.807,6.429,9.485,-63,NO_MOVEMENT,8
2026-09-07T16:23:17.824,11.807,6.429,9.485,-63,NO_MOVEMENT,8
2026-09-07T16:23:18.735,11.807,6.429,9.485,-63,NO_MOVEMENT,8
2026-09-07T16:23:19.636,11.807,6.429,9.485,-63,NO_MOVEMENT,8
2026-09-07T16:23:20.561,11.807,6.429,9.485,-63,NO_MOVEMENT,8
2026-09-07T16:23:21.485,11.807,6.429,9.485,-63,NO_MOVEMENT,8
2026-09-07T16:23:22.411,11.807,6.429,9.485,-63,NO_MOVEMENT,8
2026-09-07T16:23:23.010,11.807,6.429,9.485,-63,NO_MOVEMENT,8
2026-09-07T16:23:24.027,11.807,6.429,9.485,-63,NO_MOVEMENT,8
2026-09-07T16:23:24.952,11.807,6.429,9.485,-63,NO_MOVEMENT,8
2026-09-07T16:23:25.873,11.807,6.429,9.485,-63,NO_MOVEMENT,8
2026-09-07T16:23:26.791,11.807,6.429,9.485,-63,NO_MOVEMENT,8
2026-09-07T16:23:27.720,11.807,6.429,9.485,-63,NO_MOVEMENT,8
2026-09-07T16:23:28.631,11.807,6.429,9.485,-63,NO_MOVEMENT,8
2026-09-07T16:23:29.553,11.807,6.429,9.485,-63,NO_MOVEMENT,8
2026-09-07T16:23:30.163,11.807,6.429,9.485,-63,NO_MOVEMENT,8
2026-09-07T16:23:31.100,11.807,6.429,9.485,-63,NO_MOVEMENT,8
2026-09-07T16:23:31.971,11.807,6.429,9.485,-63,NO_MOVEMENT,8
2026-09-07T16:23:32.850,11.807,6.429,9.485,-63,NO_MOVEMENT,8
2026-09-07T16:23:33.788,11.807,6.429,9.485,-63,NO_MOVEMENT,8
2026-09-07T16:23:34.702,11.807,6.429,9.485,-63,NO_MOVEMENT,8
2026-09-07T16:23:35.623,11.807,6.429,9.485,-63,NO_MOVEMENT,8
2026-09-07T16:23:36.541,11.807,6.429,9.485,-63,NO_MOVEMENT,8
2026-09-07T16:23:37.469,11.807,6.429,9.485,-63,NO_MOVEMENT,8
2026-09-07T16:23:38.402,11.807,6.429,9.485,-63,NO_MOVEMENT,8
2026-09-07T16:23:39.361,11.807,6.429,9.485,-63,NO_MOVEMENT,8
2026-09-07T16:23:40.279,11.807,6.429,9.485,-63,NO_MOVEMENT,8
2026-09-07T16:23:40.888,11.807,6.429,9.485,-63,NO_MOVEMENT,8
2026-09-07T16:23:41.819,11.807,6.429,9.485,-63,NO_MOVEMENT,8
2026-09-07T16:23:42.756,11.807,6.429,9.485,-63,NO_MOVEMENT,8
2026-09-07T16:23:43.669,11.807,6.429,9.485,-63,NO_MOVEMENT,8
2026-09-07T16:23:44.581,11.807,6.429,9.485,-63,NO_MOVEMENT,8
2026-09-07T16:23:45.488,11.807,6.429,9.485,-63,NO_MOVEMENT,8
2026-09-07T16:23:46.419,11.807,6.429,9.485,-63,NO_MOVEMENT,8
2026-09-07T16:23:47.344,11.807,6.429,9.485,-63,NO_MOVEMENT,8
2026-09-07T16:23:48.295,11.807,6.429,9.485,-63,NO_MOVEMENT,8
2026-09-07T16:23:48.908,11.807,6.429,9.485,-63,NO_MOVEMENT,8
2026-09-07T16:23:49.988,11.807,6.429,9.485,-63,NO_MOVEMENT,8
2026-09-07T16:23:50.939,11.807,6.429,9.485,-63,NO_MOVEMENT,8
2026-09-07T16:23:51.891,11.807,6.429,9.485,-63,NO_MOVEMENT,8
2026-09-07T16:23:52.861,11.807,6.429,9.485,-63,NO_MOVEMENT,8
2026-09-07T16:23:53.794,11.807,6.429,9.485,-63,NO_MOVEMENT,8
2026-09-07T16:23:54.747,11.807,6.429,9.485,-63,NO_MOVEMENT,8
2026-09-07T16:23:55.702,11.807,6.429,9.485,-63,NO_MOVEMENT,8
2026-09-07T16:23:56.664,11.807,6.429,9.485,-63,NO_MOVEMENT,8
2026-09-07T16:23:57.606,11.807,6.429,9.485,-63,NO_MOVEMENT,8
2026-09-07T16:23:58.543,11.807,6.429,9.485,-63,NO_MOVEMENT,8
2026-09-07T16:23:59.507,11.807,6.429,9.485,-63,NO_MOVEMENT,8
2026-09-07T16:24:00.416,11.807,6.429,9.485,-63,NO_MOVEMENT,8
2026-09-07T16:24:01.119,11.807,6.429,9.485,-63,NO_MOVEMENT,8
2026-09-07T16:24:02.100,11.807,6.429,9.485,-63,NO_MOVEMENT,8
2026-09-07T16:24:03.049,11.807,6.429,9.485,-63,NO_MOVEMENT,8
2026-09-07T16:24:04.015,11.807,6.429,9.485,-63,NO_MOVEMENT,8
2026-09-07T16:24:04.936,11.807,6.429,9.485,-63,NO_MOVEMENT,8
2026-09-07T16:24:05.871,11.807,6.429,9.485,-63,NO_MOVEMENT,8
2026-09-07T16:24:06.838,11.807,6.429,9.485,-63,NO_MOVEMENT,8
2026-09-07T16:24:07.766,11.807,6.429,9.485,-63,NO_MOVEMENT,8
2026-09-07T16:24:08.722,11.807,6.429,9.485,-63,NO_MOVEMENT,8
2026-09-07T16:24:09.646,11.807,6.429,9.485,-63,NO_MOVEMENT,8
2026-09-07T16:24:10.585,11.807,6.429,9.485,-63,NO_MOVEMENT,8
2026-09-07T16:24:11.537,11.807,6.429,9.485,-63,NO_MOVEMENT,8
2026-09-07T16:24:12.151,11.807,6.429,9.485,-63,NO_MOVEMENT,8
2026-09-07T16:24:13.070,11.807,6.429,9.485,-63,NO_MOVEMENT,8
2026-09-07T16:24:14.008,11.807,6.429,9.485,-63,NO_MOVEMENT,8
2026-09-07T16:24:14.958,11.807,6.429,9.485,-63,NO_MOVEMENT,8
2026-09-07T16:24:15.892,11.807,6.429,9.485,-63,NO_MOVEMENT,8
2026-09-07T16:24:16.833,11.807,6.429,9.485,-63,NO_MOVEMENT,8
2026-09-07T16:24:17.789,11.807,6.429,9.485,-63,NO_MOVEMENT,8
2026-09-07T16:24:18.292,11.807,6.429,9.485,-63,NO_MOVEMENT,8
2026-09-07T16:24:19.208,11.807,6.429,9.485,-63,NO_MOVEMENT,8
2026-09-07T16:24:20.237,11.807,6.429,9.485,-63,NO_MOVEMENT,8
2026-09-07T16:24:20.757,11.807,6.429,9.485,-63,NO_MOVEMENT,8
2026-09-07T16:24:21.276,11.807,6.429,9.485,-63,NO_MOVEMENT,8
2026-09-07T16:24:22.263,11.807,6.429,9.485,-63,NO_MOVEMENT,8
2026-09-07T16:24:22.780,11.807,6.429,9.485,-63,NO_MOVEMENT,8
2026-09-07T16:24:23.717,11.807,6.429,9.485,-63,NO_MOVEMENT,8
2026-09-07T16:24:24.661,11.807,6.429,9.485,-63,NO_MOVEMENT,8
2026-09-07T16:24:25.593,11.807,6.429,9.485,-63,NO_MOVEMENT,8
2026-09-07T16:24:26.523,11.807,6.429,9.485,-63,NO_MOVEMENT,8
2026-09-07T16:24:27.474,11.807,6.429,9.485,-63,NO_MOVEMENT,8
2026-09-07T16:24:28.415,11.807,6.429,9.485,-63,NO_MOVEMENT,8
2026-09-07T16:24:29.350,11.807,6.429,9.485,-63,NO_MOVEMENT,8
2026-09-07T16:24:30.288,11.807,6.429,9.485,-63,NO_MOVEMENT,8
2026-09-07T16:24:30.924,11.807,6.429,9.485,-63,NO_MOVEMENT,8
2026-09-07T16:24:31.873,11.807,6.429,9.485,-63,NO_MOVEMENT,8
2026-09-07T16:24:32.805,11.807,6.429,9.485,-63,NO_MOVEMENT,8
2026-09-07T16:24:33.752,11.807,6.429,9.485,-63,NO_MOVEMENT,8
2026-09-07T16:24:34.728,11.807,6.429,9.485,-63,NO_MOVEMENT,8
2026-09-07T16:24:35.689,11.807,6.429,9.485,-63,NO_MOVEMENT,8
2026-09-07T16:24:36.633,11.807,6.429,9.485,-63,NO_MOVEMENT,8
2026-09-07T16:24:37.594,11.807,6.429,9.485,-63,NO_MOVEMENT,8
2026-09-07T16:24:38.557,11.807,6.429,9.485,-63,NO_MOVEMENT,8
2026-09-07T16:24:39.520,11.807,6.429,9.485,-63,NO_MOVEMENT,8
2026-09-07T16:24:40.457,11.807,6.429,9.485,-63,NO_MOVEMENT,8
2026-09-07T16:24:41.413,11.807,6.429,9.485,-63,NO_MOVEMENT,8
2026-09-07T16:24:42.019,11.807,6.429,9.485,-63,NO_MOVEMENT,8
2026-09-07T16:24:42.955,11.807,6.429,9.485,-63,NO_MOVEMENT,8
2026-09-07T16:24:43.900,11.807,6.429,9.485,-63,NO_MOVEMENT,8
2026-09-07T16:24:44.878,11.807,6.429,9.485,-63,NO_MOVEMENT,8
2026-09-07T16:24:45.424,11.807,6.429,9.485,-63,NO_MOVEMENT,8
2026-09-07T16:24:46.387,11.807,6.429,9.485,-63,NO_MOVEMENT,8
2026-09-07T16:24:47.360,11.807,6.429,9.485,-63,NO_MOVEMENT,8
2026-09-07T16:24:48.334,11.807,6.429,9.485,-63,NO_MOVEMENT,8
2026-09-07T16:24:49.307,11.807,6.429,9.485,-63,NO_MOVEMENT,8
2026-09-07T16:24:50.246,11.807,6.429,9.485,-63,NO_MOVEMENT,8
2026-09-07T16:24:51.196,11.807,6.429,9.485,-63,NO_MOVEMENT,8
2026-09-07T16:24:52.116,11.807,6.429,9.485,-63,NO_MOVEMENT,8
2026-09-07T16:24:52.696,11.807,6.429,9.485,-63,NO_MOVEMENT,8
2026-09-07T16:24:53.609,11.807,6.429,9.485,-63,NO_MOVEMENT,8
2026-09-07T16:24:54.520,11.807,6.429,9.485,-63,NO_MOVEMENT,8
2026-09-07T16:24:55.448,11.807,6.429,9.485,-63,NO_MOVEMENT,8
2026-09-07T16:24:56.363,11.807,6.429,9.485,-63,NO_MOVEMENT,8
2026-09-07T16:24:56.871,11.807,6.429,9.485,-63,NO_MOVEMENT,8
2026-09-07T16:24:57.698,11.807,6.429,9.485,-63,NO_MOVEMENT,8
2026-09-07T16:24:58.487,11.807,6.429,9.485,-63,NO_MOVEMENT,8
2026-09-07T16:24:59.330,11.807,6.429,9.485,-63,NO_MOVEMENT,8
2026-09-07T16:25:00.164,11.807,6.429,9.485,-63,NO_MOVEMENT,8
2026-09-07T16:25:01.209,11.807,6.429,9.485,-63,NO_MOVEMENT,8
2026-09-07T16:25:02.043,11.807,6.429,9.485,-63,NO_MOVEMENT,8
2026-09-07T16:25:02.578,11.807,6.429,9.485,-63,NO_MOVEMENT,8
2026-09-07T16:25:03.399,11.807,6.429,9.485,-63,NO_MOVEMENT,8
2026-09-07T16:25:04.190,11.807,6.429,9.485,-63,NO_MOVEMENT,8
2026-09-07T16:25:05.002,11.807,6.429,9.485,-63,NO_MOVEMENT,8
2026-09-07T16:25:05.805,11.807,6.429,9.485,-63,NO_MOVEMENT,8
2026-09-07T16:25:06.592,11.807,6.429,9.485,-63,NO_MOVEMENT,8
2026-09-07T16:25:07.390,11.807,6.429,9.485,-63,NO_MOVEMENT,8
2026-09-07T16:25:08.182,11.807,6.429,9.485,-63,NO_MOVEMENT,8
2026-09-07T16:25:08.998,11.807,6.429,9.485,-63,NO_MOVEMENT,8
2026-09-07T16:25:09.842,11.807,6.429,9.485,-63,NO_MOVEMENT,8
2026-09-07T16:25:10.640,11.807,6.429,9.485,-63,NO_MOVEMENT,8
2026-09-07T16:25:11.483,11.807,6.429,9.485,-63,NO_MOVEMENT,8
2026-09-07T16:25:12.050,11.807,6.429,9.485,-63,NO_MOVEMENT,8
2026-09-07T16:25:12.875,11.807,6.429,9.485,-63,NO_MOVEMENT,8
2026-09-07T16:25:13.666,11.807,6.429,9.485,-63,NO_MOVEMENT,8
2026-09-07T16:25:14.471,11.807,6.429,9.485,-63,NO_MOVEMENT,8
2026-09-07T16:25:15.278,11.807,6.429,9.485,-63,NO_MOVEMENT,8
2026-09-07T16:25:16.083,11.807,6.429,9.485,-63,NO_MOVEMENT,8
2026-09-07T16:25:16.855,11.807,6.429,9.485,-63,NO_MOVEMENT,8
2026-09-07T16:25:17.663,11.807,6.429,9.485,-63,NO_MOVEMENT,8
2026-09-07T16:25:18.466,11.807,6.429,9.485,-63,NO_MOVEMENT,8
2026-09-07T16:25:19.273,11.807,6.429,9.485,-63,NO_MOVEMENT,8
2026-09-07T16:25:20.061,11.807,6.429,9.485,-63,NO_MOVEMENT,8
2026-09-07T16:25:20.858,11.807,6.429,9.485,-63,NO_MOVEMENT,8
2026-09-07T16:25:21.415,11.807,6.429,9.485,-63,NO_MOVEMENT,8
2026-09-07T16:25:22.229,11.807,6.429,9.485,-63,NO_MOVEMENT,8
2026-09-07T16:25:23.040,11.807,6.429,9.485,-63,NO_MOVEMENT,8
2026-09-07T16:25:23.841,11.807,6.429,9.485,-63,NO_MOVEMENT,8
2026-09-07T16:25:24.624,11.807,6.429,9.485,-63,NO_MOVEMENT,8
2026-09-07T16:25:25.420,11.807,6.429,9.485,-63,NO_MOVEMENT,8
2026-09-07T16:25:26.245,11.807,6.429,9.485,-63,NO_MOVEMENT,8
2026-09-07T16:25:27.066,11.807,6.429,9.485,-63,NO_MOVEMENT,8
2026-09-07T16:25:27.838,11.807,6.429,9.485,-63,NO_MOVEMENT,8
2026-09-07T16:25:28.649,11.807,6.429,9.485,-63,NO_MOVEMENT,8
2026-09-07T16:25:29.481,11.807,6.429,9.485,-63,NO_MOVEMENT,8
2026-09-07T16:25:30.304,11.807,6.429,9.485,-63,NO_MOVEMENT,8
2026-09-07T16:25:30.866,11.807,6.429,9.485,-63,NO_MOVEMENT,8
2026-09-07T16:25:31.748,11.807,6.429,9.485,-63,NO_MOVEMENT,8
2026-09-07T16:25:32.682,11.807,6.429,9.485,-63,NO_MOVEMENT,8
2026-09-07T16:25:33.479,11.807,6.429,9.485,-63,NO_MOVEMENT,8
2026-09-07T16:25:34.268,11.807,6.429,9.485,-63,NO_MOVEMENT,8
2026-09-07T16:25:35.045,11.807,6.429,9.485,-63,NO_MOVEMENT,8
2026-09-07T16:25:35.823,11.807,6.429,9.485,-63,NO_MOVEMENT,8
2026-09-07T16:25:36.622,11.807,6.429,9.485,-63,NO_MOVEMENT,8
2026-09-07T16:25:37.519,11.807,6.429,9.485,-63,NO_MOVEMENT,8
2026-09-07T16:25:38.324,11.807,6.429,9.485,-63,NO_MOVEMENT,8
2026-09-07T16:25:39.088,11.807,6.429,9.485,-63,NO_MOVEMENT,8
2026-09-07T16:25:40.107,11.807,6.429,9.485,-63,NO_MOVEMENT,8
2026-09-07T16:25:40.738,11.807,6.429,9.485,-63,NO_MOVEMENT,8
2026-09-07T16:25:41.671,11.807,6.429,9.485,-63,NO_MOVEMENT,8
2026-09-07T16:25:42.606,11.807,6.429,9.485,-63,NO_MOVEMENT,8
2026-09-07T16:25:43.581,11.807,6.429,9.485,-63,NO_MOVEMENT,8
2026-09-07T16:25:44.476,11.807,6.429,9.485,-63,NO_MOVEMENT,8
2026-09-07T16:25:45.386,11.807,6.429,9.485,-63,NO_MOVEMENT,8
2026-09-07T16:25:46.306,11.807,6.429,9.485,-63,NO_MOVEMENT,8
2026-09-07T16:25:47.239,11.807,6.429,9.485,-63,NO_MOVEMENT,8
2026-09-07T16:25:47.892,11.807,6.429,9.485,-63,NO_MOVEMENT,8
2026-09-07T16:25:48.831,11.807,6.429,9.485,-63,NO_MOVEMENT,8
2026-09-07T16:25:49.846,11.807,6.429,9.485,-63,NO_MOVEMENT,8
2026-09-07T16:25:50.859,11.807,6.429,9.485,-63,NO_MOVEMENT,8
2026-09-07T16:25:51.711,11.807,6.429,9.485,-63,NO_MOVEMENT,8
2026-09-07T16:25:52.433,11.807,6.429,9.485,-63,NO_MOVEMENT,8
2026-09-07T16:25:53.265,11.807,6.429,9.485,-63,NO_MOVEMENT,8
2026-09-07T16:25:54.228,11.807,6.429,9.485,-63,NO_MOVEMENT,8
2026-09-07T16:25:55.138,11.807,6.429,9.485,-63,NO_MOVEMENT,8
2026-09-07T16:25:56.125,11.807,6.429,9.485,-63,NO_MOVEMENT,8
2026-09-07T16:25:57.069,11.807,6.429,9.485,-63,NO_MOVEMENT,8
2026-09-07T16:25:58.025,11.807,6.429,9.485,-63,NO_MOVEMENT,8
2026-09-07T16:25:58.978,11.807,6.429,9.485,-63,NO_MOVEMENT,8
2026-09-07T16:25:59.583,11.807,6.429,9.485,-63,NO_MOVEMENT,8
2026-09-07T16:26:00.298,11.807,6.429,9.485,-63,NO_MOVEMENT,8
2026-09-07T16:26:00.816,11.807,6.429,9.485,-63,NO_MOVEMENT,8
2026-09-07T16:26:01.383,11.807,6.429,9.485,-63,NO_MOVEMENT,8
2026-09-07T16:26:02.406,11.807,6.429,9.485,-63,NO_MOVEMENT,8
2026-09-07T16:26:03.325,11.807,6.429,9.485,-63,NO_MOVEMENT,8
2026-09-07T16:26:04.222,11.807,6.429,9.485,-63,NO_MOVEMENT,8
2026-09-08T09:45:01.498,13.674,20.651,32.642,-75,NO_MOVEMENT,0
2026-09-08T09:45:02.105,17.418,20.651,32.642,-80,NO_MOVEMENT,0
2026-09-08T09:45:02.654,20.293,20.651,32.642,-76,NO_MOVEMENT,0
2026-09-08T09:45:03.218,28.787,20.651,32.642,-84,NO_MOVEMENT,0
2026-09-08T09:45:03.785,28.934,20.651,32.642,-75,NO_MOVEMENT,0
2026-09-08T09:45:04.346,30.239,20.651,32.642,-76,NO_MOVEMENT,0
2026-09-08T09:45:04.950,32.316,20.651,32.642,-72,NO_MOVEMENT,0
2026-09-08T09:45:05.503,35.255,20.651,32.642,-74,MOVEMENT,1
2026-09-08T09:45:06.084,19.457,20.651,32.642,-69,RECENT_MOVEMENT,1
2026-09-08T09:45:06.637,12.103,20.651,32.642,-71,RECENT_MOVEMENT,1
2026-09-08T09:45:07.214,13.270,20.651,32.642,-72,RECENT_MOVEMENT,1
2026-09-08T09:45:07.839,12.051,20.651,32.642,-69,RECENT_MOVEMENT,1
2026-09-08T09:45:08.349,12.034,20.651,32.642,-70,RECENT_MOVEMENT,1
2026-09-08T09:45:09.006,16.697,20.651,32.642,-78,RECENT_MOVEMENT,1
2026-09-08T09:45:09.593,24.866,20.651,32.642,-81,RECENT_MOVEMENT,1
2026-09-08T09:45:10.255,28.803,20.651,32.642,-75,RECENT_MOVEMENT,1
2026-09-08T09:45:10.766,31.753,20.651,32.642,-71,NO_MOVEMENT,1
2026-09-08T09:45:11.409,31.504,20.651,32.642,-69,NO_MOVEMENT,1
2026-09-08T09:45:11.919,30.570,20.651,32.642,-75,NO_MOVEMENT,1
2026-09-08T09:45:12.536,24.111,20.651,32.642,-73,NO_MOVEMENT,1
2026-09-08T09:45:13.146,23.108,20.651,32.642,-77,NO_MOVEMENT,1
2026-09-08T09:45:13.702,30.093,20.651,32.642,-75,NO_MOVEMENT,1
2026-09-08T09:45:14.280,21.155,20.651,32.642,-73,NO_MOVEMENT,1
2026-09-08T09:45:14.890,19.657,20.651,32.642,-71,NO_MOVEMENT,1
2026-09-08T09:45:15.391,14.758,20.651,32.642,-72,NO_MOVEMENT,1
2026-09-08T09:45:15.977,9.925,20.651,32.642,-73,NO_MOVEMENT,1
2026-09-08T09:45:16.555,9.780,20.651,32.642,-75,NO_MOVEMENT,1
2026-09-08T09:45:17.093,11.526,20.651,32.642,-70,NO_MOVEMENT,1
2026-09-08T09:45:17.621,13.097,20.651,32.642,-74,NO_MOVEMENT,1
2026-09-08T09:45:18.173,14.546,20.651,32.642,-80,NO_MOVEMENT,1
2026-09-08T09:45:18.725,19.574,20.651,32.642,-79,NO_MOVEMENT,1
2026-09-08T09:45:19.290,24.436,20.651,32.642,-78,NO_MOVEMENT,1
2026-09-08T09:45:19.845,24.214,20.651,32.642,-74,NO_MOVEMENT,1
2026-09-08T09:45:20.388,24.948,20.651,32.642,-75,NO_MOVEMENT,1
2026-09-08T09:45:20.961,21.271,20.651,32.642,-74,NO_MOVEMENT,1
2026-09-08T09:45:21.501,16.127,20.651,32.642,-71,NO_MOVEMENT,1
2026-09-08T09:45:22.054,15.952,20.651,32.642,-74,NO_MOVEMENT,1
2026-09-08T09:45:22.602,15.569,20.651,32.642,-79,NO_MOVEMENT,1
2026-09-08T09:45:23.144,15.638,20.651,32.642,-76,NO_MOVEMENT,1
2026-09-08T09:45:23.677,15.467,20.651,32.642,-66,NO_MOVEMENT,1
2026-09-08T09:45:24.226,19.619,20.651,32.642,-63,NO_MOVEMENT,1
2026-09-08T09:45:24.794,18.774,20.651,32.642,-61,NO_MOVEMENT,1
2026-09-08T09:45:25.348,29.170,20.651,32.642,-77,NO_MOVEMENT,1
2026-09-08T09:45:25.932,29.170,20.651,32.642,-77,NO_MOVEMENT,1
2026-09-08T09:45:26.492,29.010,20.651,32.642,-73,NO_MOVEMENT,1
2026-09-08T09:45:27.077,26.335,20.651,32.642,-68,NO_MOVEMENT,1
2026-09-08T09:45:27.672,10.744,20.651,32.642,-68,NO_MOVEMENT,1
2026-09-08T09:45:28.225,10.744,20.651,32.642,-68,NO_MOVEMENT,1
2026-09-08T09:45:28.785,8.735,20.651,32.642,-71,NO_MOVEMENT,1
2026-09-08T09:45:29.347,8.735,20.651,32.642,-71,NO_MOVEMENT,1
2026-09-08T09:45:29.927,10.615,20.651,32.642,-76,NO_MOVEMENT,1
2026-09-08T09:45:30.493,11.562,20.651,32.642,-72,NO_MOVEMENT,1
2026-09-08T09:45:31.048,23.055,20.651,32.642,-76,NO_MOVEMENT,1
2026-09-08T09:45:31.606,36.307,20.651,32.642,-67,MOVEMENT,2
2026-09-08T09:45:32.149,36.120,20.651,32.642,-69,MOVEMENT,2
2026-09-08T09:45:32.684,37.923,20.651,32.642,-77,MOVEMENT,2
2026-09-08T09:45:33.233,37.923,20.651,32.642,-77,MOVEMENT,2
2026-09-08T09:45:33.776,38.434,20.651,32.642,-76,MOVEMENT,2
2026-09-08T09:45:34.362,39.554,20.651,32.642,-72,MOVEMENT,2
2026-09-08T09:45:34.930,31.519,20.651,32.642,-72,RECENT_MOVEMENT,2
2026-09-08T09:45:35.452,20.342,20.651,32.642,-76,RECENT_MOVEMENT,2
2026-09-08T09:45:36.012,20.006,20.651,32.642,-74,RECENT_MOVEMENT,2
2026-09-08T09:45:36.547,18.583,20.651,32.642,-78,RECENT_MOVEMENT,2
2026-09-08T09:45:37.068,15.940,20.651,32.642,-68,RECENT_MOVEMENT,2
2026-09-08T09:45:37.612,15.128,20.651,32.642,-67,RECENT_MOVEMENT,2
2026-09-08T09:45:38.170,10.184,20.651,32.642,-70,RECENT_MOVEMENT,2
2026-09-08T09:45:38.696,8.231,20.651,32.642,-69,RECENT_MOVEMENT,2
2026-09-08T09:45:39.317,7.524,20.651,32.642,-69,RECENT_MOVEMENT,2
2026-09-08T09:45:39.927,6.241,20.651,32.642,-70,NO_MOVEMENT,2
2026-09-08T09:45:40.493,7.008,20.651,32.642,-70,NO_MOVEMENT,2
2026-09-08T09:45:41.047,7.214,20.651,32.642,-66,NO_MOVEMENT,2
2026-09-08T09:45:41.590,6.583,20.651,32.642,-68,NO_MOVEMENT,2
2026-09-08T09:45:42.152,7.158,20.651,32.642,-74,NO_MOVEMENT,2
2026-09-08T09:45:42.673,14.525,20.651,32.642,-84,NO_MOVEMENT,2
2026-09-08T09:45:43.225,26.853,20.651,32.642,-82,NO_MOVEMENT,2
2026-09-08T09:45:43.763,28.781,20.651,32.642,-81,NO_MOVEMENT,2
2026-09-08T09:45:44.344,29.383,20.651,32.642,-78,NO_MOVEMENT,2
2026-09-08T09:45:44.894,29.383,20.651,32.642,-78,NO_MOVEMENT,2
2026-09-08T09:45:45.459,29.383,20.651,32.642,-78,NO_MOVEMENT,2
2026-09-08T09:45:46.020,29.376,20.651,32.642,-69,NO_MOVEMENT,2
2026-09-08T09:45:46.649,28.569,20.651,32.642,-72,NO_MOVEMENT,2
2026-09-08T09:45:47.236,29.465,20.651,32.642,-79,NO_MOVEMENT,2
2026-09-08T09:45:47.780,23.583,20.651,32.642,-72,NO_MOVEMENT,2
2026-09-08T09:45:48.775,26.839,20.651,32.642,-80,NO_MOVEMENT,2
2026-09-08T09:45:49.762,26.736,20.651,32.642,-70,NO_MOVEMENT,2
2026-09-08T09:45:50.284,24.191,20.651,32.642,-74,NO_MOVEMENT,2
2026-09-08T09:45:50.836,18.111,20.651,32.642,-70,NO_MOVEMENT,2
2026-09-08T09:45:51.469,8.244,20.651,32.642,-74,NO_MOVEMENT,2
2026-09-08T09:45:52.090,13.164,20.651,32.642,-80,NO_MOVEMENT,2
2026-09-08T09:45:52.719,12.320,20.651,32.642,-74,NO_MOVEMENT,2
2026-09-08T09:45:53.344,14.943,20.651,32.642,-72,NO_MOVEMENT,2
2026-09-08T09:45:53.972,19.721,20.651,32.642,-75,NO_MOVEMENT,2
2026-09-08T09:45:54.612,24.378,20.651,32.642,-73,NO_MOVEMENT,2
2026-09-08T09:45:55.260,33.809,20.651,32.642,-76,NO_MOVEMENT,2
2026-09-08T09:45:55.870,28.684,20.651,32.642,-73,NO_MOVEMENT,2
2026-09-08T09:45:56.489,28.157,20.651,32.642,-72,NO_MOVEMENT,2
2026-09-08T09:45:57.413,27.442,20.651,32.642,-70,NO_MOVEMENT,2
2026-09-08T09:45:58.306,6.314,20.651,32.642,-70,NO_MOVEMENT,2
2026-09-08T09:45:59.227,4.859,20.651,32.642,-70,NO_MOVEMENT,2
2026-09-08T09:46:00.214,4.854,20.651,32.642,-70,NO_MOVEMENT,2
2026-09-08T09:46:00.744,5.014,20.651,32.642,-67,NO_MOVEMENT,2
2026-09-08T09:46:01.255,11.640,20.651,32.642,-73,NO_MOVEMENT,2
2026-09-08T09:46:01.835,15.475,20.651,32.642,-71,NO_MOVEMENT,2
2026-09-08T09:46:02.651,24.031,20.651,32.642,-72,NO_MOVEMENT,2
2026-09-08T09:46:03.528,29.808,20.651,32.642,-70,NO_MOVEMENT,2
2026-09-08T09:46:04.377,29.733,20.651,32.642,-70,NO_MOVEMENT,2
2026-09-08T09:46:05.232,28.683,20.651,32.642,-73,NO_MOVEMENT,2
2026-09-08T09:46:06.121,22.202,20.651,32.642,-75,NO_MOVEMENT,2
2026-09-08T09:46:07.089,16.954,20.651,32.642,-76,NO_MOVEMENT,2
2026-09-08T09:46:07.606,20.681,20.651,32.642,-73,NO_MOVEMENT,2
2026-09-08T09:46:08.147,18.465,20.651,32.642,-68,NO_MOVEMENT,2
2026-09-08T09:46:08.649,14.089,20.651,32.642,-70,NO_MOVEMENT,2
2026-09-08T09:46:09.165,15.534,20.651,32.642,-73,NO_MOVEMENT,2
2026-09-08T09:46:09.679,14.685,20.651,32.642,-76,NO_MOVEMENT,2
2026-09-08T09:46:10.242,12.197,20.651,32.642,-73,NO_MOVEMENT,2
2026-09-08T09:46:10.760,13.829,20.651,32.642,-74,NO_MOVEMENT,2
2026-09-08T09:46:11.798,19.163,20.651,32.642,-78,NO_MOVEMENT,2
2026-09-08T09:46:12.368,16.375,20.651,32.642,-77,NO_MOVEMENT,2
2026-09-08T09:46:12.935,16.200,20.651,32.642,-75,NO_MOVEMENT,2
2026-09-08T09:46:13.804,21.094,20.651,32.642,-75,NO_MOVEMENT,2
2026-09-08T09:46:14.526,16.569,20.651,32.642,-75,NO_MOVEMENT,2
2026-09-08T09:46:15.541,8.280,20.651,32.642,-73,NO_MOVEMENT,2
2026-09-08T09:46:16.058,7.775,20.651,32.642,-77,NO_MOVEMENT,2
2026-09-08T09:46:16.626,19.940,20.651,32.642,-82,NO_MOVEMENT,2
2026-09-08T09:46:17.215,35.803,20.651,32.642,-81,MOVEMENT,3
2026-09-08T09:46:17.784,35.876,20.651,32.642,-72,MOVEMENT,3
2026-09-08T09:46:18.400,38.498,20.651,32.642,-74,MOVEMENT,3
2026-09-08T09:46:18.993,34.858,20.651,32.642,-79,MOVEMENT,3
2026-09-08T09:46:19.549,15.563,20.651,32.642,-74,RECENT_MOVEMENT,3
2026-09-08T09:46:20.132,15.420,20.651,32.642,-74,RECENT_MOVEMENT,3
2026-09-08T09:46:20.684,15.938,20.651,32.642,-74,RECENT_MOVEMENT,3
2026-09-08T09:46:21.245,12.425,20.651,32.642,-71,RECENT_MOVEMENT,3
2026-09-08T09:46:21.867,6.248,20.651,32.642,-72,RECENT_MOVEMENT,3
2026-09-08T09:46:22.465,7.519,20.651,32.642,-74,RECENT_MOVEMENT,3
2026-09-08T09:46:23.030,8.961,20.651,32.642,-72,RECENT_MOVEMENT,3
2026-09-08T09:46:23.615,9.712,20.651,32.642,-71,RECENT_MOVEMENT,3
2026-09-08T09:46:24.171,7.187,20.651,32.642,-72,NO_MOVEMENT,3
2026-09-08T09:46:24.773,4.389,20.651,32.642,-70,NO_MOVEMENT,3
2026-09-08T09:46:25.359,4.409,20.651,32.642,-70,NO_MOVEMENT,3
2026-09-08T09:46:26.058,7.798,20.651,32.642,-73,NO_MOVEMENT,3
2026-09-08T09:46:26.655,7.593,20.651,32.642,-72,NO_MOVEMENT,3
2026-09-08T09:46:27.690,10.375,20.651,32.642,-76,NO_MOVEMENT,3
2026-09-08T09:46:28.277,15.285,20.651,32.642,-77,NO_MOVEMENT,3
2026-09-08T09:46:28.847,14.587,20.651,32.642,-80,NO_MOVEMENT,3
2026-09-08T09:46:29.458,17.969,20.651,32.642,-83,NO_MOVEMENT,3
2026-09-08T09:46:30.026,17.976,20.651,32.642,-72,NO_MOVEMENT,3
2026-09-08T09:46:30.616,15.959,20.651,32.642,-73,NO_MOVEMENT,3
2026-09-08T09:46:31.242,12.513,20.651,32.642,-77,NO_MOVEMENT,3
2026-09-08T09:46:31.837,9.448,20.651,32.642,-75,NO_MOVEMENT,3
2026-09-08T09:46:32.449,9.566,20.651,32.642,-72,NO_MOVEMENT,3
2026-09-08T09:46:33.008,9.272,20.651,32.642,-71,NO_MOVEMENT,3
2026-09-08T09:46:33.554,9.482,20.651,32.642,-74,NO_MOVEMENT,3
2026-09-08T09:46:34.080,12.095,20.651,32.642,-75,NO_MOVEMENT,3
2026-09-08T09:46:34.629,21.271,20.651,32.642,-74,NO_MOVEMENT,3
2026-09-08T09:46:35.196,18.427,20.651,32.642,-78,NO_MOVEMENT,3
2026-09-08T09:46:35.767,19.594,20.651,32.642,-73,NO_MOVEMENT,3
2026-09-08T09:46:36.289,19.861,20.651,32.642,-71,NO_MOVEMENT,3
2026-09-08T09:46:36.869,17.804,20.651,32.642,-71,NO_MOVEMENT,3
2026-09-08T09:46:37.480,14.753,20.651,32.642,-69,NO_MOVEMENT,3
2026-09-08T09:46:38.366,17.867,20.651,32.642,-73,NO_MOVEMENT,3
2026-09-08T09:46:39.267,30.996,20.651,32.642,-76,NO_MOVEMENT,3
2026-09-08T09:46:40.136,41.391,20.651,32.642,-78,MOVEMENT,4
2026-09-08T09:46:41.098,41.914,20.651,32.642,-68,MOVEMENT,4
2026-09-08T09:46:41.613,34.686,20.651,32.642,-69,MOVEMENT,4
2026-09-08T09:46:42.118,32.057,20.651,32.642,-70,RECENT_MOVEMENT,4
2026-09-08T09:46:42.633,17.579,20.651,32.642,-71,RECENT_MOVEMENT,4
2026-09-08T09:46:43.579,11.810,20.651,32.642,-73,RECENT_MOVEMENT,4
2026-09-08T09:46:44.147,16.027,20.651,32.642,-72,RECENT_MOVEMENT,4
2026-09-08T09:46:45.123,19.130,20.651,32.642,-71,RECENT_MOVEMENT,4
2026-09-08T09:46:46.097,21.849,20.651,32.642,-71,RECENT_MOVEMENT,4
2026-09-08T09:46:46.605,17.613,20.651,32.642,-69,RECENT_MOVEMENT,4
2026-09-08T09:46:47.344,17.848,20.651,32.642,-70,NO_MOVEMENT,4
2026-09-08T09:46:48.078,8.626,20.651,32.642,-69,NO_MOVEMENT,4
2026-09-08T09:46:48.881,6.989,20.651,32.642,-71,NO_MOVEMENT,4
2026-09-08T09:46:49.414,7.393,20.651,32.642,-69,NO_MOVEMENT,4
2026-09-08T09:46:49.951,6.159,20.651,32.642,-70,NO_MOVEMENT,4
2026-09-08T09:46:50.693,12.081,20.651,32.642,-69,NO_MOVEMENT,4
2026-09-08T09:46:51.227,12.222,20.651,32.642,-71,NO_MOVEMENT,4
2026-09-08T09:46:51.775,11.472,20.651,32.642,-69,NO_MOVEMENT,4
2026-09-08T09:46:52.354,10.117,20.651,32.642,-72,NO_MOVEMENT,4
2026-09-08T09:46:52.867,11.827,20.651,32.642,-77,NO_MOVEMENT,4
2026-09-08T09:46:53.405,11.585,20.651,32.642,-74,NO_MOVEMENT,4
2026-09-08T09:46:53.955,11.206,20.651,32.642,-73,NO_MOVEMENT,4
2026-09-08T09:46:54.484,10.730,20.651,32.642,-67,NO_MOVEMENT,4
2026-09-08T09:46:55.011,5.834,20.651,32.642,-66,NO_MOVEMENT,4
2026-09-08T09:46:55.527,5.266,20.651,32.642,-74,NO_MOVEMENT,4
2026-09-08T09:46:56.148,5.168,20.651,32.642,-69,NO_MOVEMENT,4
2026-09-08T09:46:57.201,5.515,20.651,32.642,-67,NO_MOVEMENT,4
2026-09-08T09:46:57.719,10.142,20.651,32.642,-71,NO_MOVEMENT,4
2026-09-08T09:46:58.599,14.003,20.651,32.642,-78,NO_MOVEMENT,4
2026-09-08T09:46:59.251,14.327,20.651,32.642,-73,NO_MOVEMENT,4
2026-09-08T09:46:59.813,12.352,20.651,32.642,-73,NO_MOVEMENT,4
2026-09-08T09:47:00.500,10.581,20.651,32.642,-68,NO_MOVEMENT,4
2026-09-08T09:47:01.209,9.430,20.651,32.642,-68,NO_MOVEMENT,4
2026-09-08T09:47:01.864,8.356,20.651,32.642,-64,NO_MOVEMENT,4
2026-09-08T09:47:02.665,9.011,20.651,32.642,-66,NO_MOVEMENT,4
2026-09-08T09:47:03.225,8.196,20.651,32.642,-67,NO_MOVEMENT,4
2026-09-08T09:47:03.895,7.372,20.651,32.642,-65,NO_MOVEMENT,4
2026-09-08T09:47:04.577,6.649,20.651,32.642,-68,NO_MOVEMENT,4
2026-09-08T09:47:05.242,7.634,20.651,32.642,-65,NO_MOVEMENT,4
2026-09-08T09:47:05.940,9.100,20.651,32.642,-65,NO_MOVEMENT,4
2026-09-08T09:47:06.607,8.165,20.651,32.642,-65,NO_MOVEMENT,4
2026-09-08T09:47:07.296,7.380,20.651,32.642,-66,NO_MOVEMENT,4
2026-09-08T09:47:07.933,6.937,20.651,32.642,-66,NO_MOVEMENT,4
2026-09-08T09:47:08.474,6.812,20.651,32.642,-65,NO_MOVEMENT,4
2026-09-08T09:47:09.080,6.137,20.651,32.642,-64,NO_MOVEMENT,4
2026-09-08T09:47:09.640,4.296,20.651,32.642,-66,NO_MOVEMENT,4
2026-09-08T09:47:10.210,6.349,20.651,32.642,-68,NO_MOVEMENT,4
2026-09-08T09:47:11.170,7.764,20.651,32.642,-65,NO_MOVEMENT,4
2026-09-08T09:47:11.707,7.765,20.651,32.642,-66,NO_MOVEMENT,4
2026-09-08T09:47:12.314,7.720,20.651,32.642,-65,NO_MOVEMENT,4
2026-09-08T09:47:12.886,5.921,20.651,32.642,-66,NO_MOVEMENT,4
2026-09-08T09:47:13.486,7.425,20.651,32.642,-67,NO_MOVEMENT,4
2026-09-08T09:47:14.364,9.142,20.651,32.642,-65,NO_MOVEMENT,4
2026-09-08T09:47:15.030,9.478,20.651,32.642,-65,NO_MOVEMENT,4
2026-09-08T09:47:15.649,7.128,20.651,32.642,-67,NO_MOVEMENT,4
2026-09-08T09:47:16.259,6.698,20.651,32.642,-69,NO_MOVEMENT,4
2026-09-08T09:47:16.812,7.724,20.651,32.642,-71,NO_MOVEMENT,4
2026-09-08T09:47:17.397,9.027,20.651,32.642,-71,NO_MOVEMENT,4
2026-09-08T09:47:18.024,9.300,20.651,32.642,-69,NO_MOVEMENT,4
2026-09-08T09:47:18.601,9.536,20.651,32.642,-69,NO_MOVEMENT,4
2026-09-08T09:47:19.132,9.701,20.651,32.642,-69,NO_MOVEMENT,4
2026-09-08T09:47:19.646,9.866,20.651,32.642,-68,NO_MOVEMENT,4
2026-09-08T09:47:20.183,6.791,20.651,32.642,-70,NO_MOVEMENT,4
2026-09-08T09:47:20.741,5.963,20.651,32.642,-69,NO_MOVEMENT,4
2026-09-08T09:47:21.341,7.510,20.651,32.642,-69,NO_MOVEMENT,4
2026-09-08T09:47:21.866,8.356,20.651,32.642,-70,NO_MOVEMENT,4
2026-09-08T09:47:22.386,9.981,20.651,32.642,-70,NO_MOVEMENT,4
2026-09-08T09:47:23.390,9.361,20.651,32.642,-68,NO_MOVEMENT,4
2026-09-08T09:47:23.909,9.352,20.651,32.642,-68,NO_MOVEMENT,4
2026-09-08T09:47:24.448,8.363,20.651,32.642,-70,NO_MOVEMENT,4
2026-09-08T09:47:24.988,7.184,20.651,32.642,-69,NO_MOVEMENT,4
2026-09-08T09:47:25.689,8.710,20.651,32.642,-68,NO_MOVEMENT,4
2026-09-08T09:47:26.243,9.004,20.651,32.642,-68,NO_MOVEMENT,4
2026-09-08T09:47:26.767,9.233,20.651,32.642,-68,NO_MOVEMENT,4
2026-09-08T09:47:27.289,9.458,20.651,32.642,-68,NO_MOVEMENT,4
2026-09-08T09:47:27.857,10.730,20.651,32.642,-71,NO_MOVEMENT,4
2026-09-08T09:47:28.450,14.405,20.651,32.642,-68,NO_MOVEMENT,4
2026-09-08T09:47:29.010,19.759,20.651,32.642,-71,NO_MOVEMENT,4
2026-09-08T09:47:29.626,22.448,20.651,32.642,-72,NO_MOVEMENT,4
2026-09-08T09:47:30.128,23.985,20.651,32.642,-77,NO_MOVEMENT,4
2026-09-08T09:47:30.689,23.117,20.651,32.642,-74,NO_MOVEMENT,4
2026-09-08T09:47:31.351,28.472,20.651,32.642,-76,NO_MOVEMENT,4
2026-09-08T09:47:31.953,26.975,20.651,32.642,-71,NO_MOVEMENT,4
2026-09-08T09:47:32.512,24.682,20.651,32.642,-70,NO_MOVEMENT,4
2026-09-08T09:47:33.063,22.633,20.651,32.642,-70,NO_MOVEMENT,4
2026-09-08T09:47:33.578,9.209,20.651,32.642,-69,NO_MOVEMENT,4
2026-09-08T09:47:34.094,6.826,20.651,32.642,-68,NO_MOVEMENT,4
2026-09-08T09:47:34.612,5.651,20.651,32.642,-69,NO_MOVEMENT,4
2026-09-08T09:47:35.117,4.765,20.651,32.642,-71,NO_MOVEMENT,4
2026-09-08T09:47:35.691,5.266,20.651,32.642,-71,NO_MOVEMENT,4
2026-09-08T09:47:36.346,5.609,20.651,32.642,-73,NO_MOVEMENT,4
2026-09-08T09:47:37.357,8.627,20.651,32.642,-72,NO_MOVEMENT,4
2026-09-08T09:47:37.990,7.130,20.651,32.642,-74,NO_MOVEMENT,4
2026-09-08T09:47:38.609,6.820,20.651,32.642,-72,NO_MOVEMENT,4
2026-09-08T09:47:39.179,11.537,20.651,32.642,-70,NO_MOVEMENT,4
2026-09-08T09:47:39.826,13.026,20.651,32.642,-69,NO_MOVEMENT,4
2026-09-08T09:47:40.447,12.833,20.651,32.642,-69,NO_MOVEMENT,4
2026-09-08T09:47:41.078,10.674,20.651,32.642,-69,NO_MOVEMENT,4
2026-09-08T09:47:41.663,9.111,20.651,32.642,-68,NO_MOVEMENT,4
2026-09-08T09:47:42.243,8.839,20.651,32.642,-69,NO_MOVEMENT,4
2026-09-08T09:47:42.786,7.336,20.651,32.642,-69,NO_MOVEMENT,4
2026-09-08T09:47:43.363,6.255,20.651,32.642,-69,NO_MOVEMENT,4
2026-09-08T09:47:44.002,6.258,20.651,32.642,-71,NO_MOVEMENT,4
2026-09-08T09:47:44.655,6.121,20.651,32.642,-70,NO_MOVEMENT,4
2026-09-08T09:47:45.275,7.235,20.651,32.642,-71,NO_MOVEMENT,4
2026-09-08T09:47:45.896,8.411,20.651,32.642,-73,NO_MOVEMENT,4
2026-09-08T09:47:46.450,9.210,20.651,32.642,-71,NO_MOVEMENT,4
2026-09-08T09:47:47.114,11.247,20.651,32.642,-68,NO_MOVEMENT,4
2026-09-08T09:47:47.723,11.391,20.651,32.642,-70,NO_MOVEMENT,4
2026-09-08T09:47:48.253,10.817,20.651,32.642,-72,NO_MOVEMENT,4
2026-09-08T09:47:48.759,10.846,20.651,32.642,-73,NO_MOVEMENT,4
2026-09-08T09:47:49.302,11.899,20.651,32.642,-74,NO_MOVEMENT,4
2026-09-08T09:47:49.953,11.899,20.651,32.642,-74,NO_MOVEMENT,4
2026-09-08T09:47:50.457,11.744,20.651,32.642,-72,NO_MOVEMENT,4
2026-09-08T09:47:50.983,17.409,20.651,32.642,-74,NO_MOVEMENT,4
2026-09-08T09:47:51.653,22.635,20.651,32.642,-71,NO_MOVEMENT,4
2026-09-08T09:47:52.260,17.468,20.651,32.642,-76,NO_MOVEMENT,4
2026-09-08T09:47:52.884,14.897,20.651,32.642,-73,NO_MOVEMENT,4
2026-09-08T09:47:53.508,14.086,20.651,32.642,-71,NO_MOVEMENT,4
2026-09-08T09:47:54.129,19.984,20.651,32.642,-80,NO_MOVEMENT,4
2026-09-08T09:47:54.770,20.030,20.651,32.642,-68,NO_MOVEMENT,4
2026-09-08T09:47:55.288,17.751,20.651,32.642,-75,NO_MOVEMENT,4
2026-09-08T09:47:55.910,18.343,20.651,32.642,-72,NO_MOVEMENT,4
2026-09-08T09:47:56.531,18.304,20.651,32.642,-71,NO_MOVEMENT,4
2026-09-08T09:47:57.055,12.936,20.651,32.642,-70,NO_MOVEMENT,4
2026-09-08T09:47:57.687,12.907,20.651,32.642,-67,NO_MOVEMENT,4
2026-09-08T09:47:58.314,11.622,20.651,32.642,-69,NO_MOVEMENT,4
2026-09-08T09:47:58.951,9.149,20.651,32.642,-70,NO_MOVEMENT,4
2026-09-08T09:47:59.452,9.884,20.651,32.642,-71,NO_MOVEMENT,4
2026-09-08T09:48:00.131,11.284,20.651,32.642,-72,NO_MOVEMENT,4
2026-09-08T09:48:00.722,11.835,20.651,32.642,-72,NO_MOVEMENT,4
2026-09-08T09:48:01.330,12.947,20.651,32.642,-70,NO_MOVEMENT,4
2026-09-08T09:48:01.869,14.164,20.651,32.642,-69,NO_MOVEMENT,4
2026-09-08T09:48:02.507,15.419,20.651,32.642,-68,NO_MOVEMENT,4
2026-09-08T09:48:03.170,16.408,20.651,32.642,-68,NO_MOVEMENT,4
2026-09-08T09:48:03.825,16.913,20.651,32.642,-67,NO_MOVEMENT,4
2026-09-08T09:48:04.387,15.287,20.651,32.642,-66,NO_MOVEMENT,4
2026-09-08T09:48:05.036,13.270,20.651,32.642,-68,NO_MOVEMENT,4
2026-09-08T09:48:05.697,13.817,20.651,32.642,-62,NO_MOVEMENT,4
2026-09-08T09:48:06.360,18.691,20.651,32.642,-59,NO_MOVEMENT,4
2026-09-08T09:48:06.900,14.672,20.651,32.642,-57,NO_MOVEMENT,4
2026-09-08T09:48:07.543,6.304,20.651,32.642,-59,NO_MOVEMENT,4
2026-09-08T09:48:08.168,8.595,20.651,32.642,-55,NO_MOVEMENT,4
2026-09-08T09:48:08.795,10.085,20.651,32.642,-57,NO_MOVEMENT,4
2026-09-08T09:48:09.426,10.340,20.651,32.642,-60,NO_MOVEMENT,4
2026-09-08T09:48:10.070,9.805,20.651,32.642,-59,NO_MOVEMENT,4
2026-09-08T09:48:10.700,8.568,20.651,32.642,-59,NO_MOVEMENT,4
2026-09-08T09:48:11.337,8.568,20.651,32.642,-59,NO_MOVEMENT,4
2026-09-08T09:48:11.975,8.348,20.651,32.642,-63,NO_MOVEMENT,4
2026-09-08T09:48:12.583,8.670,20.651,32.642,-59,NO_MOVEMENT,4
2026-09-08T09:48:13.229,7.691,20.651,32.642,-60,NO_MOVEMENT,4
2026-09-08T09:48:13.893,8.019,20.651,32.642,-60,NO_MOVEMENT,4
2026-09-08T09:48:14.429,9.954,20.651,32.642,-65,NO_MOVEMENT,4
2026-09-08T09:48:14.975,9.902,20.651,32.642,-74,NO_MOVEMENT,4
2026-09-08T09:48:15.564,10.300,20.651,32.642,-68,NO_MOVEMENT,4
2026-09-08T09:48:16.082,10.242,20.651,32.642,-62,NO_MOVEMENT,4
2026-09-08T09:48:16.681,11.316,20.651,32.642,-67,NO_MOVEMENT,4
2026-09-08T09:48:17.308,10.785,20.651,32.642,-66,NO_MOVEMENT,4
2026-09-08T09:48:17.913,10.661,20.651,32.642,-63,NO_MOVEMENT,4
2026-09-08T09:48:18.498,10.759,20.651,32.642,-67,NO_MOVEMENT,4
2026-09-08T09:48:19.063,8.766,20.651,32.642,-65,NO_MOVEMENT,4
2026-09-08T09:48:19.582,8.635,20.651,32.642,-64,NO_MOVEMENT,4
2026-09-08T09:48:20.192,8.596,20.651,32.642,-65,NO_MOVEMENT,4
2026-09-08T09:54:45.123,4.509,6.610,14.610,-60,NO_MOVEMENT,0
2026-09-08T09:54:45.751,4.118,6.610,14.610,-61,NO_MOVEMENT,0
2026-09-08T09:54:46.257,4.438,6.610,14.610,-61,NO_MOVEMENT,0
2026-09-08T09:54:46.773,4.327,6.610,14.610,-61,NO_MOVEMENT,0
2026-09-08T09:54:47.397,4.749,6.610,14.610,-62,NO_MOVEMENT,0
2026-09-08T09:54:47.912,6.241,6.610,14.610,-62,NO_MOVEMENT,0
2026-09-08T09:54:48.524,8.123,6.610,14.610,-62,NO_MOVEMENT,0
2026-09-08T09:54:49.042,8.154,6.610,14.610,-61,NO_MOVEMENT,0
2026-09-08T09:54:49.547,11.215,6.610,14.610,-72,NO_MOVEMENT,0
2026-09-08T09:54:50.164,13.429,6.610,14.610,-71,NO_MOVEMENT,0
2026-09-08T09:54:50.779,14.767,6.610,14.610,-69,MOVEMENT,1
2026-09-08T09:54:51.382,15.132,6.610,14.610,-65,MOVEMENT,1
2026-09-08T09:54:51.899,15.532,6.610,14.610,-72,MOVEMENT,2
2026-09-08T09:54:52.409,15.715,6.610,14.610,-70,MOVEMENT,2
2026-09-08T09:54:53.025,13.937,6.610,14.610,-70,RECENT_MOVEMENT,2
2026-09-08T09:54:53.636,13.775,6.610,14.610,-71,RECENT_MOVEMENT,2
2026-09-08T09:54:54.224,13.775,6.610,14.610,-71,RECENT_MOVEMENT,2
2026-09-08T09:54:54.815,39.301,6.610,14.610,-82,RECENT_MOVEMENT,2
2026-09-08T09:54:55.404,39.306,6.610,14.610,-79,MOVEMENT,3
2026-09-08T09:54:55.995,41.235,6.610,14.610,-82,MOVEMENT,3
2026-09-08T09:54:56.495,42.669,6.610,14.610,-84,MOVEMENT,3
2026-09-08T09:54:57.103,44.621,6.610,14.610,-82,MOVEMENT,3
2026-09-08T09:54:57.710,45.017,6.610,14.610,-67,MOVEMENT,3
2026-09-08T09:54:58.317,46.918,6.610,14.610,-68,MOVEMENT,3
2026-09-08T09:54:58.928,49.099,6.610,14.610,-69,MOVEMENT,3
2026-09-08T09:54:59.530,49.099,6.610,14.610,-69,MOVEMENT,3
2026-09-08T09:55:00.165,32.705,6.610,14.610,-72,MOVEMENT,3
2026-09-08T09:55:00.756,31.470,6.610,14.610,-73,MOVEMENT,3
2026-09-08T09:55:01.299,31.470,6.610,14.610,-73,MOVEMENT,3
2026-09-08T09:55:01.874,29.054,6.610,14.610,-73,MOVEMENT,3
2026-09-08T09:55:02.473,20.360,6.610,14.610,-75,MOVEMENT,3
2026-09-08T09:55:03.058,20.628,6.610,14.610,-75,MOVEMENT,3
2026-09-08T09:55:03.644,19.919,6.610,14.610,-71,MOVEMENT,3
2026-09-08T09:55:04.227,21.027,6.610,14.610,-73,MOVEMENT,3
2026-09-08T09:55:04.813,21.655,6.610,14.610,-75,MOVEMENT,3
2026-09-08T09:55:05.322,21.871,6.610,14.610,-75,MOVEMENT,3
2026-09-08T09:55:05.907,21.332,6.610,14.610,-71,MOVEMENT,3
2026-09-08T09:55:06.486,22.006,6.610,14.610,-72,MOVEMENT,3
2026-09-08T09:55:07.074,18.770,6.610,14.610,-71,MOVEMENT,3
2026-09-08T09:55:07.655,21.269,6.610,14.610,-73,MOVEMENT,3
2026-09-08T09:55:08.259,19.311,6.610,14.610,-71,MOVEMENT,3
2026-09-08T09:55:08.851,21.125,6.610,14.610,-73,MOVEMENT,3
2026-09-08T09:55:09.443,23.178,6.610,14.610,-73,MOVEMENT,3
2026-09-08T09:55:10.027,23.309,6.610,14.610,-73,MOVEMENT,3
2026-09-08T09:55:10.621,24.124,6.610,14.610,-73,MOVEMENT,3
2026-09-08T09:55:11.212,25.966,6.610,14.610,-73,MOVEMENT,3
2026-09-08T09:55:11.798,23.394,6.610,14.610,-72,MOVEMENT,3
2026-09-08T09:55:12.384,18.438,6.610,14.610,-72,MOVEMENT,3
2026-09-08T09:55:12.976,19.652,6.610,14.610,-73,MOVEMENT,3
2026-09-08T09:55:13.574,22.394,6.610,14.610,-74,MOVEMENT,3
2026-09-08T09:55:14.188,22.194,6.610,14.610,-73,MOVEMENT,3
2026-09-08T09:55:14.788,23.210,6.610,14.610,-74,MOVEMENT,3
2026-09-08T09:55:15.382,24.038,6.610,14.610,-75,MOVEMENT,3
2026-09-08T09:55:15.970,34.237,6.610,14.610,-76,MOVEMENT,3
2026-09-08T09:55:16.570,41.028,6.610,14.610,-74,MOVEMENT,3
2026-09-08T09:55:17.168,45.173,6.610,14.610,-76,MOVEMENT,3
2026-09-08T09:55:17.768,32.414,6.610,14.610,-74,MOVEMENT,3
2026-09-08T09:55:18.364,20.508,6.610,14.610,-74,MOVEMENT,3
2026-09-08T09:55:18.973,20.735,6.610,14.610,-74,MOVEMENT,3
2026-09-08T09:55:19.592,21.811,6.610,14.610,-74,MOVEMENT,3
2026-09-08T09:55:20.136,22.347,6.610,14.610,-74,MOVEMENT,3
2026-09-08T09:55:20.740,11.833,6.610,14.610,-76,RECENT_MOVEMENT,3
2026-09-08T09:55:21.345,11.877,6.610,14.610,-75,RECENT_MOVEMENT,3
2026-09-08T09:55:21.960,17.103,6.610,14.610,-75,MOVEMENT,4
2026-09-08T09:55:22.566,21.333,6.610,14.610,-74,MOVEMENT,4
2026-09-08T09:55:23.169,20.831,6.610,14.610,-75,MOVEMENT,4
2026-09-08T09:55:23.783,19.846,6.610,14.610,-75,MOVEMENT,4
2026-09-08T09:55:24.391,19.428,6.610,14.610,-74,MOVEMENT,4
2026-09-08T09:55:24.994,18.165,6.610,14.610,-75,MOVEMENT,4
2026-09-08T09:55:25.606,18.385,6.610,14.610,-75,MOVEMENT,4
2026-09-08T09:55:26.200,17.872,6.610,14.610,-74,MOVEMENT,4
2026-09-08T09:55:26.793,19.177,6.610,14.610,-72,MOVEMENT,4
2026-09-08T09:55:27.395,20.893,6.610,14.610,-71,MOVEMENT,4
2026-09-08T09:55:27.994,20.873,6.610,14.610,-72,MOVEMENT,4
2026-09-08T09:55:28.587,20.873,6.610,14.610,-72,MOVEMENT,4
2026-09-08T09:55:29.182,20.873,6.610,14.610,-72,MOVEMENT,4
2026-09-08T09:55:29.789,23.114,6.610,14.610,-73,MOVEMENT,4
2026-09-08T09:55:30.373,24.750,6.610,14.610,-73,MOVEMENT,4
2026-09-08T09:55:30.978,23.168,6.610,14.610,-74,MOVEMENT,4
2026-09-08T09:55:31.581,22.057,6.610,14.610,-74,MOVEMENT,4
2026-09-08T09:55:32.102,22.846,6.610,14.610,-74,MOVEMENT,4
2026-09-08T09:55:32.726,20.925,6.610,14.610,-74,MOVEMENT,4
2026-09-08T09:55:33.227,21.481,6.610,14.610,-72,MOVEMENT,4
2026-09-08T09:55:33.820,21.454,6.610,14.610,-72,MOVEMENT,4
2026-09-08T09:55:34.421,22.517,6.610,14.610,-70,MOVEMENT,4
2026-09-08T09:55:35.034,23.768,6.610,14.610,-72,MOVEMENT,4
2026-09-08T09:55:35.634,18.796,6.610,14.610,-72,MOVEMENT,4
2026-09-08T09:55:36.244,17.629,6.610,14.610,-72,MOVEMENT,4
2026-09-08T09:55:36.754,17.157,6.610,14.610,-74,MOVEMENT,4
2026-09-08T09:55:37.335,16.293,6.610,14.610,-74,MOVEMENT,4
2026-09-08T09:55:37.931,20.423,6.610,14.610,-74,MOVEMENT,4
2026-09-08T09:55:38.520,25.362,6.610,14.610,-74,MOVEMENT,4
2026-09-08T09:55:39.104,32.278,6.610,14.610,-74,MOVEMENT,4
2026-09-08T09:55:39.694,33.456,6.610,14.610,-75,MOVEMENT,4
2026-09-08T09:55:40.295,30.070,6.610,14.610,-75,MOVEMENT,4
2026-09-08T09:55:40.890,26.324,6.610,14.610,-74,MOVEMENT,4
2026-09-08T09:55:41.505,17.206,6.610,14.610,-73,MOVEMENT,4
2026-09-08T09:55:42.110,18.380,6.610,14.610,-73,MOVEMENT,4
2026-09-08T09:55:42.701,18.380,6.610,14.610,-73,MOVEMENT,4
2026-09-08T09:55:43.304,25.365,6.610,14.610,-77,MOVEMENT,4
2026-09-08T09:55:43.919,37.206,6.610,14.610,-71,MOVEMENT,4
2026-09-08T09:55:44.519,37.461,6.610,14.610,-74,MOVEMENT,4
2026-09-08T09:55:45.116,48.350,6.610,14.610,-78,MOVEMENT,4
2026-09-08T09:55:45.715,49.781,6.610,14.610,-74,MOVEMENT,4
2026-09-08T09:55:46.312,54.834,6.610,14.610,-74,MOVEMENT,4
2026-09-08T09:55:46.932,51.189,6.610,14.610,-72,MOVEMENT,4
2026-09-08T09:55:47.519,51.189,6.610,14.610,-72,MOVEMENT,4
2026-09-08T09:55:48.095,51.189,6.610,14.610,-72,MOVEMENT,4
2026-09-08T09:55:48.668,51.189,6.610,14.610,-72,MOVEMENT,4
2026-09-08T09:55:49.236,51.189,6.610,14.610,-72,MOVEMENT,4
2026-09-08T09:55:49.821,51.189,6.610,14.610,-72,MOVEMENT,4
2026-09-08T09:55:50.419,45.003,6.610,14.610,-75,MOVEMENT,4
2026-09-08T09:55:51.034,43.269,6.610,14.610,-75,MOVEMENT,4
2026-09-08T09:55:51.630,36.135,6.610,14.610,-75,MOVEMENT,4
2026-09-08T09:55:52.225,35.299,6.610,14.610,-75,MOVEMENT,4
2026-09-08T09:55:52.825,17.059,6.610,14.610,-76,MOVEMENT,4
2026-09-08T09:55:53.431,15.290,6.610,14.610,-77,MOVEMENT,4
2026-09-08T09:55:54.019,13.660,6.610,14.610,-76,RECENT_MOVEMENT,4
2026-09-08T09:55:54.634,8.023,6.610,14.610,-74,RECENT_MOVEMENT,4
2026-09-08T09:55:55.243,7.746,6.610,14.610,-75,RECENT_MOVEMENT,4
2026-09-08T09:55:55.861,8.958,6.610,14.610,-75,RECENT_MOVEMENT,4
2026-09-08T09:55:56.478,9.928,6.610,14.610,-75,RECENT_MOVEMENT,4
2026-09-08T09:55:56.978,10.974,6.610,14.610,-76,RECENT_MOVEMENT,4
2026-09-08T09:55:57.582,11.075,6.610,14.610,-75,RECENT_MOVEMENT,4
2026-09-08T09:55:58.083,15.656,6.610,14.610,-73,NO_MOVEMENT,4
2026-09-08T09:55:58.673,18.349,6.610,14.610,-70,MOVEMENT,5
2026-09-08T09:55:59.263,20.095,6.610,14.610,-70,MOVEMENT,5
2026-09-08T09:55:59.873,22.687,6.610,14.610,-71,MOVEMENT,5
2026-09-08T09:56:00.417,22.576,6.610,14.610,-71,MOVEMENT,5
2026-09-08T09:56:00.997,22.576,6.610,14.610,-71,MOVEMENT,5
2026-09-08T09:56:01.518,21.679,6.610,14.610,-70,MOVEMENT,5
2026-09-08T09:56:02.119,18.425,6.610,14.610,-72,MOVEMENT,5
2026-09-08T09:56:02.722,17.076,6.610,14.610,-72,MOVEMENT,5
2026-09-08T09:56:03.225,12.925,6.610,14.610,-72,RECENT_MOVEMENT,5
2026-09-08T09:56:03.823,13.074,6.610,14.610,-72,RECENT_MOVEMENT,5
2026-09-08T09:56:04.441,10.347,6.610,14.610,-68,RECENT_MOVEMENT,5
2026-09-08T09:56:05.050,10.630,6.610,14.610,-68,RECENT_MOVEMENT,5
2026-09-08T09:56:05.645,10.456,6.610,14.610,-68,RECENT_MOVEMENT,5
2026-09-08T09:56:06.252,12.894,6.610,14.610,-71,RECENT_MOVEMENT,5
2026-09-08T09:56:06.768,12.186,6.610,14.610,-71,RECENT_MOVEMENT,5
2026-09-08T09:56:07.272,11.680,6.610,14.610,-71,RECENT_MOVEMENT,5
2026-09-08T09:56:07.893,12.575,6.610,14.610,-73,RECENT_MOVEMENT,5
2026-09-08T09:56:08.511,18.728,6.610,14.610,-72,NO_MOVEMENT,5
2026-09-08T09:56:09.028,21.885,6.610,14.610,-70,MOVEMENT,6
2026-09-08T09:56:09.647,22.181,6.610,14.610,-68,MOVEMENT,6
2026-09-08T09:56:10.258,22.253,6.610,14.610,-74,MOVEMENT,6
2026-09-08T09:56:10.848,21.910,6.610,14.610,-73,MOVEMENT,6
2026-09-08T09:56:11.454,20.115,6.610,14.610,-72,MOVEMENT,6
2026-09-08T09:56:12.046,15.225,6.610,14.610,-73,RECENT_MOVEMENT,6
2026-09-08T09:56:12.644,16.894,6.610,14.610,-72,MOVEMENT,7
2026-09-08T09:56:13.245,16.987,6.610,14.610,-71,MOVEMENT,7
2026-09-08T09:56:13.850,15.744,6.610,14.610,-72,MOVEMENT,7
2026-09-08T09:56:14.438,17.332,6.610,14.610,-76,MOVEMENT,7
2026-09-08T09:56:15.034,17.559,6.610,14.610,-73,MOVEMENT,7
2026-09-08T09:56:15.636,29.295,6.610,14.610,-75,MOVEMENT,7
2026-09-08T09:56:16.228,30.737,6.610,14.610,-68,MOVEMENT,7
2026-09-08T09:56:16.829,29.270,6.610,14.610,-72,MOVEMENT,7
2026-09-08T09:56:17.350,28.936,6.610,14.610,-69,MOVEMENT,7
2026-09-08T09:56:17.954,29.890,6.610,14.610,-70,MOVEMENT,7
2026-09-08T10:38:01.893,42.047,23.674,37.878,-69,NO_MOVEMENT,0
2026-09-08T10:38:02.394,39.073,23.674,37.878,-69,MOVEMENT,1
2026-09-08T10:38:02.989,40.008,23.674,37.878,-68,MOVEMENT,1
2026-09-08T10:38:03.576,40.714,23.674,37.878,-73,MOVEMENT,1
2026-09-08T10:38:04.185,42.439,23.674,37.878,-76,MOVEMENT,1
2026-09-08T10:38:04.789,44.446,23.674,37.878,-74,MOVEMENT,1
2026-09-08T10:38:05.388,48.893,23.674,37.878,-73,MOVEMENT,1
2026-09-08T10:38:05.990,30.406,23.674,37.878,-71,RECENT_MOVEMENT,1
2026-09-08T10:38:06.495,25.120,23.674,37.878,-74,RECENT_MOVEMENT,1
2026-09-08T10:38:07.113,28.685,23.674,37.878,-69,RECENT_MOVEMENT,1
2026-09-08T10:38:07.719,31.969,23.674,37.878,-71,RECENT_MOVEMENT,1
2026-09-08T10:38:08.323,33.266,23.674,37.878,-64,RECENT_MOVEMENT,1
2026-09-08T10:38:08.920,35.145,23.674,37.878,-75,RECENT_MOVEMENT,1
2026-09-08T10:38:09.521,42.365,23.674,37.878,-73,RECENT_MOVEMENT,1
2026-09-08T10:38:10.126,38.930,23.674,37.878,-73,MOVEMENT,2
2026-09-08T10:38:10.726,42.753,23.674,37.878,-71,MOVEMENT,2
2026-09-08T10:38:11.344,39.673,23.674,37.878,-71,MOVEMENT,2
2026-09-08T10:38:11.937,39.246,23.674,37.878,-72,MOVEMENT,2
2026-09-08T10:38:12.439,35.522,23.674,37.878,-71,RECENT_MOVEMENT,2
2026-09-08T10:38:13.048,28.769,23.674,37.878,-72,RECENT_MOVEMENT,2
2026-09-08T10:38:13.658,27.859,23.674,37.878,-66,RECENT_MOVEMENT,2
2026-09-08T10:38:14.267,21.534,23.674,37.878,-67,RECENT_MOVEMENT,2
2026-09-08T10:38:14.902,22.494,23.674,37.878,-65,RECENT_MOVEMENT,2
2026-09-08T10:38:15.413,22.746,23.674,37.878,-64,RECENT_MOVEMENT,2
2026-09-08T10:38:15.919,22.448,23.674,37.878,-65,RECENT_MOVEMENT,2
2026-09-08T10:38:16.442,29.495,23.674,37.878,-72,RECENT_MOVEMENT,2
2026-09-08T10:38:17.024,30.264,23.674,37.878,-67,RECENT_MOVEMENT,2
2026-09-08T10:38:17.545,26.319,23.674,37.878,-67,RECENT_MOVEMENT,2
2026-09-08T10:38:18.090,24.428,23.674,37.878,-70,RECENT_MOVEMENT,2
2026-09-08T10:38:18.705,19.780,23.674,37.878,-70,RECENT_MOVEMENT,2
2026-09-08T10:38:19.345,17.582,23.674,37.878,-66,RECENT_MOVEMENT,2
2026-09-08T10:38:19.940,18.481,23.674,37.878,-71,RECENT_MOVEMENT,2
2026-09-08T10:38:20.521,17.537,23.674,37.878,-67,RECENT_MOVEMENT,2
2026-09-08T10:38:21.050,14.938,23.674,37.878,-67,RECENT_MOVEMENT,2
2026-09-08T10:38:21.633,11.883,23.674,37.878,-69,RECENT_MOVEMENT,2
2026-09-08T10:38:22.221,10.343,23.674,37.878,-72,RECENT_MOVEMENT,2
2026-09-08T10:38:22.839,10.962,23.674,37.878,-69,RECENT_MOVEMENT,2
2026-09-08T10:38:23.430,11.028,23.674,37.878,-68,RECENT_MOVEMENT,2
2026-09-08T10:38:24.057,10.077,23.674,37.878,-68,RECENT_MOVEMENT,2
2026-09-08T10:38:24.692,14.525,23.674,37.878,-75,RECENT_MOVEMENT,2
2026-09-08T10:38:25.295,16.640,23.674,37.878,-71,RECENT_MOVEMENT,2
2026-09-08T10:38:25.941,19.897,23.674,37.878,-70,RECENT_MOVEMENT,2
2026-09-08T10:38:26.557,16.828,23.674,37.878,-71,RECENT_MOVEMENT,2
2026-09-08T10:38:27.195,21.614,23.674,37.878,-68,RECENT_MOVEMENT,2
2026-09-08T10:38:27.821,20.015,23.674,37.878,-67,RECENT_MOVEMENT,2
2026-09-08T10:38:28.415,16.786,23.674,37.878,-64,RECENT_MOVEMENT,2
2026-09-08T10:38:29.010,8.894,23.674,37.878,-66,RECENT_MOVEMENT,2
2026-09-08T10:38:29.565,9.133,23.674,37.878,-64,RECENT_MOVEMENT,2
2026-09-08T10:38:30.170,8.646,23.674,37.878,-63,RECENT_MOVEMENT,2
2026-09-08T10:38:30.746,9.006,23.674,37.878,-63,RECENT_MOVEMENT,2
2026-09-08T10:38:31.398,5.422,23.674,37.878,-64,RECENT_MOVEMENT,2
2026-09-08T10:38:31.983,5.011,23.674,37.878,-63,RECENT_MOVEMENT,2
2026-09-08T10:38:32.577,6.267,23.674,37.878,-63,RECENT_MOVEMENT,2
2026-09-08T10:38:33.225,5.738,23.674,37.878,-62,RECENT_MOVEMENT,2
2026-09-08T10:38:33.862,5.397,23.674,37.878,-64,RECENT_MOVEMENT,2
2026-09-08T10:38:34.482,5.558,23.674,37.878,-63,RECENT_MOVEMENT,2
2026-09-08T10:38:35.020,5.547,23.674,37.878,-62,RECENT_MOVEMENT,2
2026-09-08T10:38:35.645,5.880,23.674,37.878,-66,RECENT_MOVEMENT,2
2026-09-08T10:38:36.159,8.906,23.674,37.878,-68,RECENT_MOVEMENT,2
2026-09-08T10:38:36.774,14.117,23.674,37.878,-70,RECENT_MOVEMENT,2
2026-09-08T10:38:37.430,17.208,23.674,37.878,-71,RECENT_MOVEMENT,2
2026-09-08T10:38:38.190,20.633,23.674,37.878,-63,RECENT_MOVEMENT,2
2026-09-08T10:38:38.750,21.315,23.674,37.878,-66,RECENT_MOVEMENT,2
2026-09-08T10:38:39.347,20.034,23.674,37.878,-62,RECENT_MOVEMENT,2
2026-09-08T10:38:39.975,12.120,23.674,37.878,-62,RECENT_MOVEMENT,2
2026-09-08T10:38:40.688,4.909,23.674,37.878,-65,RECENT_MOVEMENT,2
2026-09-08T10:38:41.477,6.139,23.674,37.878,-65,RECENT_MOVEMENT,2
2026-09-08T10:38:42.214,9.349,23.674,37.878,-61,NO_MOVEMENT,2
2026-09-08T10:38:42.921,11.856,23.674,37.878,-58,NO_MOVEMENT,2
2026-09-08T10:38:43.619,11.520,23.674,37.878,-59,NO_MOVEMENT,2
2026-09-08T10:38:44.372,8.788,23.674,37.878,-60,NO_MOVEMENT,2
2026-09-08T10:38:45.038,4.773,23.674,37.878,-61,NO_MOVEMENT,2
2026-09-08T10:38:45.575,5.011,23.674,37.878,-58,NO_MOVEMENT,2
2026-09-08T10:38:46.314,5.131,23.674,37.878,-62,NO_MOVEMENT,2
2026-09-08T10:38:47.114,5.580,23.674,37.878,-61,NO_MOVEMENT,2
2026-09-08T10:38:47.780,5.171,23.674,37.878,-61,NO_MOVEMENT,2
2026-09-08T10:38:48.410,5.311,23.674,37.878,-64,NO_MOVEMENT,2
2026-09-08T10:38:49.107,4.812,23.674,37.878,-63,NO_MOVEMENT,2
2026-09-08T10:38:49.823,6.837,23.674,37.878,-64,NO_MOVEMENT,2
2026-09-08T10:38:50.467,6.962,23.674,37.878,-60,NO_MOVEMENT,2
2026-09-08T10:38:51.143,8.087,23.674,37.878,-60,NO_MOVEMENT,2
2026-09-08T10:38:51.779,6.985,23.674,37.878,-62,NO_MOVEMENT,2
2026-09-08T10:38:52.457,8.263,23.674,37.878,-60,NO_MOVEMENT,2
2026-09-08T10:38:53.004,8.035,23.674,37.878,-58,NO_MOVEMENT,2
2026-09-08T10:38:53.612,8.496,23.674,37.878,-58,NO_MOVEMENT,2
2026-09-08T10:38:54.204,6.509,23.674,37.878,-60,NO_MOVEMENT,2
2026-09-08T10:38:54.791,4.837,23.674,37.878,-66,NO_MOVEMENT,2
2026-09-08T10:38:55.406,6.461,23.674,37.878,-60,NO_MOVEMENT,2
2026-09-08T10:38:56.043,5.612,23.674,37.878,-61,NO_MOVEMENT,2
2026-09-08T10:38:56.671,6.551,23.674,37.878,-61,NO_MOVEMENT,2
2026-09-08T10:38:57.298,6.178,23.674,37.878,-63,NO_MOVEMENT,2
2026-09-08T10:38:57.928,5.799,23.674,37.878,-64,NO_MOVEMENT,2
2026-09-08T10:38:58.473,6.800,23.674,37.878,-73,NO_MOVEMENT,2
2026-09-08T10:38:59.180,9.503,23.674,37.878,-69,NO_MOVEMENT,2
2026-09-08T10:38:59.859,8.951,23.674,37.878,-68,NO_MOVEMENT,2
2026-09-08T10:39:00.389,8.807,23.674,37.878,-66,NO_MOVEMENT,2
2026-09-08T10:39:01.025,14.330,23.674,37.878,-69,NO_MOVEMENT,2
2026-09-08T10:39:01.681,18.379,23.674,37.878,-62,NO_MOVEMENT,2
2026-09-08T10:39:02.383,16.641,23.674,37.878,-62,NO_MOVEMENT,2
2026-09-08T10:39:03.152,7.160,23.674,37.878,-60,NO_MOVEMENT,2
2026-09-08T10:39:03.906,7.872,23.674,37.878,-65,NO_MOVEMENT,2
2026-09-08T10:39:04.635,7.015,23.674,37.878,-59,NO_MOVEMENT,2
2026-09-08T10:39:05.204,8.785,23.674,37.878,-63,NO_MOVEMENT,2
2026-09-08T10:39:05.863,10.927,23.674,37.878,-65,NO_MOVEMENT,2
2026-09-08T10:39:06.500,7.342,23.674,37.878,-65,NO_MOVEMENT,2
2026-09-08T10:39:07.219,7.459,23.674,37.878,-66,NO_MOVEMENT,2
2026-09-08T10:39:07.857,7.106,23.674,37.878,-66,NO_MOVEMENT,2
2026-09-08T10:39:08.617,4.905,23.674,37.878,-66,NO_MOVEMENT,2
2026-09-08T10:39:09.131,5.250,23.674,37.878,-61,NO_MOVEMENT,2
2026-09-08T10:39:09.758,6.098,23.674,37.878,-64,NO_MOVEMENT,2
2026-09-08T10:39:10.486,7.163,23.674,37.878,-62,NO_MOVEMENT,2
2026-09-08T10:39:11.319,6.975,23.674,37.878,-62,NO_MOVEMENT,2
2026-09-08T10:39:11.900,7.425,23.674,37.878,-64,NO_MOVEMENT,2
2026-09-08T10:39:12.456,5.176,23.674,37.878,-59,NO_MOVEMENT,2
2026-09-08T10:39:13.002,4.814,23.674,37.878,-61,NO_MOVEMENT,2
2026-09-08T10:39:13.601,5.748,23.674,37.878,-63,NO_MOVEMENT,2
2026-09-08T10:39:14.561,5.348,23.674,37.878,-60,NO_MOVEMENT,2
2026-09-08T10:39:15.617,5.546,23.674,37.878,-64,NO_MOVEMENT,2
2026-09-08T10:39:16.187,4.487,23.674,37.878,-65,NO_MOVEMENT,2
2026-09-08T10:39:16.772,4.609,23.674,37.878,-64,NO_MOVEMENT,2
2026-09-08T10:39:17.323,4.500,23.674,37.878,-65,NO_MOVEMENT,2
2026-09-08T10:39:17.881,4.687,23.674,37.878,-64,NO_MOVEMENT,2
2026-09-08T10:39:18.473,4.575,23.674,37.878,-63,NO_MOVEMENT,2
2026-09-08T10:39:19.006,4.653,23.674,37.878,-65,NO_MOVEMENT,2
2026-09-08T10:39:19.567,9.454,23.674,37.878,-62,NO_MOVEMENT,2
2026-09-08T10:39:20.107,9.453,23.674,37.878,-63,NO_MOVEMENT,2
2026-09-08T10:39:20.704,8.839,23.674,37.878,-63,NO_MOVEMENT,2
2026-09-08T10:39:21.253,8.672,23.674,37.878,-63,NO_MOVEMENT,2
2026-09-08T10:39:21.843,9.398,23.674,37.878,-63,NO_MOVEMENT,2
2026-09-08T10:39:22.450,4.945,23.674,37.878,-61,NO_MOVEMENT,2
2026-09-08T10:39:23.171,4.974,23.674,37.878,-59,NO_MOVEMENT,2
2026-09-08T10:39:23.855,4.239,23.674,37.878,-57,NO_MOVEMENT,2
2026-09-08T10:39:24.619,3.027,23.674,37.878,-64,NO_MOVEMENT,2
2026-09-08T10:39:25.238,3.019,23.674,37.878,-60,NO_MOVEMENT,2
2026-09-08T10:39:25.867,3.927,23.674,37.878,-60,NO_MOVEMENT,2
2026-09-08T10:39:26.422,3.836,23.674,37.878,-60,NO_MOVEMENT,2
2026-09-08T10:39:27.003,4.276,23.674,37.878,-63,NO_MOVEMENT,2
2026-09-08T10:39:27.587,4.240,23.674,37.878,-64,NO_MOVEMENT,2
2026-09-08T10:39:28.195,6.241,23.674,37.878,-62,NO_MOVEMENT,2
2026-09-08T10:39:28.800,10.524,23.674,37.878,-59,NO_MOVEMENT,2
2026-09-08T10:39:29.332,10.377,23.674,37.878,-64,NO_MOVEMENT,2
2026-09-08T10:39:29.919,11.076,23.674,37.878,-64,NO_MOVEMENT,2
2026-09-08T10:39:30.426,10.015,23.674,37.878,-63,NO_MOVEMENT,2
2026-09-08T10:39:31.457,9.661,23.674,37.878,-61,NO_MOVEMENT,2
2026-09-08T10:39:32.001,4.481,23.674,37.878,-61,NO_MOVEMENT,2
2026-09-08T10:39:32.573,5.008,23.674,37.878,-61,NO_MOVEMENT,2
2026-09-08T10:39:33.191,4.965,23.674,37.878,-61,NO_MOVEMENT,2
2026-09-08T10:39:33.733,5.327,23.674,37.878,-62,NO_MOVEMENT,2
2026-09-08T10:39:34.327,5.087,23.674,37.878,-61,NO_MOVEMENT,2
2026-09-08T10:39:35.057,4.916,23.674,37.878,-61,NO_MOVEMENT,2
2026-09-08T10:39:35.591,4.907,23.674,37.878,-60,NO_MOVEMENT,2
2026-09-08T10:39:36.130,5.167,23.674,37.878,-62,NO_MOVEMENT,2
2026-09-08T10:39:36.645,4.622,23.674,37.878,-62,NO_MOVEMENT,2
2026-09-08T10:39:37.240,3.903,23.674,37.878,-62,NO_MOVEMENT,2
2026-09-08T10:39:38.158,4.189,23.674,37.878,-60,NO_MOVEMENT,2
2026-09-08T10:39:39.067,4.953,23.674,37.878,-60,NO_MOVEMENT,2
2026-09-08T10:39:39.588,5.675,23.674,37.878,-60,NO_MOVEMENT,2
2026-09-08T10:39:40.139,5.521,23.674,37.878,-62,NO_MOVEMENT,2
2026-09-08T10:39:40.667,4.964,23.674,37.878,-62,NO_MOVEMENT,2
2026-09-08T10:39:41.206,4.616,23.674,37.878,-62,NO_MOVEMENT,2
2026-09-08T10:39:41.781,4.609,23.674,37.878,-61,NO_MOVEMENT,2
2026-09-08T10:39:42.694,4.445,23.674,37.878,-61,NO_MOVEMENT,2
2026-09-08T10:39:43.654,4.631,23.674,37.878,-61,NO_MOVEMENT,2
2026-09-08T10:39:44.592,4.412,23.674,37.878,-63,NO_MOVEMENT,2
2026-09-08T10:39:45.116,4.260,23.674,37.878,-62,NO_MOVEMENT,2
2026-09-08T10:39:45.652,4.327,23.674,37.878,-61,NO_MOVEMENT,2
2026-09-08T10:39:46.193,3.915,23.674,37.878,-60,NO_MOVEMENT,2
2026-09-08T10:39:46.697,3.737,23.674,37.878,-60,NO_MOVEMENT,2
2026-09-08T10:39:47.400,4.032,23.674,37.878,-62,NO_MOVEMENT,2
2026-09-08T10:39:47.940,3.962,23.674,37.878,-61,NO_MOVEMENT,2
2026-09-08T10:39:48.443,3.876,23.674,37.878,-63,NO_MOVEMENT,2
2026-09-08T10:39:48.994,4.266,23.674,37.878,-62,NO_MOVEMENT,2
2026-09-08T10:39:49.588,4.107,23.674,37.878,-64,NO_MOVEMENT,2
2026-09-08T10:39:50.110,3.549,23.674,37.878,-63,NO_MOVEMENT,2
2026-09-08T10:39:51.062,4.599,23.674,37.878,-64,NO_MOVEMENT,2
2026-09-08T10:39:51.572,4.431,23.674,37.878,-61,NO_MOVEMENT,2
2026-09-08T10:39:52.547,4.682,23.674,37.878,-63,NO_MOVEMENT,2
2026-09-08T10:39:53.202,4.572,23.674,37.878,-64,NO_MOVEMENT,2
2026-09-08T10:39:54.079,4.163,23.674,37.878,-62,NO_MOVEMENT,2
2026-09-08T10:39:54.581,4.118,23.674,37.878,-66,NO_MOVEMENT,2
2026-09-08T10:39:55.643,5.346,23.674,37.878,-64,NO_MOVEMENT,2
2026-09-08T10:39:56.674,4.734,23.674,37.878,-61,NO_MOVEMENT,2
2026-09-08T10:39:57.185,3.721,23.674,37.878,-61,NO_MOVEMENT,2
2026-09-08T10:39:58.193,8.939,23.674,37.878,-62,NO_MOVEMENT,2
2026-09-08T10:39:59.108,8.919,23.674,37.878,-62,NO_MOVEMENT,2
2026-09-08T10:40:00.105,4.933,23.674,37.878,-61,NO_MOVEMENT,2
2026-09-08T10:40:00.658,5.102,23.674,37.878,-62,NO_MOVEMENT,2
2026-09-08T10:40:01.394,4.225,23.674,37.878,-65,NO_MOVEMENT,2
2026-09-08T10:40:01.949,7.562,23.674,37.878,-63,NO_MOVEMENT,2
2026-09-08T10:40:02.450,8.557,23.674,37.878,-63,NO_MOVEMENT,2
2026-09-08T10:40:03.014,7.593,23.674,37.878,-64,NO_MOVEMENT,2
2026-09-08T10:40:03.525,4.971,23.674,37.878,-63,NO_MOVEMENT,2
2026-09-08T10:40:04.419,7.648,23.674,37.878,-63,NO_MOVEMENT,2
2026-09-08T10:40:05.440,7.480,23.674,37.878,-60,NO_MOVEMENT,2
2026-09-08T10:40:06.001,4.636,23.674,37.878,-61,NO_MOVEMENT,2
2026-09-08T10:40:06.944,4.233,23.674,37.878,-62,NO_MOVEMENT,2
2026-09-08T10:40:07.455,6.354,23.674,37.878,-61,NO_MOVEMENT,2
2026-09-08T10:40:08.048,5.757,23.674,37.878,-62,NO_MOVEMENT,2
2026-09-08T10:40:08.663,4.846,23.674,37.878,-62,NO_MOVEMENT,2
2026-09-08T10:40:09.194,7.061,23.674,37.878,-59,NO_MOVEMENT,2
2026-09-08T10:40:09.729,7.155,23.674,37.878,-59,NO_MOVEMENT,2
2026-09-08T10:40:10.709,5.997,23.674,37.878,-61,NO_MOVEMENT,2
2026-09-08T10:40:11.404,3.229,23.674,37.878,-59,NO_MOVEMENT,2
2026-09-08T10:40:11.940,4.287,23.674,37.878,-61,NO_MOVEMENT,2
2026-09-08T10:40:12.472,4.230,23.674,37.878,-61,NO_MOVEMENT,2
2026-09-08T10:40:13.510,4.379,23.674,37.878,-64,NO_MOVEMENT,2
2026-09-08T10:40:14.317,3.622,23.674,37.878,-69,NO_MOVEMENT,2
2026-09-08T10:40:14.937,8.595,23.674,37.878,-64,NO_MOVEMENT,2
2026-09-08T10:40:15.451,8.071,23.674,37.878,-63,NO_MOVEMENT,2
2026-09-08T10:40:16.507,5.621,23.674,37.878,-63,NO_MOVEMENT,2
2026-09-08T10:40:17.129,4.197,23.674,37.878,-61,NO_MOVEMENT,2
2026-09-08T10:40:17.697,3.937,23.674,37.878,-62,NO_MOVEMENT,2
2026-09-08T10:40:18.285,3.258,23.674,37.878,-62,NO_MOVEMENT,2
2026-09-08T10:40:18.800,3.163,23.674,37.878,-62,NO_MOVEMENT,2
2026-09-08T10:40:19.397,3.867,23.674,37.878,-62,NO_MOVEMENT,2
2026-09-08T10:40:19.978,3.519,23.674,37.878,-62,NO_MOVEMENT,2
2026-09-08T10:40:20.566,3.164,23.674,37.878,-62,NO_MOVEMENT,2
2026-09-08T10:40:21.117,3.047,23.674,37.878,-60,NO_MOVEMENT,2
2026-09-08T10:40:21.716,2.766,23.674,37.878,-60,NO_MOVEMENT,2
2026-09-08T10:40:22.326,2.787,23.674,37.878,-60,NO_MOVEMENT,2
2026-09-08T10:40:22.899,2.962,23.674,37.878,-61,NO_MOVEMENT,2
2026-09-08T10:40:23.536,3.178,23.674,37.878,-60,NO_MOVEMENT,2
2026-09-08T10:40:24.089,3.159,23.674,37.878,-61,NO_MOVEMENT,2
2026-09-08T10:40:24.669,3.079,23.674,37.878,-61,NO_MOVEMENT,2
2026-09-08T10:40:25.295,3.084,23.674,37.878,-61,NO_MOVEMENT,2
2026-09-08T10:40:26.057,3.152,23.674,37.878,-61,NO_MOVEMENT,2
2026-09-08T10:40:26.623,3.206,23.674,37.878,-61,NO_MOVEMENT,2
2026-09-08T10:40:27.171,4.013,23.674,37.878,-62,NO_MOVEMENT,2
2026-09-08T10:40:27.770,5.353,23.674,37.878,-60,NO_MOVEMENT,2
2026-09-08T10:40:28.319,4.751,23.674,37.878,-59,NO_MOVEMENT,2
2026-09-08T10:40:28.880,4.454,23.674,37.878,-61,NO_MOVEMENT,2
2026-09-08T10:40:29.487,5.804,23.674,37.878,-62,NO_MOVEMENT,2
2026-09-08T10:40:30.050,5.183,23.674,37.878,-60,NO_MOVEMENT,2
2026-09-08T10:40:30.700,3.874,23.674,37.878,-60,NO_MOVEMENT,2
2026-09-08T10:40:31.300,4.400,23.674,37.878,-59,NO_MOVEMENT,2
2026-09-08T10:40:31.887,4.638,23.674,37.878,-60,NO_MOVEMENT,2
2026-09-08T10:40:32.451,4.114,23.674,37.878,-61,NO_MOVEMENT,2
2026-09-08T10:40:33.007,4.210,23.674,37.878,-60,NO_MOVEMENT,2
2026-09-08T10:40:33.596,3.623,23.674,37.878,-58,NO_MOVEMENT,2
2026-09-08T10:40:34.180,3.445,23.674,37.878,-59,NO_MOVEMENT,2
2026-09-08T10:40:34.763,3.465,23.674,37.878,-60,NO_MOVEMENT,2
2026-09-08T10:40:35.363,3.697,23.674,37.878,-60,NO_MOVEMENT,2
2026-09-08T10:40:35.911,3.647,23.674,37.878,-60,NO_MOVEMENT,2
2026-09-08T10:40:36.637,3.759,23.674,37.878,-60,NO_MOVEMENT,2
2026-09-08T10:40:37.271,2.959,23.674,37.878,-60,NO_MOVEMENT,2
2026-09-08T10:40:37.862,2.777,23.674,37.878,-60,NO_MOVEMENT,2
2026-09-08T10:40:38.469,3.065,23.674,37.878,-60,NO_MOVEMENT,2
2026-09-08T10:40:39.069,3.127,23.674,37.878,-60,NO_MOVEMENT,2
2026-09-08T10:40:39.681,3.679,23.674,37.878,-59,NO_MOVEMENT,2
2026-09-08T10:40:40.289,2.796,23.674,37.878,-59,NO_MOVEMENT,2
2026-09-08T10:40:40.858,2.739,23.674,37.878,-59,NO_MOVEMENT,2
2026-09-08T10:40:41.420,2.593,23.674,37.878,-59,NO_MOVEMENT,2
2026-09-08T10:40:41.965,6.462,23.674,37.878,-59,NO_MOVEMENT,2
2026-09-08T10:40:42.576,6.401,23.674,37.878,-59,NO_MOVEMENT,2
2026-09-08T10:40:43.147,6.798,23.674,37.878,-62,NO_MOVEMENT,2
2026-09-08T10:40:43.729,2.971,23.674,37.878,-62,NO_MOVEMENT,2
2026-09-08T10:40:44.296,3.171,23.674,37.878,-62,NO_MOVEMENT,2
2026-09-08T10:40:44.922,2.954,23.674,37.878,-62,NO_MOVEMENT,2
2026-09-08T10:40:45.518,3.184,23.674,37.878,-64,NO_MOVEMENT,2
2026-09-08T10:40:46.046,4.635,23.674,37.878,-64,NO_MOVEMENT,2
2026-09-08T10:40:46.630,5.502,23.674,37.878,-64,NO_MOVEMENT,2
2026-09-08T10:40:47.320,5.564,23.674,37.878,-64,NO_MOVEMENT,2
2026-09-08T10:40:47.964,5.069,23.674,37.878,-63,NO_MOVEMENT,2
2026-09-08T10:40:48.520,4.436,23.674,37.878,-63,NO_MOVEMENT,2
2026-09-08T10:40:49.054,4.265,23.674,37.878,-63,NO_MOVEMENT,2
2026-09-08T10:40:49.614,4.132,23.674,37.878,-62,NO_MOVEMENT,2
2026-09-08T10:40:50.171,3.915,23.674,37.878,-63,NO_MOVEMENT,2
2026-09-08T10:40:50.750,4.350,23.674,37.878,-61,NO_MOVEMENT,2
2026-09-08T10:40:51.371,4.062,23.674,37.878,-61,NO_MOVEMENT,2
2026-09-08T10:40:51.909,4.497,23.674,37.878,-60,NO_MOVEMENT,2
2026-09-08T10:40:52.468,4.591,23.674,37.878,-61,NO_MOVEMENT,2
2026-09-08T10:40:52.997,4.531,23.674,37.878,-62,NO_MOVEMENT,2
2026-09-08T10:40:53.620,3.887,23.674,37.878,-60,NO_MOVEMENT,2
2026-09-08T10:40:54.184,3.441,23.674,37.878,-62,NO_MOVEMENT,2
2026-09-08T10:40:54.736,3.429,23.674,37.878,-60,NO_MOVEMENT,2
2026-09-08T10:40:55.310,4.279,23.674,37.878,-61,NO_MOVEMENT,2
2026-09-08T10:40:55.817,4.718,23.674,37.878,-62,NO_MOVEMENT,2
2026-09-08T10:40:56.324,8.486,23.674,37.878,-63,NO_MOVEMENT,2
2026-09-08T10:40:56.852,9.785,23.674,37.878,-62,NO_MOVEMENT,2
2026-09-08T10:40:57.459,6.787,23.674,37.878,-63,NO_MOVEMENT,2
2026-09-08T10:40:58.162,5.765,23.674,37.878,-63,NO_MOVEMENT,2
2026-09-08T10:40:58.766,5.119,23.674,37.878,-63,NO_MOVEMENT,2
2026-09-08T10:40:59.366,4.296,23.674,37.878,-65,NO_MOVEMENT,2
2026-09-08T10:40:59.909,4.616,23.674,37.878,-66,NO_MOVEMENT,2
2026-09-08T10:41:00.447,5.695,23.674,37.878,-66,NO_MOVEMENT,2
2026-09-08T10:41:00.986,5.500,23.674,37.878,-65,NO_MOVEMENT,2
2026-09-08T10:41:01.642,4.977,23.674,37.878,-64,NO_MOVEMENT,2
2026-09-08T10:41:02.207,5.889,23.674,37.878,-63,NO_MOVEMENT,2
2026-09-08T10:41:02.832,4.931,23.674,37.878,-64,NO_MOVEMENT,2
2026-09-08T10:41:03.404,4.714,23.674,37.878,-64,NO_MOVEMENT,2
2026-09-08T10:41:03.959,4.106,23.674,37.878,-65,NO_MOVEMENT,2
2026-09-08T10:41:04.564,4.496,23.674,37.878,-65,NO_MOVEMENT,2
2026-09-08T10:41:05.203,5.112,23.674,37.878,-65,NO_MOVEMENT,2
2026-09-08T10:41:05.778,4.263,23.674,37.878,-67,NO_MOVEMENT,2
2026-09-08T10:41:06.353,4.094,23.674,37.878,-65,NO_MOVEMENT,2
2026-09-08T10:41:06.969,4.349,23.674,37.878,-64,NO_MOVEMENT,2
2026-09-08T10:41:07.723,4.633,23.674,37.878,-64,NO_MOVEMENT,2
2026-09-08T10:41:08.289,4.050,23.674,37.878,-65,NO_MOVEMENT,2
2026-09-08T10:41:08.928,4.323,23.674,37.878,-65,NO_MOVEMENT,2
2026-09-08T10:41:09.489,4.495,23.674,37.878,-65,NO_MOVEMENT,2
2026-09-08T10:41:10.075,5.156,23.674,37.878,-67,NO_MOVEMENT,2
2026-09-08T10:41:10.653,4.626,23.674,37.878,-68,NO_MOVEMENT,2
2026-09-08T10:41:11.250,4.720,23.674,37.878,-65,NO_MOVEMENT,2
2026-09-08T10:41:11.758,4.596,23.674,37.878,-63,NO_MOVEMENT,2
2026-09-08T10:41:12.356,4.938,23.674,37.878,-63,NO_MOVEMENT,2
2026-09-08T10:41:12.916,4.929,23.674,37.878,-63,NO_MOVEMENT,2
2026-09-08T10:41:13.510,4.858,23.674,37.878,-64,NO_MOVEMENT,2
2026-09-08T10:41:14.075,4.509,23.674,37.878,-61,NO_MOVEMENT,2
2026-09-08T10:41:14.621,5.729,23.674,37.878,-66,NO_MOVEMENT,2
2026-09-08T10:41:15.189,10.338,23.674,37.878,-65,NO_MOVEMENT,2
2026-09-08T10:41:15.754,10.648,23.674,37.878,-60,NO_MOVEMENT,2
2026-09-08T10:41:16.336,12.907,23.674,37.878,-65,NO_MOVEMENT,2
2026-09-08T10:41:16.962,10.275,23.674,37.878,-63,NO_MOVEMENT,2
2026-09-08T10:41:17.578,10.089,23.674,37.878,-62,NO_MOVEMENT,2
2026-09-08T10:41:18.185,5.557,23.674,37.878,-62,NO_MOVEMENT,2
2026-09-08T10:41:18.883,5.100,23.674,37.878,-63,NO_MOVEMENT,2
2026-09-08T10:41:19.442,5.186,23.674,37.878,-65,NO_MOVEMENT,2
2026-09-08T10:41:20.002,5.668,23.674,37.878,-64,NO_MOVEMENT,2
2026-09-08T10:41:20.579,5.908,23.674,37.878,-63,NO_MOVEMENT,2
2026-09-08T10:41:21.121,6.140,23.674,37.878,-65,NO_MOVEMENT,2
2026-09-08T10:41:21.667,6.231,23.674,37.878,-65,NO_MOVEMENT,2
2026-09-08T10:41:22.225,6.499,23.674,37.878,-66,NO_MOVEMENT,2
2026-09-08T10:41:22.804,6.265,23.674,37.878,-65,NO_MOVEMENT,2
2026-09-08T10:41:23.384,6.472,23.674,37.878,-65,NO_MOVEMENT,2
2026-09-08T10:41:23.939,5.207,23.674,37.878,-65,NO_MOVEMENT,2
2026-09-08T10:41:24.522,4.997,23.674,37.878,-66,NO_MOVEMENT,2
2026-09-08T10:41:25.101,5.155,23.674,37.878,-65,NO_MOVEMENT,2
2026-09-08T10:41:25.701,7.059,23.674,37.878,-63,NO_MOVEMENT,2
2026-09-08T10:41:26.245,6.381,23.674,37.878,-63,NO_MOVEMENT,2
2026-09-08T10:41:27.229,6.926,23.674,37.878,-64,NO_MOVEMENT,2
2026-09-08T10:41:27.810,5.326,23.674,37.878,-65,NO_MOVEMENT,2
2026-09-08T10:41:28.361,4.730,23.674,37.878,-65,NO_MOVEMENT,2
2026-09-08T10:41:28.915,4.429,23.674,37.878,-64,NO_MOVEMENT,2
2026-09-08T10:41:29.515,5.688,23.674,37.878,-65,NO_MOVEMENT,2
2026-09-08T10:41:30.232,5.643,23.674,37.878,-64,NO_MOVEMENT,2
2026-09-08T10:41:30.823,5.201,23.674,37.878,-64,NO_MOVEMENT,2
2026-09-08T10:41:31.435,4.807,23.674,37.878,-64,NO_MOVEMENT,2
2026-09-08T10:41:32.057,4.570,23.674,37.878,-64,NO_MOVEMENT,2
2026-09-08T10:41:32.656,3.454,23.674,37.878,-64,NO_MOVEMENT,2
2026-09-08T10:41:33.306,3.876,23.674,37.878,-64,NO_MOVEMENT,2
2026-09-08T10:41:33.880,5.181,23.674,37.878,-64,NO_MOVEMENT,2
2026-09-08T10:41:34.492,5.254,23.674,37.878,-64,NO_MOVEMENT,2
2026-09-08T10:41:35.116,5.730,23.674,37.878,-65,NO_MOVEMENT,2
2026-09-08T10:41:35.773,5.145,23.674,37.878,-64,NO_MOVEMENT,2
2026-09-08T10:41:36.347,5.905,23.674,37.878,-65,NO_MOVEMENT,2
2026-09-08T10:41:36.943,4.659,23.674,37.878,-64,NO_MOVEMENT,2
2026-09-08T10:41:37.510,4.583,23.674,37.878,-65,NO_MOVEMENT,2
2026-09-08T10:41:38.107,4.490,23.674,37.878,-65,NO_MOVEMENT,2
2026-09-08T10:41:38.719,5.157,23.674,37.878,-65,NO_MOVEMENT,2
2026-09-08T10:41:39.274,4.234,23.674,37.878,-65,NO_MOVEMENT,2
2026-09-08T10:41:39.852,6.096,23.674,37.878,-65,NO_MOVEMENT,2
2026-09-08T10:41:40.453,5.011,23.674,37.878,-65,NO_MOVEMENT,2
2026-09-08T10:41:41.066,6.081,23.674,37.878,-63,NO_MOVEMENT,2
2026-09-08T10:41:41.686,8.072,23.674,37.878,-66,NO_MOVEMENT,2
2026-09-08T10:41:42.267,7.173,23.674,37.878,-65,NO_MOVEMENT,2
2026-09-08T10:41:42.804,6.764,23.674,37.878,-67,NO_MOVEMENT,2
2026-09-08T10:41:43.430,6.865,23.674,37.878,-65,NO_MOVEMENT,2
2026-09-08T10:41:43.993,6.721,23.674,37.878,-67,NO_MOVEMENT,2
2026-09-08T10:41:44.558,4.825,23.674,37.878,-67,NO_MOVEMENT,2
2026-09-08T10:41:45.211,5.034,23.674,37.878,-65,NO_MOVEMENT,2
2026-09-08T10:41:45.780,4.872,23.674,37.878,-63,NO_MOVEMENT,2
2026-09-08T10:41:46.343,4.528,23.674,37.878,-65,NO_MOVEMENT,2
2026-09-08T10:41:47.351,4.414,23.674,37.878,-65,NO_MOVEMENT,2
2026-09-08T10:41:47.983,4.221,23.674,37.878,-67,NO_MOVEMENT,2
2026-09-08T10:41:48.513,3.754,23.674,37.878,-66,NO_MOVEMENT,2
2026-09-08T10:41:49.089,4.580,23.674,37.878,-67,NO_MOVEMENT,2
2026-09-08T10:41:49.779,4.746,23.674,37.878,-66,NO_MOVEMENT,2
2026-09-08T10:41:50.459,5.699,23.674,37.878,-67,NO_MOVEMENT,2
2026-09-08T10:41:51.014,7.257,23.674,37.878,-64,NO_MOVEMENT,2
2026-09-08T10:41:51.614,7.563,23.674,37.878,-62,NO_MOVEMENT,2
2026-09-08T10:41:52.172,6.730,23.674,37.878,-62,NO_MOVEMENT,2
2026-09-08T10:41:52.741,7.793,23.674,37.878,-64,NO_MOVEMENT,2
2026-09-08T10:41:53.260,7.396,23.674,37.878,-62,NO_MOVEMENT,2
2026-09-08T10:41:53.841,6.535,23.674,37.878,-63,NO_MOVEMENT,2
2026-09-08T10:41:54.430,3.988,23.674,37.878,-63,NO_MOVEMENT,2
2026-09-08T10:41:54.971,3.604,23.674,37.878,-63,NO_MOVEMENT,2
2026-09-08T10:41:55.553,3.314,23.674,37.878,-63,NO_MOVEMENT,2
2026-09-08T10:41:56.072,3.214,23.674,37.878,-63,NO_MOVEMENT,2
2026-09-08T10:41:56.634,3.382,23.674,37.878,-63,NO_MOVEMENT,2
2026-09-08T10:41:57.156,3.751,23.674,37.878,-63,NO_MOVEMENT,2
2026-09-08T10:41:57.698,4.155,23.674,37.878,-65,NO_MOVEMENT,2
2026-09-08T10:41:58.237,6.153,23.674,37.878,-68,NO_MOVEMENT,2
2026-09-08T10:41:58.810,7.149,23.674,37.878,-67,NO_MOVEMENT,2
2026-09-08T10:41:59.398,6.939,23.674,37.878,-67,NO_MOVEMENT,2
2026-09-08T10:42:00.015,5.701,23.674,37.878,-67,NO_MOVEMENT,2
2026-09-08T10:42:01.058,5.388,23.674,37.878,-65,NO_MOVEMENT,2
2026-09-08T10:42:01.727,7.791,23.674,37.878,-69,NO_MOVEMENT,2
2026-09-08T10:42:02.291,7.754,23.674,37.878,-67,NO_MOVEMENT,2
2026-09-08T10:42:02.823,7.474,23.674,37.878,-67,NO_MOVEMENT,2
2026-09-08T10:42:03.408,6.443,23.674,37.878,-67,NO_MOVEMENT,2
2026-09-08T10:42:03.941,6.017,23.674,37.878,-67,NO_MOVEMENT,2
2026-09-08T10:42:04.502,7.539,23.674,37.878,-68,NO_MOVEMENT,2
2026-09-08T10:42:05.015,7.162,23.674,37.878,-68,NO_MOVEMENT,2
2026-09-08T10:42:05.544,8.121,23.674,37.878,-71,NO_MOVEMENT,2
2026-09-08T10:42:06.105,8.513,23.674,37.878,-68,NO_MOVEMENT,2
2026-09-08T10:42:06.672,8.477,23.674,37.878,-68,NO_MOVEMENT,2
2026-09-08T10:42:07.231,8.257,23.674,37.878,-67,NO_MOVEMENT,2
2026-09-08T10:42:07.802,6.688,23.674,37.878,-67,NO_MOVEMENT,2
2026-09-08T10:42:08.369,6.315,23.674,37.878,-67,NO_MOVEMENT,2
2026-09-08T10:42:08.925,5.436,23.674,37.878,-67,NO_MOVEMENT,2
2026-09-08T10:42:09.526,6.428,23.674,37.878,-68,NO_MOVEMENT,2
2026-09-08T10:42:10.092,6.084,23.674,37.878,-69,NO_MOVEMENT,2
2026-09-08T10:42:10.659,6.382,23.674,37.878,-69,NO_MOVEMENT,2
2026-09-08T10:42:11.208,6.730,23.674,37.878,-68,NO_MOVEMENT,2
2026-09-08T10:42:11.814,6.823,23.674,37.878,-67,NO_MOVEMENT,2
2026-09-08T10:42:12.532,7.513,23.674,37.878,-68,NO_MOVEMENT,2
2026-09-08T10:42:13.089,5.724,23.674,37.878,-68,NO_MOVEMENT,2
2026-09-08T10:42:13.662,5.664,23.674,37.878,-67,NO_MOVEMENT,2
2026-09-08T10:42:14.237,5.923,23.674,37.878,-68,NO_MOVEMENT,2
2026-09-08T10:42:14.835,6.751,23.674,37.878,-68,NO_MOVEMENT,2
2026-09-08T10:42:15.376,7.069,23.674,37.878,-69,NO_MOVEMENT,2
2026-09-08T10:42:16.448,6.350,23.674,37.878,-68,NO_MOVEMENT,2
2026-09-08T10:42:17.006,6.166,23.674,37.878,-68,NO_MOVEMENT,2
2026-09-08T10:42:17.585,5.025,23.674,37.878,-66,NO_MOVEMENT,2
2026-09-08T10:42:18.138,4.892,23.674,37.878,-67,NO_MOVEMENT,2
2026-09-08T10:42:18.661,4.317,23.674,37.878,-68,NO_MOVEMENT,2
2026-09-08T10:42:19.713,4.414,23.674,37.878,-67,NO_MOVEMENT,2
2026-09-08T10:42:20.265,4.462,23.674,37.878,-66,NO_MOVEMENT,2
2026-09-08T10:42:20.828,4.387,23.674,37.878,-67,NO_MOVEMENT,2
2026-09-08T10:42:21.366,4.456,23.674,37.878,-66,NO_MOVEMENT,2
2026-09-08T10:42:21.880,4.472,23.674,37.878,-66,NO_MOVEMENT,2
2026-09-08T10:42:22.481,4.591,23.674,37.878,-66,NO_MOVEMENT,2
2026-09-08T10:42:23.071,4.465,23.674,37.878,-66,NO_MOVEMENT,2
2026-09-08T10:42:23.629,4.387,23.674,37.878,-66,NO_MOVEMENT,2
2026-09-08T10:42:24.278,4.671,23.674,37.878,-65,NO_MOVEMENT,2
2026-09-08T10:42:24.805,5.213,23.674,37.878,-65,NO_MOVEMENT,2
2026-09-08T10:42:25.383,4.695,23.674,37.878,-64,NO_MOVEMENT,2
2026-09-08T10:42:25.979,4.290,23.674,37.878,-65,NO_MOVEMENT,2
2026-09-08T10:42:26.599,4.297,23.674,37.878,-65,NO_MOVEMENT,2
2026-09-08T10:42:27.152,4.876,23.674,37.878,-63,NO_MOVEMENT,2
2026-09-08T10:42:27.771,4.565,23.674,37.878,-66,NO_MOVEMENT,2
2026-09-08T10:42:28.370,4.992,23.674,37.878,-65,NO_MOVEMENT,2
2026-09-08T10:42:28.978,5.224,23.674,37.878,-64,NO_MOVEMENT,2
2026-09-08T10:42:29.587,4.978,23.674,37.878,-64,NO_MOVEMENT,2
2026-09-08T10:42:30.127,4.876,23.674,37.878,-66,NO_MOVEMENT,2
2026-09-08T10:42:30.766,4.571,23.674,37.878,-66,NO_MOVEMENT,2
2026-09-08T10:42:31.336,5.135,23.674,37.878,-65,NO_MOVEMENT,2
2026-09-08T10:42:31.923,5.224,23.674,37.878,-65,NO_MOVEMENT,2
2026-09-08T10:42:32.481,5.291,23.674,37.878,-65,NO_MOVEMENT,2
2026-09-08T10:42:33.055,4.776,23.674,37.878,-65,NO_MOVEMENT,2
2026-09-08T10:42:33.617,4.667,23.674,37.878,-66,NO_MOVEMENT,2
2026-09-08T10:42:34.216,3.958,23.674,37.878,-66,NO_MOVEMENT,2
2026-09-08T10:42:34.757,6.281,23.674,37.878,-63,NO_MOVEMENT,2
2026-09-08T10:42:35.392,6.551,23.674,37.878,-63,NO_MOVEMENT,2
2026-09-08T10:42:35.903,6.609,23.674,37.878,-64,NO_MOVEMENT,2
2026-09-08T10:42:36.418,6.886,23.674,37.878,-64,NO_MOVEMENT,2
2026-09-08T10:42:37.015,5.442,23.674,37.878,-63,NO_MOVEMENT,2
2026-09-08T10:42:37.563,4.496,23.674,37.878,-64,NO_MOVEMENT,2
2026-09-08T10:42:38.169,4.993,23.674,37.878,-64,NO_MOVEMENT,2
2026-09-08T10:42:38.750,5.201,23.674,37.878,-64,NO_MOVEMENT,2
2026-09-08T10:42:39.405,5.346,23.674,37.878,-65,NO_MOVEMENT,2
2026-09-08T10:42:39.963,4.904,23.674,37.878,-65,NO_MOVEMENT,2
2026-09-08T10:42:40.523,5.357,23.674,37.878,-65,NO_MOVEMENT,2
2026-09-08T10:42:41.171,5.419,23.674,37.878,-65,NO_MOVEMENT,2
2026-09-08T10:42:41.789,5.372,23.674,37.878,-62,NO_MOVEMENT,2
2026-09-08T10:42:42.416,6.640,23.674,37.878,-65,NO_MOVEMENT,2
2026-09-08T10:42:42.970,6.426,23.674,37.878,-68,NO_MOVEMENT,2
2026-09-08T10:42:43.525,6.598,23.674,37.878,-68,NO_MOVEMENT,2
2026-09-08T10:42:44.191,6.142,23.674,37.878,-67,NO_MOVEMENT,2
2026-09-08T10:42:44.875,6.227,23.674,37.878,-68,NO_MOVEMENT,2
2026-09-08T10:42:45.479,6.843,23.674,37.878,-69,NO_MOVEMENT,2
2026-09-08T10:42:46.117,6.393,23.674,37.878,-67,NO_MOVEMENT,2
2026-09-08T10:42:46.735,6.733,23.674,37.878,-67,NO_MOVEMENT,2
2026-09-08T10:42:47.372,7.440,23.674,37.878,-68,NO_MOVEMENT,2
2026-09-08T10:42:48.083,6.294,23.674,37.878,-68,NO_MOVEMENT,2
2026-09-08T10:42:48.621,7.005,23.674,37.878,-68,NO_MOVEMENT,2
2026-09-08T10:42:49.175,8.560,23.674,37.878,-68,NO_MOVEMENT,2
2026-09-08T10:42:49.749,8.226,23.674,37.878,-65,NO_MOVEMENT,2
2026-09-08T10:42:50.268,8.195,23.674,37.878,-64,NO_MOVEMENT,2
2026-09-08T10:42:50.796,7.951,23.674,37.878,-66,NO_MOVEMENT,2
2026-09-08T10:42:51.373,9.369,23.674,37.878,-65,NO_MOVEMENT,2
2026-09-08T10:42:51.922,9.382,23.674,37.878,-66,NO_MOVEMENT,2
2026-09-08T10:42:52.896,8.560,23.674,37.878,-62,NO_MOVEMENT,2
2026-09-08T10:42:53.841,5.844,23.674,37.878,-63,NO_MOVEMENT,2
2026-09-08T10:42:54.842,4.779,23.674,37.878,-62,NO_MOVEMENT,2
2026-09-08T10:42:55.803,4.502,23.674,37.878,-63,NO_MOVEMENT,2
2026-09-08T10:42:56.329,4.280,23.674,37.878,-62,NO_MOVEMENT,2
2026-09-08T10:42:57.161,4.444,23.674,37.878,-64,NO_MOVEMENT,2
2026-09-08T10:42:57.668,4.744,23.674,37.878,-63,NO_MOVEMENT,2
2026-09-08T10:42:58.282,4.914,23.674,37.878,-61,NO_MOVEMENT,2
2026-09-08T10:42:58.786,4.675,23.674,37.878,-61,NO_MOVEMENT,2
2026-09-08T10:42:59.299,4.903,23.674,37.878,-62,NO_MOVEMENT,2
2026-09-08T10:43:00.267,5.012,23.674,37.878,-65,NO_MOVEMENT,2
2026-09-08T10:43:00.811,5.024,23.674,37.878,-64,NO_MOVEMENT,2
2026-09-08T10:43:01.325,5.380,23.674,37.878,-63,NO_MOVEMENT,2
2026-09-08T10:43:01.885,4.614,23.674,37.878,-64,NO_MOVEMENT,2
2026-09-08T10:43:02.444,4.323,23.674,37.878,-64,NO_MOVEMENT,2
2026-09-08T10:43:02.980,4.585,23.674,37.878,-64,NO_MOVEMENT,2
2026-09-08T10:43:03.570,4.720,23.674,37.878,-64,NO_MOVEMENT,2
2026-09-08T10:43:04.138,5.707,23.674,37.878,-62,NO_MOVEMENT,2
2026-09-08T10:43:04.703,4.951,23.674,37.878,-61,NO_MOVEMENT,2
2026-09-08T10:43:05.285,5.223,23.674,37.878,-60,NO_MOVEMENT,2
2026-09-08T10:43:05.849,4.918,23.674,37.878,-62,NO_MOVEMENT,2
2026-09-08T10:43:06.365,4.312,23.674,37.878,-62,NO_MOVEMENT,2
2026-09-08T10:43:06.942,3.919,23.674,37.878,-62,NO_MOVEMENT,2
2026-09-08T10:43:07.506,11.358,23.674,37.878,-63,NO_MOVEMENT,2
2026-09-08T10:43:08.066,11.276,23.674,37.878,-62,NO_MOVEMENT,2
2026-09-08T10:43:08.670,11.641,23.674,37.878,-62,NO_MOVEMENT,2
2026-09-08T10:43:09.394,10.903,23.674,37.878,-63,NO_MOVEMENT,2
2026-09-08T10:43:09.983,7.431,23.674,37.878,-60,NO_MOVEMENT,2
2026-09-08T10:43:10.539,6.696,23.674,37.878,-61,NO_MOVEMENT,2
2026-09-08T10:43:11.125,6.831,23.674,37.878,-63,NO_MOVEMENT,2
2026-09-08T10:43:11.709,6.532,23.674,37.878,-62,NO_MOVEMENT,2
2026-09-08T10:43:12.252,6.371,23.674,37.878,-62,NO_MOVEMENT,2
2026-09-08T10:43:12.778,7.127,23.674,37.878,-63,NO_MOVEMENT,2
2026-09-08T10:43:13.335,6.665,23.674,37.878,-63,NO_MOVEMENT,2
2026-09-08T10:43:13.903,9.233,23.674,37.878,-62,NO_MOVEMENT,2
2026-09-08T10:43:14.901,8.013,23.674,37.878,-64,NO_MOVEMENT,2
2026-09-08T10:43:15.440,6.485,23.674,37.878,-61,NO_MOVEMENT,2
2026-09-08T10:43:16.019,6.801,23.674,37.878,-67,NO_MOVEMENT,2
2026-09-08T10:43:16.594,6.108,23.674,37.878,-60,NO_MOVEMENT,2
2026-09-08T10:43:17.130,6.046,23.674,37.878,-62,NO_MOVEMENT,2
2026-09-08T10:43:17.667,5.572,23.674,37.878,-64,NO_MOVEMENT,2
2026-09-08T10:43:18.238,5.064,23.674,37.878,-62,NO_MOVEMENT,2
2026-09-08T10:43:18.819,4.672,23.674,37.878,-61,NO_MOVEMENT,2
2026-09-08T10:43:19.368,5.213,23.674,37.878,-62,NO_MOVEMENT,2
2026-09-08T10:43:19.913,5.554,23.674,37.878,-62,NO_MOVEMENT,2
2026-09-08T10:43:20.555,5.222,23.674,37.878,-61,NO_MOVEMENT,2
2026-09-08T10:43:21.125,5.407,23.674,37.878,-63,NO_MOVEMENT,2
2026-09-08T10:43:21.671,5.523,23.674,37.878,-63,NO_MOVEMENT,2
2026-09-08T10:43:22.198,5.218,23.674,37.878,-62,NO_MOVEMENT,2
2026-09-08T10:43:22.722,4.935,23.674,37.878,-62,NO_MOVEMENT,2
2026-09-08T10:43:23.332,5.626,23.674,37.878,-62,NO_MOVEMENT,2
2026-09-08T10:43:23.906,6.073,23.674,37.878,-62,NO_MOVEMENT,2
2026-09-08T10:43:24.526,4.026,23.674,37.878,-62,NO_MOVEMENT,2
2026-09-08T10:43:25.091,4.045,23.674,37.878,-62,NO_MOVEMENT,2
2026-09-08T10:43:25.695,5.138,23.674,37.878,-62,NO_MOVEMENT,2
2026-09-08T10:43:26.258,4.893,23.674,37.878,-62,NO_MOVEMENT,2
2026-09-08T10:43:26.913,4.641,23.674,37.878,-62,NO_MOVEMENT,2
2026-09-08T10:43:27.481,3.441,23.674,37.878,-62,NO_MOVEMENT,2
2026-09-08T10:43:28.049,3.940,23.674,37.878,-62,NO_MOVEMENT,2
2026-09-08T10:43:28.623,6.552,23.674,37.878,-62,NO_MOVEMENT,2
2026-09-08T10:43:29.149,7.179,23.674,37.878,-62,NO_MOVEMENT,2
2026-09-08T10:43:29.727,7.041,23.674,37.878,-63,NO_MOVEMENT,2
2026-09-08T10:43:30.283,5.047,23.674,37.878,-62,NO_MOVEMENT,2
2026-09-08T10:43:30.806,5.687,23.674,37.878,-64,NO_MOVEMENT,2
2026-09-08T10:43:31.462,6.765,23.674,37.878,-64,NO_MOVEMENT,2
2026-09-08T10:43:32.013,5.927,23.674,37.878,-61,NO_MOVEMENT,2
2026-09-08T10:43:32.549,5.439,23.674,37.878,-61,NO_MOVEMENT,2
2026-09-08T10:43:33.060,5.520,23.674,37.878,-61,NO_MOVEMENT,2
2026-09-08T10:43:33.627,3.581,23.674,37.878,-61,NO_MOVEMENT,2
2026-09-08T10:43:34.645,3.974,23.674,37.878,-60,NO_MOVEMENT,2
2026-09-08T10:43:35.306,3.932,23.674,37.878,-60,NO_MOVEMENT,2
2026-09-08T10:43:36.249,3.146,23.674,37.878,-62,NO_MOVEMENT,2
2026-09-08T10:43:36.875,3.309,23.674,37.878,-63,NO_MOVEMENT,2
2026-09-08T10:43:38.358,3.695,23.674,37.878,-64,NO_MOVEMENT,2
2026-09-08T10:43:39.788,4.514,23.674,37.878,-64,NO_MOVEMENT,2
2026-09-08T10:43:41.012,4.445,23.674,37.878,-62,NO_MOVEMENT,2
2026-09-08T10:43:42.113,7.012,23.674,37.878,-66,NO_MOVEMENT,2
2026-09-08T10:43:43.347,8.536,23.674,37.878,-64,NO_MOVEMENT,2
2026-09-08T10:43:44.433,4.972,23.674,37.878,-62,NO_MOVEMENT,2
2026-09-08T10:43:45.225,4.675,23.674,37.878,-63,NO_MOVEMENT,2
2026-09-08T10:43:46.082,3.819,23.674,37.878,-61,NO_MOVEMENT,2
2026-09-08T10:43:46.987,3.519,23.674,37.878,-61,NO_MOVEMENT,2
2026-09-08T10:43:47.811,7.222,23.674,37.878,-62,NO_MOVEMENT,2
2026-09-08T10:43:48.557,7.150,23.674,37.878,-60,NO_MOVEMENT,2
2026-09-08T10:43:49.619,4.791,23.674,37.878,-61,NO_MOVEMENT,2
2026-09-08T10:43:50.414,4.186,23.674,37.878,-62,NO_MOVEMENT,2
2026-09-08T10:43:51.299,5.366,23.674,37.878,-62,NO_MOVEMENT,2
2026-09-08T10:43:52.277,5.079,23.674,37.878,-64,NO_MOVEMENT,2
2026-09-08T10:43:53.268,4.508,23.674,37.878,-62,NO_MOVEMENT,2
2026-09-08T10:43:54.145,5.168,23.674,37.878,-64,NO_MOVEMENT,2
2026-09-08T10:43:55.117,5.204,23.674,37.878,-63,NO_MOVEMENT,2
2026-09-08T10:43:56.117,6.574,23.674,37.878,-62,NO_MOVEMENT,2
2026-09-08T10:43:56.972,6.229,23.674,37.878,-63,NO_MOVEMENT,2
2026-09-08T10:43:57.910,9.604,23.674,37.878,-63,NO_MOVEMENT,2
2026-09-08T10:43:58.788,11.256,23.674,37.878,-61,NO_MOVEMENT,2
2026-09-08T10:43:59.681,10.791,23.674,37.878,-64,NO_MOVEMENT,2
2026-09-08T10:44:00.481,5.688,23.674,37.878,-65,NO_MOVEMENT,2
2026-09-08T10:44:01.249,5.821,23.674,37.878,-64,NO_MOVEMENT,2
2026-09-08T10:44:02.090,5.274,23.674,37.878,-65,NO_MOVEMENT,2
2026-09-08T10:44:02.911,8.967,23.674,37.878,-65,NO_MOVEMENT,2
2026-09-08T10:44:03.766,7.975,23.674,37.878,-61,NO_MOVEMENT,2
2026-09-08T10:44:04.457,8.238,23.674,37.878,-61,NO_MOVEMENT,2
2026-09-08T10:44:05.190,5.374,23.674,37.878,-62,NO_MOVEMENT,2
2026-09-08T10:44:05.923,4.575,23.674,37.878,-62,NO_MOVEMENT,2
2026-09-08T10:44:06.683,4.977,23.674,37.878,-65,NO_MOVEMENT,2
2026-09-08T10:44:07.445,5.559,23.674,37.878,-63,NO_MOVEMENT,2
2026-09-08T10:44:08.173,5.464,23.674,37.878,-64,NO_MOVEMENT,2
2026-09-08T10:44:08.970,5.203,23.674,37.878,-62,NO_MOVEMENT,2
2026-09-08T10:44:09.564,4.070,23.674,37.878,-62,NO_MOVEMENT,2
2026-09-08T10:44:10.277,4.528,23.674,37.878,-61,NO_MOVEMENT,2
2026-09-08T10:44:11.112,4.499,23.674,37.878,-62,NO_MOVEMENT,2
2026-09-08T10:44:11.821,4.293,23.674,37.878,-62,NO_MOVEMENT,2
2026-09-08T10:44:12.507,3.594,23.674,37.878,-65,NO_MOVEMENT,2
2026-09-08T10:44:13.249,4.433,23.674,37.878,-63,NO_MOVEMENT,2
2026-09-08T10:44:13.923,4.638,23.674,37.878,-66,NO_MOVEMENT,2
2026-09-08T10:44:14.607,5.128,23.674,37.878,-63,NO_MOVEMENT,2
2026-09-08T10:44:15.114,5.024,23.674,37.878,-62,NO_MOVEMENT,2
2026-09-08T10:44:15.810,4.628,23.674,37.878,-62,NO_MOVEMENT,2
2026-09-08T10:44:16.476,5.783,23.674,37.878,-62,NO_MOVEMENT,2
2026-09-08T10:44:17.056,6.122,23.674,37.878,-63,NO_MOVEMENT,2
2026-09-08T10:44:17.611,7.007,23.674,37.878,-62,NO_MOVEMENT,2
2026-09-08T10:44:18.160,7.707,23.674,37.878,-63,NO_MOVEMENT,2
2026-09-08T10:44:18.806,6.675,23.674,37.878,-63,NO_MOVEMENT,2
2026-09-08T10:44:19.416,5.295,23.674,37.878,-61,NO_MOVEMENT,2
2026-09-08T10:44:20.171,4.819,23.674,37.878,-60,NO_MOVEMENT,2
2026-09-08T10:44:20.856,4.046,23.674,37.878,-65,NO_MOVEMENT,2
2026-09-08T10:44:21.494,3.897,23.674,37.878,-64,NO_MOVEMENT,2
2026-09-08T10:44:22.138,4.228,23.674,37.878,-62,NO_MOVEMENT,2
2026-09-08T10:44:22.726,4.242,23.674,37.878,-62,NO_MOVEMENT,2
2026-09-08T10:44:23.281,4.378,23.674,37.878,-63,NO_MOVEMENT,2
2026-09-08T10:44:24.063,4.376,23.674,37.878,-63,NO_MOVEMENT,2
2026-09-08T10:44:24.766,4.440,23.674,37.878,-64,NO_MOVEMENT,2
2026-09-08T10:44:25.586,4.133,23.674,37.878,-65,NO_MOVEMENT,2
2026-09-08T10:44:26.496,5.011,23.674,37.878,-64,NO_MOVEMENT,2
2026-09-08T10:44:27.135,4.143,23.674,37.878,-64,NO_MOVEMENT,2
2026-09-08T10:44:28.030,3.683,23.674,37.878,-62,NO_MOVEMENT,2
2026-09-08T10:44:28.782,4.286,23.674,37.878,-62,NO_MOVEMENT,2
2026-09-08T10:44:29.482,4.226,23.674,37.878,-64,NO_MOVEMENT,2
2026-09-08T10:44:30.133,5.070,23.674,37.878,-71,NO_MOVEMENT,2
2026-09-08T10:44:31.144,5.751,23.674,37.878,-63,NO_MOVEMENT,2
2026-09-08T10:44:31.877,4.940,23.674,37.878,-63,NO_MOVEMENT,2
2026-09-08T10:44:32.649,3.959,23.674,37.878,-63,NO_MOVEMENT,2
2026-09-08T10:44:33.522,3.397,23.674,37.878,-63,NO_MOVEMENT,2
2026-09-08T10:44:34.328,5.649,23.674,37.878,-64,NO_MOVEMENT,2
2026-09-08T10:44:35.117,5.315,23.674,37.878,-65,NO_MOVEMENT,2
2026-09-08T10:44:35.817,5.498,23.674,37.878,-64,NO_MOVEMENT,2
2026-09-08T10:44:36.470,4.886,23.674,37.878,-64,NO_MOVEMENT,2
2026-09-08T10:44:37.425,4.402,23.674,37.878,-63,NO_MOVEMENT,2
2026-09-08T10:44:38.041,4.697,23.674,37.878,-64,NO_MOVEMENT,2
2026-09-08T10:44:38.693,4.599,23.674,37.878,-64,NO_MOVEMENT,2
2026-09-08T10:44:39.331,4.930,23.674,37.878,-64,NO_MOVEMENT,2
2026-09-08T10:44:40.156,5.344,23.674,37.878,-66,NO_MOVEMENT,2
2026-09-08T10:44:40.881,5.120,23.674,37.878,-66,NO_MOVEMENT,2
2026-09-08T10:44:41.534,5.017,23.674,37.878,-66,NO_MOVEMENT,2
2026-09-08T10:44:42.346,4.322,23.674,37.878,-65,NO_MOVEMENT,2
2026-09-08T10:44:43.027,3.681,23.674,37.878,-66,NO_MOVEMENT,2
2026-09-08T10:44:43.572,3.772,23.674,37.878,-65,NO_MOVEMENT,2
2026-09-08T10:44:44.326,5.075,23.674,37.878,-64,NO_MOVEMENT,2
2026-09-08T10:44:45.032,4.955,23.674,37.878,-64,NO_MOVEMENT,2
2026-09-08T10:44:45.881,3.537,23.674,37.878,-63,NO_MOVEMENT,2
2026-09-08T10:44:46.682,3.841,23.674,37.878,-62,NO_MOVEMENT,2
2026-09-08T10:44:47.439,5.697,23.674,37.878,-63,NO_MOVEMENT,2
2026-09-08T10:44:48.197,6.367,23.674,37.878,-64,NO_MOVEMENT,2
2026-09-08T10:44:48.833,6.584,23.674,37.878,-64,NO_MOVEMENT,2
2026-09-08T10:44:49.432,6.574,23.674,37.878,-63,NO_MOVEMENT,2
2026-09-08T10:44:49.962,5.807,23.674,37.878,-63,NO_MOVEMENT,2
2026-09-08T10:44:50.472,6.138,23.674,37.878,-64,NO_MOVEMENT,2
2026-09-08T10:44:51.003,5.111,23.674,37.878,-64,NO_MOVEMENT,2
2026-09-08T10:44:51.587,5.673,23.674,37.878,-64,NO_MOVEMENT,2
2026-09-08T10:44:52.279,4.756,23.674,37.878,-64,NO_MOVEMENT,2
2026-09-08T10:44:52.943,4.503,23.674,37.878,-64,NO_MOVEMENT,2
2026-09-08T10:44:53.661,3.611,23.674,37.878,-63,NO_MOVEMENT,2
2026-09-08T10:44:54.270,3.872,23.674,37.878,-63,NO_MOVEMENT,2
2026-09-08T10:44:54.806,3.800,23.674,37.878,-63,NO_MOVEMENT,2
2026-09-08T10:44:55.408,4.022,23.674,37.878,-63,NO_MOVEMENT,2
2026-09-08T10:44:55.944,4.087,23.674,37.878,-64,NO_MOVEMENT,2
2026-09-08T10:44:56.507,4.573,23.674,37.878,-65,NO_MOVEMENT,2
2026-09-08T10:44:57.016,6.098,23.674,37.878,-67,NO_MOVEMENT,2
2026-09-08T10:44:57.684,5.979,23.674,37.878,-65,NO_MOVEMENT,2
2026-09-08T10:44:58.278,5.637,23.674,37.878,-65,NO_MOVEMENT,2
2026-09-08T10:44:58.998,10.821,23.674,37.878,-62,NO_MOVEMENT,2
2026-09-08T10:44:59.898,10.286,23.674,37.878,-63,NO_MOVEMENT,2
2026-09-08T10:45:00.541,9.293,23.674,37.878,-64,NO_MOVEMENT,2
2026-09-08T10:45:01.137,10.187,23.674,37.878,-65,NO_MOVEMENT,2
2026-09-08T10:45:01.858,5.562,23.674,37.878,-64,NO_MOVEMENT,2
2026-09-08T10:45:02.491,5.553,23.674,37.878,-64,NO_MOVEMENT,2
2026-09-08T10:45:03.103,4.102,23.674,37.878,-64,NO_MOVEMENT,2
2026-09-08T10:45:03.668,4.049,23.674,37.878,-64,NO_MOVEMENT,2
2026-09-08T10:45:04.186,4.006,23.674,37.878,-64,NO_MOVEMENT,2
2026-09-08T10:45:04.750,3.817,23.674,37.878,-64,NO_MOVEMENT,2
2026-09-08T10:45:05.341,3.750,23.674,37.878,-64,NO_MOVEMENT,2
2026-09-08T10:45:05.924,4.398,23.674,37.878,-65,NO_MOVEMENT,2
2026-09-08T10:45:06.449,4.561,23.674,37.878,-64,NO_MOVEMENT,2
2026-09-08T10:45:07.132,4.350,23.674,37.878,-64,NO_MOVEMENT,2
2026-09-08T10:45:07.715,4.248,23.674,37.878,-63,NO_MOVEMENT,2
2026-09-08T10:45:08.415,3.781,23.674,37.878,-64,NO_MOVEMENT,2
2026-09-08T10:45:09.047,3.288,23.674,37.878,-64,NO_MOVEMENT,2
2026-09-08T10:45:09.669,3.303,23.674,37.878,-63,NO_MOVEMENT,2
2026-09-08T10:45:10.355,3.570,23.674,37.878,-64,NO_MOVEMENT,2
2026-09-08T10:45:10.898,3.380,23.674,37.878,-64,NO_MOVEMENT,2
2026-09-08T10:45:11.701,3.508,23.674,37.878,-64,NO_MOVEMENT,2
2026-09-08T10:45:12.282,3.700,23.674,37.878,-64,NO_MOVEMENT,2
2026-09-08T10:45:12.896,3.735,23.674,37.878,-64,NO_MOVEMENT,2
2026-09-08T10:45:13.427,3.525,23.674,37.878,-64,NO_MOVEMENT,2
2026-09-08T10:45:14.003,3.842,23.674,37.878,-64,NO_MOVEMENT,2
2026-09-08T10:45:14.898,3.895,23.674,37.878,-65,NO_MOVEMENT,2
2026-09-08T10:45:15.883,6.600,23.674,37.878,-65,NO_MOVEMENT,2
2026-09-08T10:45:16.815,5.550,23.674,37.878,-65,NO_MOVEMENT,2
2026-09-08T10:45:17.325,5.692,23.674,37.878,-66,NO_MOVEMENT,2
2026-09-08T10:45:17.852,3.767,23.674,37.878,-66,NO_MOVEMENT,2
2026-09-08T10:45:18.798,7.789,23.674,37.878,-66,NO_MOVEMENT,2
2026-09-08T10:45:19.357,12.918,23.674,37.878,-67,NO_MOVEMENT,2
2026-09-08T10:45:19.867,11.927,23.674,37.878,-64,NO_MOVEMENT,2
2026-09-08T10:45:20.585,11.409,23.674,37.878,-67,NO_MOVEMENT,2
2026-09-08T10:45:21.133,9.511,23.674,37.878,-63,NO_MOVEMENT,2
2026-09-08T10:45:22.085,5.893,23.674,37.878,-64,NO_MOVEMENT,2
2026-09-08T10:45:22.632,5.464,23.674,37.878,-63,NO_MOVEMENT,2
2026-09-08T10:45:23.153,4.986,23.674,37.878,-62,NO_MOVEMENT,2
2026-09-08T10:45:23.780,4.758,23.674,37.878,-63,NO_MOVEMENT,2
2026-09-08T10:45:24.437,4.760,23.674,37.878,-63,NO_MOVEMENT,2
2026-09-08T10:45:24.958,4.980,23.674,37.878,-62,NO_MOVEMENT,2
2026-09-08T10:45:25.533,5.046,23.674,37.878,-62,NO_MOVEMENT,2
2026-09-08T10:45:26.035,4.675,23.674,37.878,-63,NO_MOVEMENT,2
2026-09-08T10:45:26.633,4.509,23.674,37.878,-63,NO_MOVEMENT,2
2026-09-08T10:45:27.152,4.377,23.674,37.878,-62,NO_MOVEMENT,2
2026-09-08T10:45:28.073,5.135,23.674,37.878,-63,NO_MOVEMENT,2
2026-09-08T10:45:29.019,5.380,23.674,37.878,-69,NO_MOVEMENT,2
2026-09-08T10:45:29.542,6.020,23.674,37.878,-69,NO_MOVEMENT,2
2026-09-08T10:45:30.480,5.700,23.674,37.878,-64,NO_MOVEMENT,2
2026-09-08T10:45:30.989,5.646,23.674,37.878,-62,NO_MOVEMENT,2
2026-09-08T10:45:31.498,4.559,23.674,37.878,-62,NO_MOVEMENT,2
2026-09-08T10:45:32.026,4.022,23.674,37.878,-62,NO_MOVEMENT,2
2026-09-08T10:45:32.550,4.187,23.674,37.878,-62,NO_MOVEMENT,2
2026-09-08T10:45:33.443,5.024,23.674,37.878,-60,NO_MOVEMENT,2
2026-09-08T10:45:34.306,5.900,23.674,37.878,-62,NO_MOVEMENT,2
2026-09-08T10:45:35.390,6.927,23.674,37.878,-62,NO_MOVEMENT,2
2026-09-08T10:45:35.961,5.702,23.674,37.878,-62,NO_MOVEMENT,2
2026-09-08T10:45:36.541,4.471,23.674,37.878,-64,NO_MOVEMENT,2
2026-09-08T10:45:37.267,5.572,23.674,37.878,-62,NO_MOVEMENT,2
2026-09-08T10:45:37.776,6.728,23.674,37.878,-62,NO_MOVEMENT,2
2026-09-08T10:45:38.297,6.932,23.674,37.878,-63,NO_MOVEMENT,2
2026-09-08T10:45:38.908,7.059,23.674,37.878,-64,NO_MOVEMENT,2
2026-09-08T10:45:39.441,7.176,23.674,37.878,-64,NO_MOVEMENT,2
2026-09-08T10:45:40.486,6.148,23.674,37.878,-66,NO_MOVEMENT,2
2026-09-08T10:45:41.535,6.275,23.674,37.878,-64,NO_MOVEMENT,2
2026-09-08T10:45:42.069,7.055,23.674,37.878,-63,NO_MOVEMENT,2
2026-09-08T10:45:43.091,4.976,23.674,37.878,-64,NO_MOVEMENT,2
2026-09-08T10:45:43.599,4.720,23.674,37.878,-64,NO_MOVEMENT,2
2026-09-08T10:45:44.184,4.230,23.674,37.878,-63,NO_MOVEMENT,2
2026-09-08T10:45:44.718,3.554,23.674,37.878,-64,NO_MOVEMENT,2
2026-09-08T10:45:45.733,3.793,23.674,37.878,-65,NO_MOVEMENT,2
2026-09-08T10:45:46.722,4.033,23.674,37.878,-65,NO_MOVEMENT,2
2026-09-08T10:45:47.337,4.188,23.674,37.878,-64,NO_MOVEMENT,2
2026-09-08T10:45:47.876,4.572,23.674,37.878,-63,NO_MOVEMENT,2
2026-09-08T10:45:48.501,4.160,23.674,37.878,-65,NO_MOVEMENT,2
2026-09-08T10:45:49.049,5.462,23.674,37.878,-64,NO_MOVEMENT,2
2026-09-08T10:45:49.688,5.220,23.674,37.878,-66,NO_MOVEMENT,2
2026-09-08T10:45:50.199,5.603,23.674,37.878,-66,NO_MOVEMENT,2
2026-09-08T10:45:51.155,4.984,23.674,37.878,-65,NO_MOVEMENT,2
2026-09-08T10:45:51.673,4.787,23.674,37.878,-66,NO_MOVEMENT,2
2026-09-08T10:45:52.218,7.150,23.674,37.878,-64,NO_MOVEMENT,2
2026-09-08T10:45:52.753,6.690,23.674,37.878,-64,NO_MOVEMENT,2
2026-09-08T10:45:53.272,5.935,23.674,37.878,-67,NO_MOVEMENT,2
2026-09-08T10:45:54.248,6.661,23.674,37.878,-67,NO_MOVEMENT,2
2026-09-08T10:45:55.247,7.087,23.674,37.878,-67,NO_MOVEMENT,2
2026-09-08T10:45:56.298,6.332,23.674,37.878,-67,NO_MOVEMENT,2
2026-09-08T10:45:56.809,6.136,23.674,37.878,-66,NO_MOVEMENT,2
2026-09-08T10:45:57.319,6.104,23.674,37.878,-66,NO_MOVEMENT,2
2026-09-08T10:45:57.843,6.504,23.674,37.878,-64,NO_MOVEMENT,2
2026-09-08T10:45:58.396,4.826,23.674,37.878,-64,NO_MOVEMENT,2
2026-09-08T10:45:58.946,3.847,23.674,37.878,-62,NO_MOVEMENT,2
2026-09-08T10:45:59.515,3.909,23.674,37.878,-65,NO_MOVEMENT,2
2026-09-08T10:46:00.064,4.675,23.674,37.878,-63,NO_MOVEMENT,2
2026-09-08T10:46:00.686,7.398,23.674,37.878,-64,NO_MOVEMENT,2
2026-09-08T10:46:01.357,8.207,23.674,37.878,-63,NO_MOVEMENT,2
2026-09-08T10:46:02.052,8.486,23.674,37.878,-62,NO_MOVEMENT,2
2026-09-08T10:46:02.560,9.416,23.674,37.878,-63,NO_MOVEMENT,2
2026-09-08T10:46:03.227,7.279,23.674,37.878,-63,NO_MOVEMENT,2
2026-09-08T10:46:03.838,8.177,23.674,37.878,-64,NO_MOVEMENT,2
2026-09-08T10:46:04.371,7.037,23.674,37.878,-64,NO_MOVEMENT,2
2026-09-08T10:46:05.073,11.553,23.674,37.878,-64,NO_MOVEMENT,2
2026-09-08T10:46:05.603,11.863,23.674,37.878,-65,NO_MOVEMENT,2
2026-09-08T10:46:06.169,11.716,23.674,37.878,-65,NO_MOVEMENT,2
2026-09-08T10:46:06.680,12.086,23.674,37.878,-66,NO_MOVEMENT,2
2026-09-08T10:46:07.221,7.012,23.674,37.878,-64,NO_MOVEMENT,2
2026-09-08T10:46:08.241,6.990,23.674,37.878,-65,NO_MOVEMENT,2
2026-09-08T10:46:08.789,5.915,23.674,37.878,-68,NO_MOVEMENT,2
2026-09-08T10:46:09.814,6.346,23.674,37.878,-66,NO_MOVEMENT,2
2026-09-08T10:46:10.330,6.316,23.674,37.878,-63,NO_MOVEMENT,2
2026-09-08T10:46:11.410,9.551,23.674,37.878,-65,NO_MOVEMENT,2
2026-09-08T10:46:11.962,8.236,23.674,37.878,-62,NO_MOVEMENT,2
2026-09-08T10:46:12.929,8.454,23.674,37.878,-61,NO_MOVEMENT,2
2026-09-08T10:46:13.468,6.527,23.674,37.878,-62,NO_MOVEMENT,2
2026-09-08T10:46:14.381,5.359,23.674,37.878,-64,NO_MOVEMENT,2
2026-09-08T10:46:14.976,5.412,23.674,37.878,-66,NO_MOVEMENT,2
2026-09-08T10:46:15.962,7.257,23.674,37.878,-65,NO_MOVEMENT,2
2026-09-08T10:46:16.923,6.581,23.674,37.878,-64,NO_MOVEMENT,2
2026-09-08T10:46:17.864,5.625,23.674,37.878,-63,NO_MOVEMENT,2
2026-09-08T10:46:18.802,5.930,23.674,37.878,-60,NO_MOVEMENT,2
2026-09-08T10:46:19.726,5.252,23.674,37.878,-62,NO_MOVEMENT,2
2026-09-08T10:46:20.694,4.393,23.674,37.878,-61,NO_MOVEMENT,2
2026-09-08T10:46:21.194,3.964,23.674,37.878,-63,NO_MOVEMENT,2
2026-09-08T10:46:22.156,4.040,23.674,37.878,-62,NO_MOVEMENT,2
2026-09-08T10:46:23.144,4.115,23.674,37.878,-61,NO_MOVEMENT,2
2026-09-08T10:46:23.650,4.138,23.674,37.878,-61,NO_MOVEMENT,2
2026-09-08T10:46:24.632,4.626,23.674,37.878,-63,NO_MOVEMENT,2
2026-09-08T10:46:25.171,3.960,23.674,37.878,-62,NO_MOVEMENT,2
2026-09-08T10:46:25.699,4.082,23.674,37.878,-63,NO_MOVEMENT,2
2026-09-08T10:46:26.248,3.917,23.674,37.878,-62,NO_MOVEMENT,2
2026-09-08T10:46:26.761,3.878,23.674,37.878,-62,NO_MOVEMENT,2
2026-09-08T10:46:27.292,3.694,23.674,37.878,-62,NO_MOVEMENT,2
2026-09-08T10:46:27.815,3.924,23.674,37.878,-62,NO_MOVEMENT,2
2026-09-08T10:46:28.366,5.419,23.674,37.878,-62,NO_MOVEMENT,2
2026-09-08T10:46:29.035,5.306,23.674,37.878,-63,NO_MOVEMENT,2
2026-09-08T10:46:29.981,5.203,23.674,37.878,-61,NO_MOVEMENT,2
2026-09-08T10:46:30.539,3.643,23.674,37.878,-62,NO_MOVEMENT,2
2026-09-08T10:46:31.494,4.171,23.674,37.878,-62,NO_MOVEMENT,2
2026-09-08T10:46:32.045,4.119,23.674,37.878,-62,NO_MOVEMENT,2
2026-09-08T10:46:33.066,4.030,23.674,37.878,-62,NO_MOVEMENT,2
2026-09-08T10:46:33.585,4.006,23.674,37.878,-62,NO_MOVEMENT,2
2026-09-08T10:46:34.128,4.470,23.674,37.878,-64,NO_MOVEMENT,2
2026-09-08T10:46:35.114,3.728,23.674,37.878,-63,NO_MOVEMENT,2
2026-09-08T10:46:35.637,6.822,23.674,37.878,-63,NO_MOVEMENT,2
2026-09-08T10:46:36.185,7.356,23.674,37.878,-63,NO_MOVEMENT,2
2026-09-08T10:46:36.791,7.893,23.674,37.878,-62,NO_MOVEMENT,2
2026-09-08T10:46:37.348,7.259,23.674,37.878,-62,NO_MOVEMENT,2
2026-09-08T10:46:38.339,6.933,23.674,37.878,-62,NO_MOVEMENT,2
2026-09-08T10:46:38.840,7.571,23.674,37.878,-63,NO_MOVEMENT,2
2026-09-08T10:46:39.828,8.529,23.674,37.878,-64,NO_MOVEMENT,2
2026-09-08T10:46:40.840,6.184,23.674,37.878,-64,NO_MOVEMENT,2
2026-09-08T10:46:41.374,6.076,23.674,37.878,-65,NO_MOVEMENT,2
2026-09-08T10:46:41.927,5.238,23.674,37.878,-62,NO_MOVEMENT,2
2026-09-08T10:46:42.629,7.203,23.674,37.878,-65,NO_MOVEMENT,2
2026-09-08T10:46:43.212,11.129,23.674,37.878,-65,NO_MOVEMENT,2
2026-09-08T10:46:43.728,12.036,23.674,37.878,-66,NO_MOVEMENT,2
2026-09-08T10:46:44.366,11.162,23.674,37.878,-65,NO_MOVEMENT,2
2026-09-08T10:46:44.932,7.806,23.674,37.878,-65,NO_MOVEMENT,2
2026-09-08T10:46:45.557,4.148,23.674,37.878,-65,NO_MOVEMENT,2
2026-09-08T10:46:46.086,3.917,23.674,37.878,-66,NO_MOVEMENT,2
2026-09-08T10:46:46.603,4.024,23.674,37.878,-67,NO_MOVEMENT,2
2026-09-08T10:46:47.202,8.838,23.674,37.878,-69,NO_MOVEMENT,2
2026-09-08T10:46:47.770,11.030,23.674,37.878,-66,NO_MOVEMENT,2
2026-09-08T10:46:48.695,10.469,23.674,37.878,-68,NO_MOVEMENT,2
2026-09-08T10:46:49.217,7.363,23.674,37.878,-65,NO_MOVEMENT,2
2026-09-08T10:46:49.732,7.315,23.674,37.878,-69,NO_MOVEMENT,2
2026-09-08T10:46:50.315,5.710,23.674,37.878,-64,NO_MOVEMENT,2
2026-09-08T10:46:50.865,5.181,23.674,37.878,-64,NO_MOVEMENT,2
2026-09-08T10:46:51.458,6.490,23.674,37.878,-64,NO_MOVEMENT,2
2026-09-08T10:46:52.003,6.061,23.674,37.878,-64,NO_MOVEMENT,2
2026-09-08T10:46:52.596,7.093,23.674,37.878,-67,NO_MOVEMENT,2
2026-09-08T10:46:53.176,6.076,23.674,37.878,-64,NO_MOVEMENT,2
2026-09-08T10:46:53.903,7.124,23.674,37.878,-67,NO_MOVEMENT,2
2026-09-08T10:46:54.407,7.356,23.674,37.878,-67,NO_MOVEMENT,2
2026-09-08T10:46:54.946,5.843,23.674,37.878,-65,NO_MOVEMENT,2
2026-09-08T10:46:55.473,5.924,23.674,37.878,-65,NO_MOVEMENT,2
2026-09-08T10:46:56.013,5.644,23.674,37.878,-66,NO_MOVEMENT,2
2026-09-08T10:46:56.586,5.090,23.674,37.878,-66,NO_MOVEMENT,2
2026-09-08T10:46:57.127,6.035,23.674,37.878,-66,NO_MOVEMENT,2
2026-09-08T10:46:57.687,6.074,23.674,37.878,-67,NO_MOVEMENT,2
2026-09-08T10:46:58.265,6.704,23.674,37.878,-66,NO_MOVEMENT,2
2026-09-08T10:46:58.885,5.635,23.674,37.878,-66,NO_MOVEMENT,2
2026-09-08T10:46:59.443,5.732,23.674,37.878,-65,NO_MOVEMENT,2
2026-09-08T10:47:00.124,5.335,23.674,37.878,-67,NO_MOVEMENT,2
2026-09-08T10:47:00.652,5.609,23.674,37.878,-68,NO_MOVEMENT,2
2026-09-08T10:47:01.207,5.628,23.674,37.878,-67,NO_MOVEMENT,2
2026-09-08T10:47:01.711,5.673,23.674,37.878,-65,NO_MOVEMENT,2
2026-09-08T10:47:02.222,5.528,23.674,37.878,-65,NO_MOVEMENT,2
2026-09-08T10:47:02.805,5.160,23.674,37.878,-66,NO_MOVEMENT,2
2026-09-08T10:47:03.485,4.963,23.674,37.878,-65,NO_MOVEMENT,2
2026-09-08T10:47:04.075,5.073,23.674,37.878,-65,NO_MOVEMENT,2
2026-09-08T10:47:04.822,4.130,23.674,37.878,-64,NO_MOVEMENT,2
2026-09-08T10:47:05.448,4.226,23.674,37.878,-64,NO_MOVEMENT,2
2026-09-08T10:47:06.006,4.344,23.674,37.878,-64,NO_MOVEMENT,2
2026-09-08T10:47:06.588,4.195,23.674,37.878,-65,NO_MOVEMENT,2
2026-09-08T10:47:07.179,3.792,23.674,37.878,-65,NO_MOVEMENT,2
2026-09-08T10:47:07.751,3.586,23.674,37.878,-65,NO_MOVEMENT,2
2026-09-08T10:47:08.290,3.781,23.674,37.878,-66,NO_MOVEMENT,2
2026-09-08T10:47:09.310,4.869,23.674,37.878,-65,NO_MOVEMENT,2
2026-09-08T10:47:09.811,4.753,23.674,37.878,-65,NO_MOVEMENT,2
2026-09-08T10:47:10.350,4.614,23.674,37.878,-63,NO_MOVEMENT,2
2026-09-08T10:47:10.929,5.644,23.674,37.878,-67,NO_MOVEMENT,2
2026-09-08T10:47:11.478,5.565,23.674,37.878,-65,NO_MOVEMENT,2
2026-09-08T10:47:12.000,5.579,23.674,37.878,-70,NO_MOVEMENT,2
2026-09-08T10:47:12.570,7.068,23.674,37.878,-68,NO_MOVEMENT,2
2026-09-08T10:47:13.114,6.833,23.674,37.878,-67,NO_MOVEMENT,2
2026-09-08T10:47:13.737,6.074,23.674,37.878,-68,NO_MOVEMENT,2
2026-09-08T10:47:14.306,5.258,23.674,37.878,-67,NO_MOVEMENT,2
2026-09-08T10:47:14.936,6.499,23.674,37.878,-66,NO_MOVEMENT,2
2026-09-08T10:47:15.509,8.180,23.674,37.878,-67,NO_MOVEMENT,2
2026-09-08T10:47:16.303,9.328,23.674,37.878,-66,NO_MOVEMENT,2
2026-09-08T10:47:16.882,11.009,23.674,37.878,-66,NO_MOVEMENT,2
2026-09-08T10:47:17.398,8.204,23.674,37.878,-66,NO_MOVEMENT,2
2026-09-08T10:47:18.000,9.182,23.674,37.878,-66,NO_MOVEMENT,2
2026-09-08T10:47:18.591,7.299,23.674,37.878,-64,NO_MOVEMENT,2
2026-09-08T10:47:19.141,5.830,23.674,37.878,-64,NO_MOVEMENT,2
2026-09-08T10:47:19.701,4.464,23.674,37.878,-64,NO_MOVEMENT,2
2026-09-08T10:47:20.295,3.526,23.674,37.878,-66,NO_MOVEMENT,2
2026-09-08T10:47:20.897,5.699,23.674,37.878,-64,NO_MOVEMENT,2
2026-09-08T10:47:21.447,5.745,23.674,37.878,-65,NO_MOVEMENT,2
2026-09-08T10:47:22.056,4.545,23.674,37.878,-65,NO_MOVEMENT,2
2026-09-08T10:47:22.599,4.796,23.674,37.878,-65,NO_MOVEMENT,2
2026-09-08T10:47:23.124,5.624,23.674,37.878,-66,NO_MOVEMENT,2
2026-09-08T10:47:23.683,6.776,23.674,37.878,-66,NO_MOVEMENT,2
2026-09-08T10:47:24.265,7.144,23.674,37.878,-64,NO_MOVEMENT,2
2026-09-08T10:47:24.788,8.272,23.674,37.878,-63,NO_MOVEMENT,2
2026-09-08T10:47:25.354,8.011,23.674,37.878,-63,NO_MOVEMENT,2
2026-09-08T10:47:25.910,6.582,23.674,37.878,-67,NO_MOVEMENT,2
2026-09-08T10:47:26.457,6.175,23.674,37.878,-63,NO_MOVEMENT,2
2026-09-08T10:47:27.093,6.386,23.674,37.878,-63,NO_MOVEMENT,2
2026-09-08T10:47:27.637,5.856,23.674,37.878,-63,NO_MOVEMENT,2
2026-09-08T10:47:28.183,5.130,23.674,37.878,-63,NO_MOVEMENT,2
2026-09-08T10:47:28.686,3.898,23.674,37.878,-63,NO_MOVEMENT,2
2026-09-08T10:47:29.238,3.978,23.674,37.878,-64,NO_MOVEMENT,2
2026-09-08T10:47:29.812,4.455,23.674,37.878,-64,NO_MOVEMENT,2
2026-09-08T10:47:30.314,5.041,23.674,37.878,-63,NO_MOVEMENT,2
2026-09-08T10:47:30.856,4.632,23.674,37.878,-64,NO_MOVEMENT,2
2026-09-08T10:47:31.416,4.044,23.674,37.878,-64,NO_MOVEMENT,2
2026-09-08T10:47:31.978,4.390,23.674,37.878,-63,NO_MOVEMENT,2
2026-09-08T10:47:32.539,4.413,23.674,37.878,-63,NO_MOVEMENT,2
2026-09-08T10:47:33.100,4.410,23.674,37.878,-64,NO_MOVEMENT,2
2026-09-08T10:47:33.700,4.182,23.674,37.878,-62,NO_MOVEMENT,2
2026-09-08T10:47:34.250,4.270,23.674,37.878,-63,NO_MOVEMENT,2
2026-09-08T10:47:34.844,4.094,23.674,37.878,-62,NO_MOVEMENT,2
2026-09-08T10:47:35.348,3.980,23.674,37.878,-62,NO_MOVEMENT,2
2026-09-08T10:47:36.338,3.705,23.674,37.878,-62,NO_MOVEMENT,2
2026-09-08T10:47:36.868,3.505,23.674,37.878,-62,NO_MOVEMENT,2
2026-09-08T10:47:37.405,3.717,23.674,37.878,-62,NO_MOVEMENT,2
2026-09-08T10:47:38.099,4.989,23.674,37.878,-63,NO_MOVEMENT,2
2026-09-08T10:47:38.635,4.812,23.674,37.878,-62,NO_MOVEMENT,2
2026-09-08T10:47:39.158,5.485,23.674,37.878,-63,NO_MOVEMENT,2
2026-09-08T10:47:39.678,5.644,23.674,37.878,-62,NO_MOVEMENT,2
2026-09-08T10:47:40.242,4.788,23.674,37.878,-63,NO_MOVEMENT,2
2026-09-08T10:47:40.755,4.881,23.674,37.878,-63,NO_MOVEMENT,2
2026-09-08T10:47:41.297,4.913,23.674,37.878,-62,NO_MOVEMENT,2
2026-09-08T10:47:42.379,4.092,23.674,37.878,-62,NO_MOVEMENT,2
2026-09-08T10:47:42.986,3.546,23.674,37.878,-63,NO_MOVEMENT,2
2026-09-08T10:47:43.544,3.841,23.674,37.878,-64,NO_MOVEMENT,2
2026-09-08T10:47:44.102,4.893,23.674,37.878,-64,NO_MOVEMENT,2
2026-09-08T10:47:44.691,5.559,23.674,37.878,-65,NO_MOVEMENT,2
2026-09-08T10:47:45.257,6.872,23.674,37.878,-65,NO_MOVEMENT,2
2026-09-08T10:47:45.837,7.706,23.674,37.878,-65,NO_MOVEMENT,2
2026-09-08T10:47:46.439,7.971,23.674,37.878,-66,NO_MOVEMENT,2
2026-09-08T10:47:47.043,8.782,23.674,37.878,-66,NO_MOVEMENT,2
2026-09-08T10:47:47.584,8.675,23.674,37.878,-65,NO_MOVEMENT,2
2026-09-08T10:47:48.162,8.200,23.674,37.878,-65,NO_MOVEMENT,2
2026-09-08T10:47:48.746,6.554,23.674,37.878,-63,NO_MOVEMENT,2
2026-09-08T10:47:49.426,5.533,23.674,37.878,-65,NO_MOVEMENT,2
2026-09-08T10:47:50.021,5.160,23.674,37.878,-63,NO_MOVEMENT,2
2026-09-08T10:47:50.605,4.935,23.674,37.878,-64,NO_MOVEMENT,2
2026-09-08T10:47:51.190,5.923,23.674,37.878,-65,NO_MOVEMENT,2
2026-09-08T10:47:51.829,6.261,23.674,37.878,-66,NO_MOVEMENT,2
2026-09-08T10:47:52.370,6.779,23.674,37.878,-66,NO_MOVEMENT,2
2026-09-08T10:47:52.899,7.919,23.674,37.878,-68,NO_MOVEMENT,2
2026-09-08T10:47:53.550,8.266,23.674,37.878,-66,NO_MOVEMENT,2
2026-09-08T10:47:54.110,11.114,23.674,37.878,-64,NO_MOVEMENT,2
2026-09-08T10:47:54.660,12.400,23.674,37.878,-64,NO_MOVEMENT,2
2026-09-08T10:47:55.196,11.246,23.674,37.878,-64,NO_MOVEMENT,2
2026-09-08T10:47:55.824,4.397,23.674,37.878,-63,NO_MOVEMENT,2
2026-09-08T10:47:56.349,3.985,23.674,37.878,-64,NO_MOVEMENT,2
2026-09-08T10:47:57.423,5.289,23.674,37.878,-65,NO_MOVEMENT,2
2026-09-08T10:47:57.965,5.306,23.674,37.878,-63,NO_MOVEMENT,2
2026-09-08T10:47:58.575,6.187,23.674,37.878,-67,NO_MOVEMENT,2
2026-09-08T10:47:59.178,5.487,23.674,37.878,-66,NO_MOVEMENT,2
2026-09-08T10:47:59.743,6.932,23.674,37.878,-65,NO_MOVEMENT,2
2026-09-08T10:48:00.317,6.757,23.674,37.878,-64,NO_MOVEMENT,2
2026-09-08T10:48:01.052,5.278,23.674,37.878,-64,NO_MOVEMENT,2
2026-09-08T10:48:01.723,3.698,23.674,37.878,-62,NO_MOVEMENT,2
2026-09-08T10:48:02.323,4.221,23.674,37.878,-62,NO_MOVEMENT,2
2026-09-08T10:48:02.936,10.796,23.674,37.878,-62,NO_MOVEMENT,2
2026-09-08T10:48:03.546,12.813,23.674,37.878,-63,NO_MOVEMENT,2
2026-09-08T10:48:04.159,13.169,23.674,37.878,-63,NO_MOVEMENT,2
2026-09-08T10:48:04.667,8.201,23.674,37.878,-63,NO_MOVEMENT,2
2026-09-08T10:48:05.222,10.049,23.674,37.878,-63,NO_MOVEMENT,2
2026-09-08T10:48:06.176,7.996,23.674,37.878,-64,NO_MOVEMENT,2
2026-09-08T10:48:06.801,7.881,23.674,37.878,-64,NO_MOVEMENT,2
2026-09-08T10:48:07.410,8.068,23.674,37.878,-63,NO_MOVEMENT,2
2026-09-08T10:48:08.015,5.366,23.674,37.878,-64,NO_MOVEMENT,2
2026-09-08T10:48:08.594,3.985,23.674,37.878,-62,NO_MOVEMENT,2
2026-09-08T10:48:09.681,4.390,23.674,37.878,-64,NO_MOVEMENT,2
2026-09-08T10:48:10.277,4.055,23.674,37.878,-63,NO_MOVEMENT,2
2026-09-08T10:48:10.801,4.231,23.674,37.878,-65,NO_MOVEMENT,2
2026-09-08T10:48:11.374,4.450,23.674,37.878,-64,NO_MOVEMENT,2
2026-09-08T10:48:12.406,3.778,23.674,37.878,-63,NO_MOVEMENT,2
2026-09-08T10:48:13.006,3.483,23.674,37.878,-63,NO_MOVEMENT,2
2026-09-08T10:48:13.731,3.199,23.674,37.878,-65,NO_MOVEMENT,2
2026-09-08T10:48:14.284,3.258,23.674,37.878,-63,NO_MOVEMENT,2
2026-09-08T10:48:14.862,3.594,23.674,37.878,-63,NO_MOVEMENT,2
2026-09-08T10:48:15.487,3.695,23.674,37.878,-61,NO_MOVEMENT,2
2026-09-08T10:48:16.026,4.262,23.674,37.878,-65,NO_MOVEMENT,2
2026-09-08T10:48:17.003,5.154,23.674,37.878,-67,NO_MOVEMENT,2
2026-09-08T10:48:17.546,5.339,23.674,37.878,-67,NO_MOVEMENT,2
2026-09-08T10:48:18.101,5.282,23.674,37.878,-65,NO_MOVEMENT,2
2026-09-08T10:48:18.724,4.745,23.674,37.878,-64,NO_MOVEMENT,2
2026-09-08T10:48:19.314,3.812,23.674,37.878,-63,NO_MOVEMENT,2
2026-09-08T10:48:19.881,4.573,23.674,37.878,-67,NO_MOVEMENT,2
2026-09-08T10:48:20.490,6.031,23.674,37.878,-66,NO_MOVEMENT,2
2026-09-08T10:48:21.126,6.515,23.674,37.878,-66,NO_MOVEMENT,2
2026-09-08T10:48:21.719,5.707,23.674,37.878,-65,NO_MOVEMENT,2
2026-09-08T10:48:22.337,4.721,23.674,37.878,-67,NO_MOVEMENT,2
2026-09-08T10:48:22.916,5.476,23.674,37.878,-66,NO_MOVEMENT,2
2026-09-08T10:48:23.479,5.330,23.674,37.878,-66,NO_MOVEMENT,2
2026-09-08T10:48:23.993,6.737,23.674,37.878,-64,NO_MOVEMENT,2
2026-09-08T10:48:24.554,5.999,23.674,37.878,-65,NO_MOVEMENT,2
2026-09-08T10:48:25.306,6.455,23.674,37.878,-67,NO_MOVEMENT,2
2026-09-08T10:48:25.955,6.878,23.674,37.878,-65,NO_MOVEMENT,2
2026-09-08T10:48:26.497,9.355,23.674,37.878,-62,NO_MOVEMENT,2
2026-09-08T10:48:27.076,9.517,23.674,37.878,-66,NO_MOVEMENT,2
2026-09-08T10:48:27.702,9.703,23.674,37.878,-67,NO_MOVEMENT,2
2026-09-08T10:48:28.253,8.941,23.674,37.878,-68,NO_MOVEMENT,2
2026-09-08T10:48:28.833,5.531,23.674,37.878,-68,NO_MOVEMENT,2
2026-09-08T10:48:29.393,4.890,23.674,37.878,-68,NO_MOVEMENT,2
2026-09-08T10:48:29.994,7.606,23.674,37.878,-68,NO_MOVEMENT,2
2026-09-08T10:48:30.596,7.831,23.674,37.878,-68,NO_MOVEMENT,2
2026-09-08T10:48:31.163,8.647,23.674,37.878,-71,NO_MOVEMENT,2
2026-09-08T10:48:31.756,8.627,23.674,37.878,-70,NO_MOVEMENT,2
2026-09-08T10:48:32.340,7.987,23.674,37.878,-71,NO_MOVEMENT,2
2026-09-08T10:48:32.893,9.639,23.674,37.878,-72,NO_MOVEMENT,2
2026-09-08T10:48:33.488,9.158,23.674,37.878,-68,NO_MOVEMENT,2
2026-09-08T10:48:34.078,9.334,23.674,37.878,-65,NO_MOVEMENT,2
2026-09-08T10:48:34.663,9.696,23.674,37.878,-66,NO_MOVEMENT,2
2026-09-08T10:48:35.270,8.587,23.674,37.878,-69,NO_MOVEMENT,2
2026-09-08T10:48:35.791,7.702,23.674,37.878,-69,NO_MOVEMENT,2
2026-09-08T10:48:36.410,8.729,23.674,37.878,-69,NO_MOVEMENT,2
2026-09-08T10:48:36.933,11.965,23.674,37.878,-71,NO_MOVEMENT,2
2026-09-08T10:48:37.442,13.651,23.674,37.878,-71,NO_MOVEMENT,2
2026-09-08T10:48:37.963,12.766,23.674,37.878,-70,NO_MOVEMENT,2
2026-09-08T10:48:38.485,11.631,23.674,37.878,-67,NO_MOVEMENT,2
2026-09-08T10:48:39.021,10.679,23.674,37.878,-69,NO_MOVEMENT,2
2026-09-08T10:48:39.590,13.910,23.674,37.878,-66,NO_MOVEMENT,2
2026-09-08T10:48:40.111,13.864,23.674,37.878,-71,NO_MOVEMENT,2
2026-09-08T10:48:40.641,13.213,23.674,37.878,-69,NO_MOVEMENT,2
2026-09-08T10:48:41.208,11.149,23.674,37.878,-70,NO_MOVEMENT,2
2026-09-08T10:48:41.809,10.566,23.674,37.878,-68,NO_MOVEMENT,2
2026-09-08T10:48:42.382,11.376,23.674,37.878,-74,NO_MOVEMENT,2
2026-09-08T10:48:42.925,12.568,23.674,37.878,-73,NO_MOVEMENT,2
2026-09-08T10:48:43.461,13.616,23.674,37.878,-72,NO_MOVEMENT,2
2026-09-08T10:48:43.995,11.540,23.674,37.878,-70,NO_MOVEMENT,2
2026-09-08T10:48:44.528,12.117,23.674,37.878,-67,NO_MOVEMENT,2
2026-09-08T10:48:45.108,14.693,23.674,37.878,-69,NO_MOVEMENT,2
2026-09-08T10:48:46.163,13.230,23.674,37.878,-67,NO_MOVEMENT,2
2026-09-08T10:48:46.669,10.006,23.674,37.878,-68,NO_MOVEMENT,2
2026-09-08T10:48:47.323,8.237,23.674,37.878,-70,NO_MOVEMENT,2
2026-09-08T10:48:47.896,9.241,23.674,37.878,-68,NO_MOVEMENT,2
2026-09-08T10:48:48.439,8.810,23.674,37.878,-71,NO_MOVEMENT,2
2026-09-08T10:48:49.020,8.455,23.674,37.878,-65,NO_MOVEMENT,2
2026-09-08T10:48:49.590,8.369,23.674,37.878,-65,NO_MOVEMENT,2
2026-09-08T10:48:50.141,7.803,23.674,37.878,-65,NO_MOVEMENT,2
2026-09-08T10:48:50.672,7.527,23.674,37.878,-64,NO_MOVEMENT,2
2026-09-08T10:48:51.208,6.727,23.674,37.878,-65,NO_MOVEMENT,2
2026-09-08T10:48:51.813,4.766,23.674,37.878,-65,NO_MOVEMENT,2
2026-09-08T10:48:52.401,4.193,23.674,37.878,-65,NO_MOVEMENT,2
2026-09-08T10:48:52.998,3.901,23.674,37.878,-65,NO_MOVEMENT,2
2026-09-08T10:48:53.624,4.155,23.674,37.878,-64,NO_MOVEMENT,2
2026-09-08T10:48:54.240,5.116,23.674,37.878,-63,NO_MOVEMENT,2
2026-09-08T10:48:54.841,4.855,23.674,37.878,-64,NO_MOVEMENT,2
2026-09-08T10:48:55.397,4.402,23.674,37.878,-64,NO_MOVEMENT,2
2026-09-08T10:48:55.972,4.560,23.674,37.878,-63,NO_MOVEMENT,2
2026-09-08T10:48:56.602,4.208,23.674,37.878,-63,NO_MOVEMENT,2
2026-09-08T10:48:57.196,4.227,23.674,37.878,-63,NO_MOVEMENT,2
2026-09-08T10:48:57.782,4.057,23.674,37.878,-61,NO_MOVEMENT,2
2026-09-08T10:48:58.501,4.952,23.674,37.878,-64,NO_MOVEMENT,2
2026-09-08T10:48:59.150,5.996,23.674,37.878,-65,NO_MOVEMENT,2
2026-09-08T10:48:59.744,6.904,23.674,37.878,-67,NO_MOVEMENT,2
2026-09-08T10:49:00.321,6.811,23.674,37.878,-67,NO_MOVEMENT,2
2026-09-08T10:49:00.957,6.593,23.674,37.878,-66,NO_MOVEMENT,2
2026-09-08T10:49:01.578,5.418,23.674,37.878,-63,NO_MOVEMENT,2
2026-09-08T10:49:02.151,4.082,23.674,37.878,-62,NO_MOVEMENT,2
2026-09-08T10:49:02.792,4.771,23.674,37.878,-59,NO_MOVEMENT,2
2026-09-08T10:49:03.314,4.687,23.674,37.878,-60,NO_MOVEMENT,2
2026-09-08T10:49:03.850,4.635,23.674,37.878,-61,NO_MOVEMENT,2
2026-09-08T10:49:04.368,4.549,23.674,37.878,-61,NO_MOVEMENT,2
2026-09-08T10:49:04.904,3.401,23.674,37.878,-62,NO_MOVEMENT,2
2026-09-08T10:49:05.512,3.848,23.674,37.878,-62,NO_MOVEMENT,2
2026-09-08T10:49:06.032,3.815,23.674,37.878,-61,NO_MOVEMENT,2
2026-09-08T10:49:06.582,3.829,23.674,37.878,-62,NO_MOVEMENT,2
2026-09-08T10:49:07.165,3.525,23.674,37.878,-63,NO_MOVEMENT,2
2026-09-08T10:49:07.898,4.800,23.674,37.878,-64,NO_MOVEMENT,2
2026-09-08T10:49:08.437,5.511,23.674,37.878,-64,NO_MOVEMENT,2
2026-09-08T10:49:09.013,5.421,23.674,37.878,-64,NO_MOVEMENT,2
2026-09-08T10:49:09.631,6.346,23.674,37.878,-63,NO_MOVEMENT,2
2026-09-08T10:49:10.587,7.656,23.674,37.878,-65,NO_MOVEMENT,2
2026-09-08T10:49:11.487,7.442,23.674,37.878,-64,NO_MOVEMENT,2
2026-09-08T10:49:11.997,7.405,23.674,37.878,-64,NO_MOVEMENT,2
2026-09-08T10:49:12.955,5.354,23.674,37.878,-65,NO_MOVEMENT,2
2026-09-08T10:49:13.911,6.547,23.674,37.878,-64,NO_MOVEMENT,2
2026-09-08T10:49:14.823,6.985,23.674,37.878,-64,NO_MOVEMENT,2
2026-09-08T10:49:15.740,6.749,23.674,37.878,-65,NO_MOVEMENT,2
2026-09-08T10:49:16.348,6.560,23.674,37.878,-66,NO_MOVEMENT,2
2026-09-08T10:49:16.955,5.500,23.674,37.878,-64,NO_MOVEMENT,2
2026-09-08T10:49:17.618,4.927,23.674,37.878,-63,NO_MOVEMENT,2
2026-09-08T10:49:18.243,4.949,23.674,37.878,-65,NO_MOVEMENT,2
2026-09-08T10:49:18.859,3.862,23.674,37.878,-64,NO_MOVEMENT,2
2026-09-08T10:49:19.371,3.732,23.674,37.878,-65,NO_MOVEMENT,2
2026-09-08T10:49:19.907,5.282,23.674,37.878,-67,NO_MOVEMENT,2
2026-09-08T10:49:20.884,5.584,23.674,37.878,-66,NO_MOVEMENT,2
2026-09-08T10:49:21.440,5.815,23.674,37.878,-66,NO_MOVEMENT,2
2026-09-08T10:49:22.412,5.328,23.674,37.878,-66,NO_MOVEMENT,2
2026-09-08T10:49:23.353,5.348,23.674,37.878,-66,NO_MOVEMENT,2
2026-09-08T10:49:23.960,6.258,23.674,37.878,-66,NO_MOVEMENT,2
2026-09-08T10:49:25.015,5.167,23.674,37.878,-64,NO_MOVEMENT,2
2026-09-08T10:49:25.525,5.416,23.674,37.878,-66,NO_MOVEMENT,2
2026-09-08T10:49:26.119,3.996,23.674,37.878,-66,NO_MOVEMENT,2
2026-09-08T10:49:26.725,4.030,23.674,37.878,-65,NO_MOVEMENT,2
2026-09-08T10:49:27.777,4.584,23.674,37.878,-66,NO_MOVEMENT,2
2026-09-08T10:49:28.660,5.016,23.674,37.878,-66,NO_MOVEMENT,2
2026-09-08T10:49:29.609,4.678,23.674,37.878,-65,NO_MOVEMENT,2
2026-09-08T10:49:30.176,4.576,23.674,37.878,-65,NO_MOVEMENT,2
2026-09-08T10:49:30.680,4.864,23.674,37.878,-65,NO_MOVEMENT,2
2026-09-08T10:49:31.246,5.489,23.674,37.878,-64,NO_MOVEMENT,2
2026-09-08T10:49:31.774,5.070,23.674,37.878,-64,NO_MOVEMENT,2
2026-09-08T10:49:32.806,3.534,23.674,37.878,-64,NO_MOVEMENT,2
2026-09-08T10:49:33.330,3.889,23.674,37.878,-64,NO_MOVEMENT,2
2026-09-08T10:49:33.928,3.496,23.674,37.878,-64,NO_MOVEMENT,2
2026-09-08T10:49:34.453,3.123,23.674,37.878,-64,NO_MOVEMENT,2
2026-09-08T10:49:34.984,3.378,23.674,37.878,-61,NO_MOVEMENT,2
2026-09-08T10:49:35.538,6.569,23.674,37.878,-62,NO_MOVEMENT,2
2026-09-08T10:49:36.225,7.835,23.674,37.878,-62,NO_MOVEMENT,2
2026-09-08T10:49:36.748,8.327,23.674,37.878,-62,NO_MOVEMENT,2
2026-09-08T10:49:37.264,7.845,23.674,37.878,-63,NO_MOVEMENT,2
2026-09-08T10:49:37.793,6.022,23.674,37.878,-62,NO_MOVEMENT,2
2026-09-08T10:49:38.331,4.960,23.674,37.878,-62,NO_MOVEMENT,2
2026-09-08T10:49:38.895,3.726,23.674,37.878,-63,NO_MOVEMENT,2
2026-09-08T10:49:39.443,3.899,23.674,37.878,-61,NO_MOVEMENT,2
2026-09-08T10:49:40.447,6.626,23.674,37.878,-63,NO_MOVEMENT,2
2026-09-08T10:49:41.003,6.384,23.674,37.878,-63,NO_MOVEMENT,2
2026-09-08T10:49:41.535,9.857,23.674,37.878,-63,NO_MOVEMENT,2
2026-09-08T10:49:42.066,8.075,23.674,37.878,-63,NO_MOVEMENT,2
2026-09-08T10:49:42.619,7.772,23.674,37.878,-62,NO_MOVEMENT,2
2026-09-08T10:49:43.671,4.208,23.674,37.878,-61,NO_MOVEMENT,2
2026-09-08T10:49:44.254,6.699,23.674,37.878,-62,NO_MOVEMENT,2
2026-09-08T10:49:44.859,6.756,23.674,37.878,-62,NO_MOVEMENT,2
2026-09-08T10:49:45.519,7.007,23.674,37.878,-62,NO_MOVEMENT,2
2026-09-08T10:49:46.160,6.383,23.674,37.878,-61,NO_MOVEMENT,2
2026-09-08T10:49:46.830,3.907,23.674,37.878,-61,NO_MOVEMENT,2
2026-09-08T10:49:47.378,4.217,23.674,37.878,-60,NO_MOVEMENT,2
2026-09-08T10:49:48.151,4.373,23.674,37.878,-63,NO_MOVEMENT,2
2026-09-08T10:49:48.720,5.036,23.674,37.878,-62,NO_MOVEMENT,2
2026-09-08T10:49:49.468,3.989,23.674,37.878,-60,NO_MOVEMENT,2
2026-09-08T10:49:50.117,4.203,23.674,37.878,-60,NO_MOVEMENT,2
2026-09-08T10:49:50.739,3.360,23.674,37.878,-63,NO_MOVEMENT,2
2026-09-08T10:49:51.297,5.973,23.674,37.878,-63,NO_MOVEMENT,2
2026-09-08T10:49:51.810,6.265,23.674,37.878,-64,NO_MOVEMENT,2
2026-09-08T10:49:52.404,5.475,23.674,37.878,-66,NO_MOVEMENT,2
2026-09-08T10:49:52.952,4.623,23.674,37.878,-62,NO_MOVEMENT,2
2026-09-08T10:49:53.519,6.865,23.674,37.878,-62,NO_MOVEMENT,2
2026-09-08T10:49:54.075,8.661,23.674,37.878,-62,NO_MOVEMENT,2
2026-09-08T10:49:54.665,9.828,23.674,37.878,-62,NO_MOVEMENT,2
2026-09-08T10:49:55.299,9.964,23.674,37.878,-62,NO_MOVEMENT,2
2026-09-08T10:49:55.840,8.354,23.674,37.878,-62,NO_MOVEMENT,2
2026-09-08T10:49:56.399,6.173,23.674,37.878,-62,NO_MOVEMENT,2
2026-09-08T10:49:56.945,3.277,23.674,37.878,-60,NO_MOVEMENT,2
2026-09-08T10:49:57.504,4.115,23.674,37.878,-59,NO_MOVEMENT,2
2026-09-08T10:49:58.021,4.757,23.674,37.878,-59,NO_MOVEMENT,2
2026-09-08T10:49:58.541,5.493,23.674,37.878,-59,NO_MOVEMENT,2
2026-09-08T10:49:59.229,5.707,23.674,37.878,-60,NO_MOVEMENT,2
2026-09-08T10:49:59.844,6.551,23.674,37.878,-61,NO_MOVEMENT,2
2026-09-08T10:50:01.070,5.724,23.674,37.878,-60,NO_MOVEMENT,2
2026-09-08T10:50:01.767,5.271,23.674,37.878,-60,NO_MOVEMENT,2
2026-09-08T10:50:02.334,4.647,23.674,37.878,-63,NO_MOVEMENT,2
2026-09-08T10:50:02.922,5.405,23.674,37.878,-63,NO_MOVEMENT,2
2026-09-08T10:50:03.481,4.952,23.674,37.878,-61,NO_MOVEMENT,2
2026-09-08T10:50:04.020,5.846,23.674,37.878,-63,NO_MOVEMENT,2
2026-09-08T10:50:04.571,5.268,23.674,37.878,-62,NO_MOVEMENT,2
2026-09-08T10:50:05.564,5.972,23.674,37.878,-64,NO_MOVEMENT,2
2026-09-08T10:50:06.095,7.395,23.674,37.878,-60,NO_MOVEMENT,2
2026-09-08T10:50:06.611,8.041,23.674,37.878,-64,NO_MOVEMENT,2
2026-09-08T10:50:07.268,4.744,23.674,37.878,-64,NO_MOVEMENT,2
2026-09-08T10:50:07.817,3.825,23.674,37.878,-63,NO_MOVEMENT,2
2026-09-08T10:50:08.418,3.830,23.674,37.878,-64,NO_MOVEMENT,2
2026-09-08T10:50:08.987,4.950,23.674,37.878,-64,NO_MOVEMENT,2
2026-09-08T10:50:09.512,5.061,23.674,37.878,-64,NO_MOVEMENT,2
2026-09-08T10:50:10.060,4.823,23.674,37.878,-64,NO_MOVEMENT,2
2026-09-08T10:50:11.025,5.106,23.674,37.878,-64,NO_MOVEMENT,2
2026-09-08T10:50:11.749,4.841,23.674,37.878,-64,NO_MOVEMENT,2
2026-09-08T10:50:12.285,4.793,23.674,37.878,-64,NO_MOVEMENT,2
2026-09-08T10:50:13.235,3.733,23.674,37.878,-63,NO_MOVEMENT,2
2026-09-08T10:50:13.772,3.967,23.674,37.878,-65,NO_MOVEMENT,2
2026-09-08T10:50:14.326,4.677,23.674,37.878,-63,NO_MOVEMENT,2
2026-09-08T10:50:14.923,7.415,23.674,37.878,-63,NO_MOVEMENT,2
2026-09-08T10:50:15.433,7.191,23.674,37.878,-63,NO_MOVEMENT,2
2026-09-08T10:50:16.115,6.640,23.674,37.878,-63,NO_MOVEMENT,2
2026-09-08T10:50:16.700,6.862,23.674,37.878,-62,NO_MOVEMENT,2
2026-09-08T10:50:17.255,4.775,23.674,37.878,-62,NO_MOVEMENT,2
2026-09-08T10:50:18.247,3.674,23.674,37.878,-61,NO_MOVEMENT,2
2026-09-08T10:50:18.831,3.424,23.674,37.878,-59,NO_MOVEMENT,2
2026-09-08T10:50:19.369,3.468,23.674,37.878,-60,NO_MOVEMENT,2
2026-09-08T10:50:19.898,5.608,23.674,37.878,-60,NO_MOVEMENT,2
2026-09-08T10:50:20.515,5.804,23.674,37.878,-61,NO_MOVEMENT,2
2026-09-08T10:50:21.067,6.134,23.674,37.878,-61,NO_MOVEMENT,2
2026-09-08T10:50:21.595,4.039,23.674,37.878,-61,NO_MOVEMENT,2
2026-09-08T10:50:22.658,4.204,23.674,37.878,-60,NO_MOVEMENT,2
2026-09-08T10:50:23.175,5.705,23.674,37.878,-63,NO_MOVEMENT,2
2026-09-08T10:50:23.874,5.508,23.674,37.878,-62,NO_MOVEMENT,2
2026-09-08T10:50:24.602,6.644,23.674,37.878,-61,NO_MOVEMENT,2
2026-09-08T10:50:25.314,6.718,23.674,37.878,-62,NO_MOVEMENT,2
2026-09-08T10:50:25.905,6.130,23.674,37.878,-62,NO_MOVEMENT,2
2026-09-08T10:50:26.509,4.321,23.674,37.878,-62,NO_MOVEMENT,2
2026-09-08T10:50:27.017,5.212,23.674,37.878,-66,NO_MOVEMENT,2
2026-09-08T10:50:27.548,5.758,23.674,37.878,-63,NO_MOVEMENT,2
2026-09-08T10:50:28.251,5.930,23.674,37.878,-63,NO_MOVEMENT,2
2026-09-08T10:50:28.827,5.522,23.674,37.878,-63,NO_MOVEMENT,2
2026-09-08T10:50:29.370,4.673,23.674,37.878,-62,NO_MOVEMENT,2
2026-09-08T10:50:29.944,5.214,23.674,37.878,-61,NO_MOVEMENT,2
2026-09-08T10:50:30.538,5.238,23.674,37.878,-61,NO_MOVEMENT,2
2026-09-08T10:50:31.084,5.351,23.674,37.878,-60,NO_MOVEMENT,2
2026-09-08T10:50:31.662,3.777,23.674,37.878,-63,NO_MOVEMENT,2
2026-09-08T10:50:32.178,3.861,23.674,37.878,-60,NO_MOVEMENT,2
2026-09-08T10:50:32.737,4.013,23.674,37.878,-63,NO_MOVEMENT,2
2026-09-08T10:50:33.243,4.289,23.674,37.878,-63,NO_MOVEMENT,2
2026-09-08T10:50:33.795,4.248,23.674,37.878,-62,NO_MOVEMENT,2
2026-09-08T10:50:34.330,4.821,23.674,37.878,-62,NO_MOVEMENT,2
2026-09-08T10:50:34.984,3.795,23.674,37.878,-63,NO_MOVEMENT,2
2026-09-08T10:50:35.587,4.061,23.674,37.878,-64,NO_MOVEMENT,2
2026-09-08T10:50:36.088,5.316,23.674,37.878,-67,NO_MOVEMENT,2
2026-09-08T10:50:36.614,6.602,23.674,37.878,-66,NO_MOVEMENT,2
2026-09-08T10:50:37.131,6.720,23.674,37.878,-67,NO_MOVEMENT,2
2026-09-08T10:50:37.692,7.379,23.674,37.878,-61,NO_MOVEMENT,2
2026-09-08T10:50:38.210,6.749,23.674,37.878,-65,NO_MOVEMENT,2
2026-09-08T10:50:38.821,6.644,23.674,37.878,-61,NO_MOVEMENT,2
2026-09-08T10:50:39.536,8.378,23.674,37.878,-61,NO_MOVEMENT,2
2026-09-08T10:50:40.182,7.673,23.674,37.878,-58,NO_MOVEMENT,2
2026-09-08T10:50:40.815,7.495,23.674,37.878,-61,NO_MOVEMENT,2
2026-09-08T10:50:41.467,6.394,23.674,37.878,-59,NO_MOVEMENT,2
2026-09-08T10:50:42.120,3.606,23.674,37.878,-59,NO_MOVEMENT,2
2026-09-08T10:50:42.887,2.882,23.674,37.878,-60,NO_MOVEMENT,2
2026-09-08T10:50:43.694,3.436,23.674,37.878,-61,NO_MOVEMENT,2
2026-09-08T10:50:44.319,3.494,23.674,37.878,-60,NO_MOVEMENT,2
2026-09-08T10:50:44.969,6.390,23.674,37.878,-61,NO_MOVEMENT,2
2026-09-08T10:50:45.565,7.168,23.674,37.878,-60,NO_MOVEMENT,2
2026-09-08T10:50:46.174,7.090,23.674,37.878,-61,NO_MOVEMENT,2
2026-09-08T10:50:46.751,8.262,23.674,37.878,-62,NO_MOVEMENT,2
2026-09-08T10:50:47.272,9.099,23.674,37.878,-62,NO_MOVEMENT,2
2026-09-08T10:50:47.859,8.276,23.674,37.878,-61,NO_MOVEMENT,2
2026-09-08T10:50:48.493,7.794,23.674,37.878,-59,NO_MOVEMENT,2
2026-09-08T10:50:49.129,7.476,23.674,37.878,-60,NO_MOVEMENT,2
2026-09-08T10:50:49.782,7.120,23.674,37.878,-60,NO_MOVEMENT,2
2026-09-08T10:50:50.378,7.736,23.674,37.878,-60,NO_MOVEMENT,2
2026-09-08T10:50:50.969,5.751,23.674,37.878,-63,NO_MOVEMENT,2
2026-09-08T10:50:51.540,6.378,23.674,37.878,-62,NO_MOVEMENT,2
2026-09-08T10:50:52.194,7.743,23.674,37.878,-59,NO_MOVEMENT,2
2026-09-08T10:50:52.768,6.897,23.674,37.878,-60,NO_MOVEMENT,2
2026-09-08T10:50:53.333,5.988,23.674,37.878,-60,NO_MOVEMENT,2
2026-09-08T10:50:53.993,3.928,23.674,37.878,-60,NO_MOVEMENT,2
2026-09-08T10:50:54.685,3.546,23.674,37.878,-59,NO_MOVEMENT,2
2026-09-08T10:50:55.467,6.372,23.674,37.878,-60,NO_MOVEMENT,2
2026-09-08T10:50:56.114,7.058,23.674,37.878,-61,NO_MOVEMENT,2
2026-09-08T10:50:56.729,7.126,23.674,37.878,-60,NO_MOVEMENT,2
2026-09-08T10:50:57.392,6.083,23.674,37.878,-61,NO_MOVEMENT,2
2026-09-08T10:50:58.038,4.805,23.674,37.878,-61,NO_MOVEMENT,2
2026-09-08T10:50:58.687,3.755,23.674,37.878,-60,NO_MOVEMENT,2
2026-09-08T10:50:59.309,3.804,23.674,37.878,-60,NO_MOVEMENT,2
2026-09-08T10:50:59.947,3.265,23.674,37.878,-60,NO_MOVEMENT,2
2026-09-08T10:51:01.109,5.271,23.674,37.878,-60,NO_MOVEMENT,2
2026-09-08T10:51:01.801,5.471,23.674,37.878,-61,NO_MOVEMENT,2
2026-09-08T10:51:02.396,5.565,23.674,37.878,-61,NO_MOVEMENT,2
2026-09-08T10:51:03.028,5.671,23.674,37.878,-61,NO_MOVEMENT,2
2026-09-08T10:51:03.677,3.410,23.674,37.878,-62,NO_MOVEMENT,2
2026-09-08T10:51:04.272,4.748,23.674,37.878,-61,NO_MOVEMENT,2
2026-09-08T10:51:04.986,6.060,23.674,37.878,-60,NO_MOVEMENT,2
2026-09-08T10:51:05.659,8.074,23.674,37.878,-71,NO_MOVEMENT,2
2026-09-08T10:51:06.304,8.772,23.674,37.878,-63,NO_MOVEMENT,2
2026-09-08T10:51:06.940,8.395,23.674,37.878,-67,NO_MOVEMENT,2
2026-09-08T10:51:07.539,8.108,23.674,37.878,-62,NO_MOVEMENT,2
2026-09-08T10:51:08.324,4.943,23.674,37.878,-68,NO_MOVEMENT,2
2026-09-08T10:51:08.933,9.470,23.674,37.878,-68,NO_MOVEMENT,2
2026-09-08T10:51:09.450,9.684,23.674,37.878,-67,NO_MOVEMENT,2
2026-09-08T10:51:10.065,10.106,23.674,37.878,-65,NO_MOVEMENT,2
2026-09-08T10:51:10.679,10.672,23.674,37.878,-66,NO_MOVEMENT,2
2026-09-08T10:51:11.321,8.730,23.674,37.878,-65,NO_MOVEMENT,2
2026-09-08T10:51:11.943,9.255,23.674,37.878,-71,NO_MOVEMENT,2
2026-09-08T10:51:12.606,9.154,23.674,37.878,-67,NO_MOVEMENT,2
2026-09-08T10:51:13.187,6.445,23.674,37.878,-68,NO_MOVEMENT,2
2026-09-08T10:51:13.744,6.245,23.674,37.878,-69,NO_MOVEMENT,2
2026-09-08T10:51:14.347,9.140,23.674,37.878,-68,NO_MOVEMENT,2
2026-09-08T10:51:14.914,10.776,23.674,37.878,-69,NO_MOVEMENT,2
2026-09-08T10:51:15.497,9.914,23.674,37.878,-69,NO_MOVEMENT,2
2026-09-08T10:51:16.069,9.471,23.674,37.878,-70,NO_MOVEMENT,2
2026-09-08T10:51:16.667,9.602,23.674,37.878,-74,NO_MOVEMENT,2
2026-09-08T10:51:17.246,9.196,23.674,37.878,-73,NO_MOVEMENT,2
2026-09-08T10:51:17.823,9.296,23.674,37.878,-72,NO_MOVEMENT,2
2026-09-08T10:51:18.376,10.056,23.674,37.878,-65,NO_MOVEMENT,2
2026-09-08T10:51:18.939,8.032,23.674,37.878,-66,NO_MOVEMENT,2
2026-09-08T10:51:19.618,5.667,23.674,37.878,-65,NO_MOVEMENT,2
2026-09-08T10:51:20.123,6.721,23.674,37.878,-66,NO_MOVEMENT,2
2026-09-08T10:51:21.124,6.898,23.674,37.878,-67,NO_MOVEMENT,2
2026-09-08T10:51:22.101,9.882,23.674,37.878,-66,NO_MOVEMENT,2
2026-09-08T10:51:22.612,8.184,23.674,37.878,-67,NO_MOVEMENT,2
2026-09-08T10:51:23.121,7.639,23.674,37.878,-68,NO_MOVEMENT,2
2026-09-08T10:51:23.630,6.852,23.674,37.878,-66,NO_MOVEMENT,2
2026-09-08T10:51:24.161,7.048,23.674,37.878,-65,NO_MOVEMENT,2
2026-09-08T10:51:24.662,6.718,23.674,37.878,-65,NO_MOVEMENT,2
2026-09-08T10:51:25.196,5.690,23.674,37.878,-66,NO_MOVEMENT,2
2026-09-08T10:51:25.705,5.177,23.674,37.878,-70,NO_MOVEMENT,2
2026-09-08T10:51:26.644,6.044,23.674,37.878,-65,NO_MOVEMENT,2
2026-09-08T10:51:27.595,6.197,23.674,37.878,-65,NO_MOVEMENT,2
2026-09-08T10:51:28.546,6.165,23.674,37.878,-69,NO_MOVEMENT,2
2026-09-08T10:51:29.055,6.483,23.674,37.878,-65,NO_MOVEMENT,2
2026-09-08T10:51:29.570,6.381,23.674,37.878,-65,NO_MOVEMENT,2
2026-09-08T10:51:30.125,7.526,23.674,37.878,-64,NO_MOVEMENT,2
2026-09-08T10:51:30.749,8.592,23.674,37.878,-69,NO_MOVEMENT,2
2026-09-08T10:51:31.295,8.902,23.674,37.878,-74,NO_MOVEMENT,2
2026-09-08T10:51:31.994,8.537,23.674,37.878,-64,NO_MOVEMENT,2
2026-09-08T10:51:32.531,7.965,23.674,37.878,-65,NO_MOVEMENT,2
2026-09-08T10:51:33.113,6.904,23.674,37.878,-65,NO_MOVEMENT,2
2026-09-08T10:51:33.683,4.710,23.674,37.878,-64,NO_MOVEMENT,2
2026-09-08T10:51:34.274,4.570,23.674,37.878,-65,NO_MOVEMENT,2
2026-09-08T10:51:34.819,4.577,23.674,37.878,-65,NO_MOVEMENT,2
2026-09-08T10:51:35.447,4.957,23.674,37.878,-62,NO_MOVEMENT,2
2026-09-08T10:51:36.015,4.197,23.674,37.878,-64,NO_MOVEMENT,2
2026-09-08T10:51:36.631,4.195,23.674,37.878,-64,NO_MOVEMENT,2
2026-09-08T10:51:37.311,4.518,23.674,37.878,-64,NO_MOVEMENT,2
2026-09-08T10:51:37.918,4.382,23.674,37.878,-64,NO_MOVEMENT,2
2026-09-08T10:51:38.487,4.461,23.674,37.878,-65,NO_MOVEMENT,2
2026-09-08T10:51:39.041,4.786,23.674,37.878,-65,NO_MOVEMENT,2
2026-09-08T10:51:39.601,4.666,23.674,37.878,-64,NO_MOVEMENT,2
2026-09-08T10:51:40.206,3.931,23.674,37.878,-66,NO_MOVEMENT,2
2026-09-08T10:51:40.772,3.774,23.674,37.878,-67,NO_MOVEMENT,2
2026-09-08T10:51:41.307,5.209,23.674,37.878,-68,NO_MOVEMENT,2
2026-09-08T10:51:41.928,6.077,23.674,37.878,-68,NO_MOVEMENT,2
2026-09-08T10:51:42.538,6.549,23.674,37.878,-67,NO_MOVEMENT,2
2026-09-08T10:51:43.248,8.716,23.674,37.878,-64,NO_MOVEMENT,2
2026-09-08T10:51:43.821,7.602,23.674,37.878,-65,NO_MOVEMENT,2
2026-09-08T10:51:44.327,7.305,23.674,37.878,-65,NO_MOVEMENT,2
2026-09-08T10:51:45.368,8.200,23.674,37.878,-66,NO_MOVEMENT,2
2026-09-08T10:51:45.992,9.121,23.674,37.878,-66,NO_MOVEMENT,2
2026-09-08T10:51:46.525,9.140,23.674,37.878,-68,NO_MOVEMENT,2
2026-09-08T10:51:47.092,9.539,23.674,37.878,-67,NO_MOVEMENT,2
2026-09-08T10:51:47.621,8.035,23.674,37.878,-67,NO_MOVEMENT,2
2026-09-08T10:51:48.183,10.116,23.674,37.878,-70,NO_MOVEMENT,2
2026-09-08T10:51:48.793,10.017,23.674,37.878,-68,NO_MOVEMENT,2
2026-09-08T10:51:49.415,10.124,23.674,37.878,-71,NO_MOVEMENT,2
2026-09-08T10:51:50.405,10.980,23.674,37.878,-70,NO_MOVEMENT,2
2026-09-08T10:51:50.969,9.029,23.674,37.878,-71,NO_MOVEMENT,2
2026-09-08T10:51:51.519,10.394,23.674,37.878,-71,NO_MOVEMENT,2
2026-09-08T10:51:52.062,9.184,23.674,37.878,-68,NO_MOVEMENT,2
2026-09-08T10:51:52.611,8.444,23.674,37.878,-68,NO_MOVEMENT,2
2026-09-08T10:51:53.185,10.467,23.674,37.878,-73,NO_MOVEMENT,2
2026-09-08T10:51:53.803,9.522,23.674,37.878,-68,NO_MOVEMENT,2
2026-09-08T10:51:54.796,8.895,23.674,37.878,-68,NO_MOVEMENT,2
2026-09-08T10:51:55.450,9.517,23.674,37.878,-71,NO_MOVEMENT,2
2026-09-08T10:51:56.520,8.749,23.674,37.878,-69,NO_MOVEMENT,2
2026-09-08T10:51:57.093,8.024,23.674,37.878,-69,NO_MOVEMENT,2
2026-09-08T10:51:57.679,7.060,23.674,37.878,-69,NO_MOVEMENT,2
2026-09-08T10:51:58.221,7.252,23.674,37.878,-67,NO_MOVEMENT,2
2026-09-08T10:51:58.780,7.496,23.674,37.878,-69,NO_MOVEMENT,2
2026-09-08T10:51:59.326,7.869,23.674,37.878,-70,NO_MOVEMENT,2
2026-09-08T10:52:00.402,8.348,23.674,37.878,-69,NO_MOVEMENT,2
2026-09-08T10:52:01.243,10.029,23.674,37.878,-67,NO_MOVEMENT,2
2026-09-08T10:52:01.829,8.894,23.674,37.878,-66,NO_MOVEMENT,2
2026-09-08T10:52:02.457,7.130,23.674,37.878,-66,NO_MOVEMENT,2
2026-09-08T10:52:02.986,5.362,23.674,37.878,-65,NO_MOVEMENT,2
2026-09-08T10:52:03.551,4.985,23.674,37.878,-66,NO_MOVEMENT,2
2026-09-08T10:52:04.115,5.439,23.674,37.878,-67,NO_MOVEMENT,2
2026-09-08T10:52:04.697,5.497,23.674,37.878,-69,NO_MOVEMENT,2
2026-09-08T10:52:05.309,6.363,23.674,37.878,-65,NO_MOVEMENT,2
2026-09-08T10:52:05.845,8.512,23.674,37.878,-64,NO_MOVEMENT,2
2026-09-08T10:52:06.498,8.615,23.674,37.878,-65,NO_MOVEMENT,2
2026-09-08T10:52:07.071,7.888,23.674,37.878,-66,NO_MOVEMENT,2
2026-09-08T10:52:07.788,4.914,23.674,37.878,-66,NO_MOVEMENT,2
2026-09-08T10:52:08.309,4.307,23.674,37.878,-65,NO_MOVEMENT,2
2026-09-08T10:52:08.845,5.443,23.674,37.878,-65,NO_MOVEMENT,2
2026-09-08T10:52:09.365,6.299,23.674,37.878,-65,NO_MOVEMENT,2
2026-09-08T10:52:09.925,6.359,23.674,37.878,-64,NO_MOVEMENT,2
2026-09-08T10:52:10.455,6.689,23.674,37.878,-65,NO_MOVEMENT,2
2026-09-08T10:52:10.969,12.218,23.674,37.878,-64,NO_MOVEMENT,2
2026-09-08T10:52:11.524,11.646,23.674,37.878,-65,NO_MOVEMENT,2
2026-09-08T10:52:12.087,11.679,23.674,37.878,-66,NO_MOVEMENT,2
2026-09-08T10:52:12.657,12.128,23.674,37.878,-66,NO_MOVEMENT,2
2026-09-08T10:52:13.719,5.195,23.674,37.878,-65,NO_MOVEMENT,2
2026-09-08T10:52:14.249,5.461,23.674,37.878,-65,NO_MOVEMENT,2
2026-09-08T10:52:14.837,5.348,23.674,37.878,-65,NO_MOVEMENT,2
2026-09-08T10:52:15.403,5.584,23.674,37.878,-65,NO_MOVEMENT,2
2026-09-08T10:52:15.924,5.276,23.674,37.878,-67,NO_MOVEMENT,2
2026-09-08T10:52:16.450,5.556,23.674,37.878,-68,NO_MOVEMENT,2
2026-09-08T10:52:17.479,5.471,23.674,37.878,-65,NO_MOVEMENT,2
2026-09-08T10:52:17.980,5.835,23.674,37.878,-65,NO_MOVEMENT,2
2026-09-08T10:52:18.571,5.796,23.674,37.878,-64,NO_MOVEMENT,2
2026-09-08T10:52:19.291,6.684,23.674,37.878,-66,NO_MOVEMENT,2
2026-09-08T10:52:19.861,6.654,23.674,37.878,-64,NO_MOVEMENT,2
2026-09-08T10:52:20.384,6.588,23.674,37.878,-64,NO_MOVEMENT,2
2026-09-08T10:52:20.938,5.804,23.674,37.878,-64,NO_MOVEMENT,2
2026-09-08T10:52:21.530,4.574,23.674,37.878,-64,NO_MOVEMENT,2
2026-09-08T10:52:22.059,5.577,23.674,37.878,-68,NO_MOVEMENT,2
2026-09-08T10:52:22.619,6.062,23.674,37.878,-68,NO_MOVEMENT,2
2026-09-08T10:52:23.244,6.822,23.674,37.878,-67,NO_MOVEMENT,2
2026-09-08T10:52:23.762,6.620,23.674,37.878,-66,NO_MOVEMENT,2
2026-09-08T10:52:24.279,6.341,23.674,37.878,-65,NO_MOVEMENT,2
2026-09-08T10:52:24.949,6.329,23.674,37.878,-62,NO_MOVEMENT,2
2026-09-08T10:52:26.023,6.352,23.674,37.878,-62,NO_MOVEMENT,2
2026-09-08T10:52:26.587,5.860,23.674,37.878,-63,NO_MOVEMENT,2
2026-09-08T10:52:27.151,5.420,23.674,37.878,-64,NO_MOVEMENT,2
2026-09-08T10:52:27.746,4.869,23.674,37.878,-64,NO_MOVEMENT,2
2026-09-08T10:52:28.277,4.348,23.674,37.878,-64,NO_MOVEMENT,2
2026-09-08T10:52:28.842,7.249,23.674,37.878,-61,NO_MOVEMENT,2
2026-09-08T10:52:29.421,7.254,23.674,37.878,-63,NO_MOVEMENT,2
2026-09-08T10:52:29.992,7.112,23.674,37.878,-64,NO_MOVEMENT,2
2026-09-08T10:52:30.749,7.272,23.674,37.878,-64,NO_MOVEMENT,2
2026-09-08T10:52:31.305,7.507,23.674,37.878,-61,NO_MOVEMENT,2
2026-09-08T10:52:31.867,9.391,23.674,37.878,-63,NO_MOVEMENT,2
2026-09-08T10:52:32.417,9.586,23.674,37.878,-63,NO_MOVEMENT,2
2026-09-08T10:52:33.001,11.700,23.674,37.878,-63,NO_MOVEMENT,2
2026-09-08T10:52:33.563,6.970,23.674,37.878,-63,NO_MOVEMENT,2
2026-09-08T10:52:34.069,6.917,23.674,37.878,-64,NO_MOVEMENT,2
2026-09-08T10:52:34.682,2.756,23.674,37.878,-63,NO_MOVEMENT,2
2026-09-08T10:52:35.221,3.141,23.674,37.878,-63,NO_MOVEMENT,2
2026-09-08T10:52:35.760,3.377,23.674,37.878,-63,NO_MOVEMENT,2
2026-09-08T10:52:36.336,4.161,23.674,37.878,-63,NO_MOVEMENT,2
2026-09-08T10:52:36.903,3.862,23.674,37.878,-64,NO_MOVEMENT,2
2026-09-08T10:52:37.419,3.889,23.674,37.878,-64,NO_MOVEMENT,2
2026-09-08T10:52:37.973,4.427,23.674,37.878,-63,NO_MOVEMENT,2
2026-09-08T10:52:38.542,4.481,23.674,37.878,-64,NO_MOVEMENT,2
2026-09-08T10:52:39.516,5.924,23.674,37.878,-65,NO_MOVEMENT,2
2026-09-08T10:52:40.177,6.002,23.674,37.878,-64,NO_MOVEMENT,2
2026-09-08T10:52:40.716,9.074,23.674,37.878,-63,NO_MOVEMENT,2
2026-09-08T10:52:41.292,7.667,23.674,37.878,-64,NO_MOVEMENT,2
2026-09-08T10:52:41.994,7.537,23.674,37.878,-63,NO_MOVEMENT,2
2026-09-08T10:52:42.681,5.785,23.674,37.878,-64,NO_MOVEMENT,2
2026-09-08T10:52:43.273,8.310,23.674,37.878,-64,NO_MOVEMENT,2
2026-09-08T10:52:43.845,7.644,23.674,37.878,-63,NO_MOVEMENT,2
2026-09-08T10:52:44.374,8.808,23.674,37.878,-64,NO_MOVEMENT,2
2026-09-08T10:52:44.925,8.647,23.674,37.878,-63,NO_MOVEMENT,2
2026-09-08T10:52:45.433,6.331,23.674,37.878,-62,NO_MOVEMENT,2
2026-09-08T10:52:45.957,6.663,23.674,37.878,-63,NO_MOVEMENT,2
2026-09-08T10:52:46.499,4.825,23.674,37.878,-63,NO_MOVEMENT,2
2026-09-08T10:52:47.041,4.547,23.674,37.878,-63,NO_MOVEMENT,2
2026-09-08T10:52:47.620,4.171,23.674,37.878,-63,NO_MOVEMENT,2
2026-09-08T10:52:48.186,4.917,23.674,37.878,-63,NO_MOVEMENT,2
2026-09-08T10:52:48.715,6.946,23.674,37.878,-64,NO_MOVEMENT,2
2026-09-08T10:52:49.281,7.092,23.674,37.878,-64,NO_MOVEMENT,2
2026-09-08T10:52:49.859,7.206,23.674,37.878,-63,NO_MOVEMENT,2
2026-09-08T10:52:50.445,7.610,23.674,37.878,-64,NO_MOVEMENT,2
2026-09-08T10:52:50.947,5.485,23.674,37.878,-63,NO_MOVEMENT,2
2026-09-08T10:52:51.489,5.599,23.674,37.878,-66,NO_MOVEMENT,2
2026-09-08T10:52:52.039,5.643,23.674,37.878,-63,NO_MOVEMENT,2
2026-09-08T10:52:52.700,4.517,23.674,37.878,-63,NO_MOVEMENT,2
2026-09-08T10:52:53.285,4.179,23.674,37.878,-64,NO_MOVEMENT,2
2026-09-08T10:52:53.792,4.604,23.674,37.878,-65,NO_MOVEMENT,2
2026-09-08T10:52:54.297,4.803,23.674,37.878,-64,NO_MOVEMENT,2
2026-09-08T10:52:54.883,4.404,23.674,37.878,-65,NO_MOVEMENT,2
2026-09-08T10:52:55.435,4.519,23.674,37.878,-63,NO_MOVEMENT,2
2026-09-08T10:52:55.986,4.065,23.674,37.878,-65,NO_MOVEMENT,2
2026-09-08T10:52:56.553,4.646,23.674,37.878,-66,NO_MOVEMENT,2
2026-09-08T10:52:57.086,4.976,23.674,37.878,-65,NO_MOVEMENT,2
2026-09-08T10:52:57.676,4.663,23.674,37.878,-64,NO_MOVEMENT,2
2026-09-08T10:52:58.273,5.179,23.674,37.878,-68,NO_MOVEMENT,2
2026-09-08T10:52:58.868,7.382,23.674,37.878,-64,NO_MOVEMENT,2
2026-09-08T10:52:59.456,8.014,23.674,37.878,-62,NO_MOVEMENT,2
2026-09-08T10:52:59.998,7.826,23.674,37.878,-65,NO_MOVEMENT,2
2026-09-08T10:53:00.663,6.104,23.674,37.878,-64,NO_MOVEMENT,2
2026-09-08T10:53:01.488,5.049,23.674,37.878,-66,NO_MOVEMENT,2
2026-09-08T10:53:02.447,4.837,23.674,37.878,-67,NO_MOVEMENT,2
2026-09-08T10:53:03.000,5.441,23.674,37.878,-66,NO_MOVEMENT,2
2026-09-08T10:53:03.699,5.799,23.674,37.878,-64,NO_MOVEMENT,2
2026-09-08T10:53:04.429,4.695,23.674,37.878,-63,NO_MOVEMENT,2
2026-09-08T10:53:05.029,4.695,23.674,37.878,-62,NO_MOVEMENT,2
2026-09-08T10:53:05.613,7.107,23.674,37.878,-63,NO_MOVEMENT,2
2026-09-08T10:53:06.219,7.222,23.674,37.878,-63,NO_MOVEMENT,2
2026-09-08T10:53:06.776,6.418,23.674,37.878,-63,NO_MOVEMENT,2
2026-09-08T10:53:07.340,7.026,23.674,37.878,-65,NO_MOVEMENT,2
2026-09-08T10:53:07.865,4.953,23.674,37.878,-64,NO_MOVEMENT,2
2026-09-08T10:53:08.490,4.605,23.674,37.878,-65,NO_MOVEMENT,2
2026-09-08T10:53:09.042,4.928,23.674,37.878,-65,NO_MOVEMENT,2
2026-09-08T10:53:09.589,4.610,23.674,37.878,-66,NO_MOVEMENT,2
2026-09-08T10:53:10.648,4.914,23.674,37.878,-64,NO_MOVEMENT,2
2026-09-08T10:53:11.172,4.651,23.674,37.878,-64,NO_MOVEMENT,2
2026-09-08T10:53:11.719,4.503,23.674,37.878,-69,NO_MOVEMENT,2
2026-09-08T10:53:12.843,5.282,23.674,37.878,-65,NO_MOVEMENT,2
2026-09-08T10:53:13.874,4.847,23.674,37.878,-64,NO_MOVEMENT,2
2026-09-08T10:53:14.438,4.682,23.674,37.878,-65,NO_MOVEMENT,2
2026-09-08T10:53:15.062,4.630,23.674,37.878,-65,NO_MOVEMENT,2
2026-09-08T10:53:15.703,4.524,23.674,37.878,-64,NO_MOVEMENT,2
2026-09-08T10:53:16.322,4.445,23.674,37.878,-64,NO_MOVEMENT,2
2026-09-08T10:53:17.015,4.251,23.674,37.878,-65,NO_MOVEMENT,2
2026-09-08T10:53:17.660,4.489,23.674,37.878,-65,NO_MOVEMENT,2
2026-09-08T10:53:18.254,4.728,23.674,37.878,-66,NO_MOVEMENT,2
2026-09-08T10:53:18.831,5.539,23.674,37.878,-66,NO_MOVEMENT,2
2026-09-08T10:53:19.508,5.010,23.674,37.878,-66,NO_MOVEMENT,2
2026-09-08T10:53:20.070,4.773,23.674,37.878,-67,NO_MOVEMENT,2
2026-09-08T10:53:21.170,4.556,23.674,37.878,-66,NO_MOVEMENT,2
2026-09-08T10:53:21.723,4.736,23.674,37.878,-65,NO_MOVEMENT,2
2026-09-08T10:53:22.727,4.328,23.674,37.878,-65,NO_MOVEMENT,2
2026-09-08T10:53:23.249,4.735,23.674,37.878,-65,NO_MOVEMENT,2
2026-09-08T10:53:23.830,5.415,23.674,37.878,-65,NO_MOVEMENT,2
2026-09-08T10:53:24.411,5.872,23.674,37.878,-68,NO_MOVEMENT,2
2026-09-08T10:53:24.952,7.053,23.674,37.878,-65,NO_MOVEMENT,2
2026-09-08T10:53:25.660,7.371,23.674,37.878,-66,NO_MOVEMENT,2
2026-09-08T10:53:26.172,6.697,23.674,37.878,-65,NO_MOVEMENT,2
2026-09-08T10:53:26.729,6.430,23.674,37.878,-64,NO_MOVEMENT,2
2026-09-08T10:53:27.274,4.952,23.674,37.878,-65,NO_MOVEMENT,2
2026-09-08T10:53:27.798,5.231,23.674,37.878,-66,NO_MOVEMENT,2
2026-09-08T10:53:28.331,5.419,23.674,37.878,-66,NO_MOVEMENT,2
2026-09-08T10:53:28.987,5.841,23.674,37.878,-67,NO_MOVEMENT,2
2026-09-08T10:53:29.497,5.629,23.674,37.878,-67,NO_MOVEMENT,2
2026-09-08T10:53:30.020,5.158,23.674,37.878,-67,NO_MOVEMENT,2
2026-09-08T10:53:30.532,5.122,23.674,37.878,-67,NO_MOVEMENT,2
2026-09-08T10:53:31.148,6.475,23.674,37.878,-64,NO_MOVEMENT,2
2026-09-08T10:53:31.707,6.346,23.674,37.878,-65,NO_MOVEMENT,2
2026-09-08T10:53:32.260,6.187,23.674,37.878,-67,NO_MOVEMENT,2
2026-09-08T10:53:33.226,6.174,23.674,37.878,-66,NO_MOVEMENT,2
2026-09-08T10:53:33.748,6.152,23.674,37.878,-66,NO_MOVEMENT,2
2026-09-08T10:53:34.305,6.073,23.674,37.878,-67,NO_MOVEMENT,2
2026-09-08T10:53:34.835,6.488,23.674,37.878,-65,NO_MOVEMENT,2
2026-09-08T10:53:35.439,5.654,23.674,37.878,-66,NO_MOVEMENT,2
2026-09-08T10:53:36.023,5.278,23.674,37.878,-66,NO_MOVEMENT,2
2026-09-08T10:53:36.593,5.238,23.674,37.878,-67,NO_MOVEMENT,2
2026-09-08T10:53:37.661,6.047,23.674,37.878,-67,NO_MOVEMENT,2
2026-09-08T10:53:38.594,6.516,23.674,37.878,-65,NO_MOVEMENT,2
2026-09-08T10:53:39.122,6.447,23.674,37.878,-63,NO_MOVEMENT,2
2026-09-08T10:53:40.098,4.582,23.674,37.878,-63,NO_MOVEMENT,2
2026-09-08T10:53:41.058,4.127,23.674,37.878,-67,NO_MOVEMENT,2
2026-09-08T10:53:41.713,5.097,23.674,37.878,-66,NO_MOVEMENT,2
2026-09-08T10:53:42.721,6.060,23.674,37.878,-63,NO_MOVEMENT,2
2026-09-08T10:53:43.274,4.871,23.674,37.878,-64,NO_MOVEMENT,2
2026-09-08T10:53:44.149,3.962,23.674,37.878,-63,NO_MOVEMENT,2
2026-09-08T10:53:44.652,3.990,23.674,37.878,-65,NO_MOVEMENT,2
2026-09-08T10:53:45.158,4.108,23.674,37.878,-68,NO_MOVEMENT,2
2026-09-08T10:53:45.714,4.159,23.674,37.878,-64,NO_MOVEMENT,2
2026-09-08T10:53:46.233,4.184,23.674,37.878,-65,NO_MOVEMENT,2
2026-09-08T10:53:47.218,3.890,23.674,37.878,-66,NO_MOVEMENT,2
2026-09-08T10:53:48.107,4.675,23.674,37.878,-69,NO_MOVEMENT,2
2026-09-08T10:53:49.021,5.289,23.674,37.878,-67,NO_MOVEMENT,2
2026-09-08T10:53:49.925,6.739,23.674,37.878,-67,NO_MOVEMENT,2
2026-09-08T10:53:50.896,6.218,23.674,37.878,-66,NO_MOVEMENT,2
2026-09-08T10:53:51.406,6.177,23.674,37.878,-67,NO_MOVEMENT,2
2026-09-08T10:53:52.081,5.797,23.674,37.878,-66,NO_MOVEMENT,2
2026-09-08T10:53:52.588,6.055,23.674,37.878,-67,NO_MOVEMENT,2
2026-09-08T10:53:53.592,6.303,23.674,37.878,-67,NO_MOVEMENT,2
2026-09-08T10:53:54.608,7.617,23.674,37.878,-67,NO_MOVEMENT,2
2026-09-08T10:53:55.141,6.892,23.674,37.878,-64,NO_MOVEMENT,2
2026-09-08T10:53:55.719,6.441,23.674,37.878,-63,NO_MOVEMENT,2
2026-09-08T10:53:56.223,7.101,23.674,37.878,-65,NO_MOVEMENT,2
2026-09-08T10:53:57.129,7.640,23.674,37.878,-65,NO_MOVEMENT,2
2026-09-08T10:53:57.973,5.718,23.674,37.878,-65,NO_MOVEMENT,2
2026-09-08T10:53:58.874,5.769,23.674,37.878,-66,NO_MOVEMENT,2
2026-09-08T10:53:59.744,5.848,23.674,37.878,-65,NO_MOVEMENT,2
2026-09-08T10:54:00.810,5.772,23.674,37.878,-64,NO_MOVEMENT,2
2026-09-08T10:54:01.405,5.740,23.674,37.878,-63,NO_MOVEMENT,2
2026-09-08T10:54:02.244,9.253,23.674,37.878,-70,NO_MOVEMENT,2
2026-09-08T10:54:03.104,10.804,23.674,37.878,-66,NO_MOVEMENT,2
2026-09-08T10:54:03.609,10.913,23.674,37.878,-67,NO_MOVEMENT,2
2026-09-08T10:54:04.512,11.640,23.674,37.878,-66,NO_MOVEMENT,2
2026-09-08T10:54:05.397,8.464,23.674,37.878,-65,NO_MOVEMENT,2
2026-09-08T10:54:06.282,5.769,23.674,37.878,-64,NO_MOVEMENT,2
2026-09-08T10:54:07.114,7.738,23.674,37.878,-68,NO_MOVEMENT,2
2026-09-08T10:54:08.002,7.812,23.674,37.878,-70,NO_MOVEMENT,2
2026-09-08T10:54:08.830,9.330,23.674,37.878,-66,NO_MOVEMENT,2
2026-09-08T10:54:09.708,28.162,23.674,37.878,-68,NO_MOVEMENT,2
2026-09-08T10:54:10.547,29.315,23.674,37.878,-71,NO_MOVEMENT,2
2026-09-08T10:54:11.093,30.186,23.674,37.878,-71,NO_MOVEMENT,2
2026-09-08T10:54:11.937,30.901,23.674,37.878,-69,NO_MOVEMENT,2
2026-09-08T10:54:12.768,12.638,23.674,37.878,-71,NO_MOVEMENT,2
2026-09-08T10:54:13.641,11.837,23.674,37.878,-68,NO_MOVEMENT,2
2026-09-08T10:54:14.469,11.508,23.674,37.878,-68,NO_MOVEMENT,2
2026-09-08T10:54:15.306,11.211,23.674,37.878,-71,NO_MOVEMENT,2
2026-09-08T10:54:16.174,9.043,23.674,37.878,-64,NO_MOVEMENT,2
2026-09-08T10:54:17.055,8.394,23.674,37.878,-63,NO_MOVEMENT,2
2026-09-08T10:54:17.962,6.827,23.674,37.878,-64,NO_MOVEMENT,2
2026-09-08T10:54:18.532,6.273,23.674,37.878,-64,NO_MOVEMENT,2
2026-09-08T10:54:19.521,5.697,23.674,37.878,-67,NO_MOVEMENT,2
2026-09-08T10:54:20.044,7.288,23.674,37.878,-68,NO_MOVEMENT,2
2026-09-08T10:54:20.581,7.619,23.674,37.878,-68,NO_MOVEMENT,2
2026-09-08T10:54:21.588,7.292,23.674,37.878,-69,NO_MOVEMENT,2
2026-09-08T10:54:22.100,7.825,23.674,37.878,-66,NO_MOVEMENT,2
2026-09-08T10:54:22.635,7.416,23.674,37.878,-70,NO_MOVEMENT,2
2026-09-08T10:54:23.148,7.598,23.674,37.878,-69,NO_MOVEMENT,2
2026-09-08T10:54:24.151,7.737,23.674,37.878,-67,NO_MOVEMENT,2
2026-09-08T10:54:25.164,7.754,23.674,37.878,-64,NO_MOVEMENT,2
2026-09-08T10:54:25.938,11.633,23.674,37.878,-70,NO_MOVEMENT,2
2026-09-08T10:54:26.549,13.482,23.674,37.878,-69,NO_MOVEMENT,2
2026-09-08T10:54:27.135,11.739,23.674,37.878,-67,NO_MOVEMENT,2
2026-09-08T10:54:27.728,11.392,23.674,37.878,-65,NO_MOVEMENT,2
2026-09-08T10:54:28.792,7.832,23.674,37.878,-65,NO_MOVEMENT,2
2026-09-08T10:54:29.298,6.083,23.674,37.878,-66,NO_MOVEMENT,2
2026-09-08T10:54:29.845,6.489,23.674,37.878,-67,NO_MOVEMENT,2
2026-09-08T10:54:30.385,6.411,23.674,37.878,-66,NO_MOVEMENT,2
2026-09-08T10:54:30.966,5.594,23.674,37.878,-68,NO_MOVEMENT,2
2026-09-08T10:54:31.484,5.788,23.674,37.878,-71,NO_MOVEMENT,2
2026-09-08T10:54:31.989,4.963,23.674,37.878,-66,NO_MOVEMENT,2
2026-09-08T10:54:32.516,5.431,23.674,37.878,-64,NO_MOVEMENT,2
2026-09-08T10:54:33.066,5.992,23.674,37.878,-66,NO_MOVEMENT,2
2026-09-08T10:54:33.678,6.294,23.674,37.878,-66,NO_MOVEMENT,2
2026-09-08T10:54:34.216,5.839,23.674,37.878,-66,NO_MOVEMENT,2
2026-09-08T10:54:34.759,5.931,23.674,37.878,-67,NO_MOVEMENT,2
2026-09-08T10:54:35.299,6.068,23.674,37.878,-63,NO_MOVEMENT,2
2026-09-08T10:54:35.815,6.543,23.674,37.878,-63,NO_MOVEMENT,2
2026-09-08T10:54:36.356,6.390,23.674,37.878,-66,NO_MOVEMENT,2
2026-09-08T10:54:37.014,6.355,23.674,37.878,-67,NO_MOVEMENT,2
2026-09-08T10:54:37.613,7.485,23.674,37.878,-65,NO_MOVEMENT,2
2026-09-08T10:54:38.197,9.424,23.674,37.878,-64,NO_MOVEMENT,2
2026-09-08T10:54:38.781,8.705,23.674,37.878,-64,NO_MOVEMENT,2
2026-09-08T10:54:39.505,7.545,23.674,37.878,-62,NO_MOVEMENT,2
2026-09-08T10:54:40.104,5.945,23.674,37.878,-63,NO_MOVEMENT,2
2026-09-08T10:54:40.696,5.868,23.674,37.878,-63,NO_MOVEMENT,2
2026-09-08T10:54:41.326,5.703,23.674,37.878,-62,NO_MOVEMENT,2
2026-09-08T10:54:41.955,5.740,23.674,37.878,-62,NO_MOVEMENT,2
2026-09-08T10:54:42.593,6.580,23.674,37.878,-63,NO_MOVEMENT,2
2026-09-08T10:54:43.187,8.364,23.674,37.878,-64,NO_MOVEMENT,2
2026-09-08T10:54:43.856,9.296,23.674,37.878,-63,NO_MOVEMENT,2
2026-09-08T10:54:44.425,6.648,23.674,37.878,-63,NO_MOVEMENT,2
2026-09-08T10:54:45.003,5.937,23.674,37.878,-63,NO_MOVEMENT,2
2026-09-08T10:54:45.553,6.072,23.674,37.878,-61,NO_MOVEMENT,2
2026-09-08T10:54:46.153,6.211,23.674,37.878,-62,NO_MOVEMENT,2
2026-09-08T10:54:46.791,5.808,23.674,37.878,-63,NO_MOVEMENT,2
2026-09-08T10:54:47.407,8.378,23.674,37.878,-63,NO_MOVEMENT,2
2026-09-08T10:54:48.050,7.000,23.674,37.878,-63,NO_MOVEMENT,2
2026-09-08T10:54:48.741,10.605,23.674,37.878,-67,NO_MOVEMENT,2
2026-09-08T10:54:49.302,12.976,23.674,37.878,-72,NO_MOVEMENT,2
2026-09-08T10:54:49.890,12.769,23.674,37.878,-68,NO_MOVEMENT,2
2026-09-08T10:54:50.910,15.575,23.674,37.878,-68,NO_MOVEMENT,2
2026-09-08T10:54:51.481,15.584,23.674,37.878,-69,NO_MOVEMENT,2
2026-09-08T10:54:52.002,15.256,23.674,37.878,-63,NO_MOVEMENT,2
2026-09-08T10:54:52.598,11.201,23.674,37.878,-66,NO_MOVEMENT,2
2026-09-08T10:54:53.160,6.190,23.674,37.878,-67,NO_MOVEMENT,2
2026-09-08T10:54:53.742,5.464,23.674,37.878,-66,NO_MOVEMENT,2
2026-09-08T10:54:54.291,13.998,23.674,37.878,-71,NO_MOVEMENT,2
2026-09-08T10:54:54.879,13.753,23.674,37.878,-66,NO_MOVEMENT,2
2026-09-08T10:54:55.463,13.655,23.674,37.878,-67,NO_MOVEMENT,2
2026-09-08T10:54:56.119,12.259,23.674,37.878,-64,NO_MOVEMENT,2
2026-09-08T10:54:56.697,11.404,23.674,37.878,-65,NO_MOVEMENT,2
2026-09-08T10:54:57.358,7.824,23.674,37.878,-61,NO_MOVEMENT,2
2026-09-08T10:54:57.954,7.659,23.674,37.878,-62,NO_MOVEMENT,2
2026-09-08T10:54:58.567,7.576,23.674,37.878,-63,NO_MOVEMENT,2
2026-09-08T10:54:59.196,7.326,23.674,37.878,-64,NO_MOVEMENT,2
2026-09-08T10:54:59.783,4.078,23.674,37.878,-65,NO_MOVEMENT,2
2026-09-08T10:55:00.514,6.390,23.674,37.878,-65,NO_MOVEMENT,2
2026-09-08T10:55:01.296,6.056,23.674,37.878,-68,NO_MOVEMENT,2
2026-09-08T10:55:01.854,7.841,23.674,37.878,-69,NO_MOVEMENT,2
2026-09-08T10:55:02.358,7.852,23.674,37.878,-68,NO_MOVEMENT,2
2026-09-08T10:55:03.325,6.576,23.674,37.878,-65,NO_MOVEMENT,2
2026-09-08T10:55:03.935,7.655,23.674,37.878,-69,NO_MOVEMENT,2
2026-09-08T10:55:04.435,7.626,23.674,37.878,-71,NO_MOVEMENT,2
2026-09-08T10:55:05.008,8.609,23.674,37.878,-67,NO_MOVEMENT,2
2026-09-08T10:55:05.564,8.609,23.674,37.878,-67,NO_MOVEMENT,2
2026-09-08T10:55:06.114,8.523,23.674,37.878,-67,NO_MOVEMENT,2
2026-09-08T10:55:07.090,8.418,23.674,37.878,-67,NO_MOVEMENT,2
2026-09-08T10:55:07.686,8.804,23.674,37.878,-65,NO_MOVEMENT,2
2026-09-08T10:55:08.268,9.203,23.674,37.878,-62,NO_MOVEMENT,2
2026-09-08T10:55:08.835,7.944,23.674,37.878,-63,NO_MOVEMENT,2
2026-09-08T10:55:09.345,7.956,23.674,37.878,-67,NO_MOVEMENT,2
2026-09-08T10:55:09.861,8.069,23.674,37.878,-66,NO_MOVEMENT,2
2026-09-08T10:55:10.386,8.172,23.674,37.878,-64,NO_MOVEMENT,2
2026-09-08T10:55:10.912,6.957,23.674,37.878,-64,NO_MOVEMENT,2
2026-09-08T10:55:11.435,7.365,23.674,37.878,-67,NO_MOVEMENT,2
2026-09-08T10:55:12.106,6.594,23.674,37.878,-65,NO_MOVEMENT,2
2026-09-08T10:55:12.613,6.140,23.674,37.878,-72,NO_MOVEMENT,2
2026-09-08T10:55:13.607,6.671,23.674,37.878,-70,NO_MOVEMENT,2
2026-09-08T10:55:14.107,6.488,23.674,37.878,-66,NO_MOVEMENT,2
2026-09-08T10:55:15.018,9.535,23.674,37.878,-74,NO_MOVEMENT,2
2026-09-08T10:55:15.518,9.239,23.674,37.878,-77,NO_MOVEMENT,2
2026-09-08T10:55:16.440,13.376,23.674,37.878,-75,NO_MOVEMENT,2
2026-09-08T10:55:17.316,15.468,23.674,37.878,-80,NO_MOVEMENT,2
2026-09-08T10:55:18.189,13.978,23.674,37.878,-81,NO_MOVEMENT,2
2026-09-08T10:55:19.100,13.806,23.674,37.878,-71,NO_MOVEMENT,2
2026-09-08T10:55:20.019,13.456,23.674,37.878,-68,NO_MOVEMENT,2
2026-09-08T10:55:20.920,13.143,23.674,37.878,-67,NO_MOVEMENT,2
2026-09-08T10:55:21.451,9.546,23.674,37.878,-70,NO_MOVEMENT,2
2026-09-08T10:55:22.098,9.143,23.674,37.878,-75,NO_MOVEMENT,2
2026-09-08T10:55:22.633,8.890,23.674,37.878,-67,NO_MOVEMENT,2
2026-09-08T10:55:23.615,12.684,23.674,37.878,-73,NO_MOVEMENT,2
2026-09-08T10:55:24.139,12.102,23.674,37.878,-70,NO_MOVEMENT,2
2026-09-08T10:55:24.657,11.036,23.674,37.878,-71,NO_MOVEMENT,2
2026-09-08T10:55:25.188,8.345,23.674,37.878,-71,NO_MOVEMENT,2
2026-09-08T10:55:25.820,8.267,23.674,37.878,-69,NO_MOVEMENT,2
2026-09-08T10:55:26.389,8.334,23.674,37.878,-69,NO_MOVEMENT,2
2026-09-08T10:55:26.917,8.994,23.674,37.878,-69,NO_MOVEMENT,2
2026-09-08T10:55:27.417,8.350,23.674,37.878,-68,NO_MOVEMENT,2
2026-09-08T10:55:27.929,10.782,23.674,37.878,-70,NO_MOVEMENT,2
2026-09-08T10:55:29.039,11.773,23.674,37.878,-70,NO_MOVEMENT,2
2026-09-08T10:55:29.647,12.670,23.674,37.878,-71,NO_MOVEMENT,2
2026-09-08T10:55:30.223,13.898,23.674,37.878,-72,NO_MOVEMENT,2
2026-09-08T10:55:31.176,16.080,23.674,37.878,-72,NO_MOVEMENT,2
2026-09-08T10:55:32.191,20.182,23.674,37.878,-66,NO_MOVEMENT,2
2026-09-08T10:55:33.112,19.972,23.674,37.878,-66,NO_MOVEMENT,2
2026-09-08T10:55:34.004,14.224,23.674,37.878,-68,NO_MOVEMENT,2
2026-09-08T10:55:34.542,5.948,23.674,37.878,-68,NO_MOVEMENT,2
2026-09-08T10:55:35.049,5.687,23.674,37.878,-68,NO_MOVEMENT,2
2026-09-08T10:55:35.570,5.079,23.674,37.878,-68,NO_MOVEMENT,2
2026-09-08T10:55:36.093,8.231,23.674,37.878,-70,NO_MOVEMENT,2
2026-09-08T10:55:37.043,8.380,23.674,37.878,-70,NO_MOVEMENT,2
2026-09-08T10:55:37.554,8.242,23.674,37.878,-72,NO_MOVEMENT,2
2026-09-08T10:55:38.066,7.640,23.674,37.878,-70,NO_MOVEMENT,2
2026-09-08T10:55:38.692,7.418,23.674,37.878,-70,NO_MOVEMENT,2
2026-09-08T10:55:39.252,6.432,23.674,37.878,-70,NO_MOVEMENT,2
2026-09-08T10:55:40.175,5.701,23.674,37.878,-70,NO_MOVEMENT,2
2026-09-08T10:55:40.758,5.491,23.674,37.878,-70,NO_MOVEMENT,2
2026-09-08T10:55:41.283,6.078,23.674,37.878,-72,NO_MOVEMENT,2
2026-09-08T10:55:41.807,9.786,23.674,37.878,-76,NO_MOVEMENT,2
2026-09-08T10:55:42.329,16.706,23.674,37.878,-69,NO_MOVEMENT,2
2026-09-08T10:55:42.888,18.483,23.674,37.878,-69,NO_MOVEMENT,2
2026-09-08T10:55:43.491,18.139,23.674,37.878,-71,NO_MOVEMENT,2
2026-09-08T10:55:44.009,17.978,23.674,37.878,-71,NO_MOVEMENT,2
2026-09-08T10:55:44.595,10.645,23.674,37.878,-71,NO_MOVEMENT,2
2026-09-08T10:55:45.152,10.224,23.674,37.878,-70,NO_MOVEMENT,2
2026-09-08T10:55:45.672,8.630,23.674,37.878,-68,NO_MOVEMENT,2
2026-09-08T10:55:46.235,7.649,23.674,37.878,-69,NO_MOVEMENT,2
2026-09-08T10:55:47.218,8.119,23.674,37.878,-72,NO_MOVEMENT,2
2026-09-08T10:55:47.788,8.869,23.674,37.878,-72,NO_MOVEMENT,2
2026-09-08T10:55:48.721,9.252,23.674,37.878,-71,NO_MOVEMENT,2
2026-09-08T10:55:49.653,10.624,23.674,37.878,-70,NO_MOVEMENT,2
2026-09-08T10:55:50.221,11.457,23.674,37.878,-70,NO_MOVEMENT,2
2026-09-08T10:55:50.854,7.766,23.674,37.878,-68,NO_MOVEMENT,2
2026-09-08T10:55:51.410,5.420,23.674,37.878,-68,NO_MOVEMENT,2
2026-09-08T10:55:51.962,5.707,23.674,37.878,-68,NO_MOVEMENT,2
2026-09-08T10:55:52.491,4.972,23.674,37.878,-68,NO_MOVEMENT,2
2026-09-08T10:55:53.003,4.717,23.674,37.878,-67,NO_MOVEMENT,2
2026-09-08T10:55:53.519,5.511,23.674,37.878,-71,NO_MOVEMENT,2
2026-09-08T10:55:54.102,5.945,23.674,37.878,-67,NO_MOVEMENT,2
2026-09-08T10:55:54.665,12.338,23.674,37.878,-74,NO_MOVEMENT,2
2026-09-08T10:55:55.258,12.369,23.674,37.878,-70,NO_MOVEMENT,2
2026-09-08T10:55:55.804,13.775,23.674,37.878,-67,NO_MOVEMENT,2
2026-09-08T10:55:56.874,14.956,23.674,37.878,-64,NO_MOVEMENT,2
2026-09-08T10:55:57.380,9.844,23.674,37.878,-65,NO_MOVEMENT,2
2026-09-08T10:55:57.889,9.253,23.674,37.878,-62,NO_MOVEMENT,2
2026-09-08T10:55:58.405,7.827,23.674,37.878,-65,NO_MOVEMENT,2
2026-09-08T10:55:58.989,8.003,23.674,37.878,-66,NO_MOVEMENT,2
2026-09-08T10:55:59.912,7.551,23.674,37.878,-68,NO_MOVEMENT,2
2026-09-08T10:56:00.464,7.141,23.674,37.878,-63,NO_MOVEMENT,2
2026-09-08T10:56:01.083,9.003,23.674,37.878,-68,NO_MOVEMENT,2
2026-09-08T10:56:01.656,8.282,23.674,37.878,-69,NO_MOVEMENT,2
2026-09-08T10:56:02.247,9.584,23.674,37.878,-67,NO_MOVEMENT,2
2026-09-08T10:56:03.275,9.093,23.674,37.878,-67,NO_MOVEMENT,2
2026-09-08T10:56:04.225,8.267,23.674,37.878,-65,NO_MOVEMENT,2
2026-09-08T10:56:04.726,8.641,23.674,37.878,-64,NO_MOVEMENT,2
2026-09-08T10:56:05.670,8.361,23.674,37.878,-62,NO_MOVEMENT,2
2026-09-08T10:56:06.601,7.138,23.674,37.878,-65,NO_MOVEMENT,2
2026-09-08T10:56:07.501,7.366,23.674,37.878,-65,NO_MOVEMENT,2
2026-09-08T10:56:08.383,6.347,23.674,37.878,-68,NO_MOVEMENT,2
2026-09-08T10:56:08.929,6.452,23.674,37.878,-67,NO_MOVEMENT,2
2026-09-08T10:56:09.629,6.621,23.674,37.878,-67,NO_MOVEMENT,2
2026-09-08T10:56:10.541,6.004,23.674,37.878,-66,NO_MOVEMENT,2
2026-09-08T10:56:11.114,5.202,23.674,37.878,-66,NO_MOVEMENT,2
2026-09-08T10:56:11.688,4.516,23.674,37.878,-67,NO_MOVEMENT,2
2026-09-08T10:56:12.229,4.390,23.674,37.878,-66,NO_MOVEMENT,2
2026-09-08T10:56:12.796,5.350,23.674,37.878,-67,NO_MOVEMENT,2
2026-09-08T10:56:13.783,5.042,23.674,37.878,-67,NO_MOVEMENT,2
2026-09-08T10:56:14.419,6.657,23.674,37.878,-66,NO_MOVEMENT,2
2026-09-08T10:56:15.003,7.174,23.674,37.878,-66,NO_MOVEMENT,2
2026-09-08T10:56:15.507,6.964,23.674,37.878,-65,NO_MOVEMENT,2
2026-09-08T10:56:16.165,7.997,23.674,37.878,-65,NO_MOVEMENT,2
2026-09-08T10:56:17.207,8.150,23.674,37.878,-67,NO_MOVEMENT,2
2026-09-08T10:56:17.737,8.112,23.674,37.878,-67,NO_MOVEMENT,2
2026-09-08T10:56:18.258,10.208,23.674,37.878,-68,NO_MOVEMENT,2
2026-09-08T10:56:19.163,11.578,23.674,37.878,-69,NO_MOVEMENT,2
2026-09-08T10:56:20.207,11.550,23.674,37.878,-65,NO_MOVEMENT,2
2026-09-08T10:56:20.789,8.124,23.674,37.878,-66,NO_MOVEMENT,2
2026-09-08T10:56:21.768,5.859,23.674,37.878,-67,NO_MOVEMENT,2
2026-09-08T10:56:22.306,5.683,23.674,37.878,-67,NO_MOVEMENT,2
2026-09-08T10:56:22.821,5.535,23.674,37.878,-64,NO_MOVEMENT,2
2026-09-08T10:56:23.409,4.744,23.674,37.878,-65,NO_MOVEMENT,2
2026-09-08T10:56:23.919,4.337,23.674,37.878,-65,NO_MOVEMENT,2
2026-09-08T10:56:24.443,3.861,23.674,37.878,-64,NO_MOVEMENT,2
2026-09-08T10:56:25.477,7.462,23.674,37.878,-64,NO_MOVEMENT,2
2026-09-08T10:56:25.989,7.114,23.674,37.878,-64,NO_MOVEMENT,2
2026-09-08T10:56:26.980,8.026,23.674,37.878,-66,NO_MOVEMENT,2
2026-09-08T10:56:27.481,8.833,23.674,37.878,-66,NO_MOVEMENT,2
2026-09-08T10:56:28.436,6.193,23.674,37.878,-69,NO_MOVEMENT,2
2026-09-08T10:56:29.039,6.963,23.674,37.878,-69,NO_MOVEMENT,2
2026-09-08T10:56:29.730,7.283,23.674,37.878,-66,NO_MOVEMENT,2
2026-09-08T10:56:30.305,5.383,23.674,37.878,-66,NO_MOVEMENT,2
2026-09-08T10:56:30.824,6.087,23.674,37.878,-65,NO_MOVEMENT,2
2026-09-08T10:56:31.343,6.108,23.674,37.878,-65,NO_MOVEMENT,2
2026-09-08T10:56:31.859,5.544,23.674,37.878,-65,NO_MOVEMENT,2
2026-09-08T10:56:32.420,5.172,23.674,37.878,-65,NO_MOVEMENT,2
2026-09-08T10:56:33.343,4.994,23.674,37.878,-65,NO_MOVEMENT,2
2026-09-08T10:56:33.844,4.495,23.674,37.878,-65,NO_MOVEMENT,2
2026-09-08T10:56:34.812,4.747,23.674,37.878,-64,NO_MOVEMENT,2
2026-09-08T10:56:35.710,5.304,23.674,37.878,-64,NO_MOVEMENT,2
2026-09-08T10:56:36.709,5.206,23.674,37.878,-66,NO_MOVEMENT,2
2026-09-08T10:56:37.300,5.505,23.674,37.878,-68,NO_MOVEMENT,2
2026-09-08T10:56:37.845,5.520,23.674,37.878,-67,NO_MOVEMENT,2
2026-09-08T10:56:38.371,5.414,23.674,37.878,-70,NO_MOVEMENT,2
2026-09-08T10:56:38.884,6.089,23.674,37.878,-67,NO_MOVEMENT,2
2026-09-08T10:56:39.428,7.488,23.674,37.878,-64,NO_MOVEMENT,2
2026-09-08T10:56:39.960,7.905,23.674,37.878,-68,NO_MOVEMENT,2
2026-09-08T10:56:40.511,8.026,23.674,37.878,-64,NO_MOVEMENT,2
2026-09-08T10:56:41.059,8.194,23.674,37.878,-64,NO_MOVEMENT,2
2026-09-08T10:56:41.691,6.868,23.674,37.878,-66,NO_MOVEMENT,2
2026-09-08T10:56:42.210,7.345,23.674,37.878,-66,NO_MOVEMENT,2
2026-09-08T10:56:42.752,6.691,23.674,37.878,-68,NO_MOVEMENT,2
2026-09-08T10:56:43.347,5.942,23.674,37.878,-66,NO_MOVEMENT,2
2026-09-08T10:56:43.874,6.117,23.674,37.878,-67,NO_MOVEMENT,2
2026-09-08T10:56:44.975,5.899,23.674,37.878,-69,NO_MOVEMENT,2
2026-09-08T10:56:45.508,6.114,23.674,37.878,-68,NO_MOVEMENT,2
2026-09-08T10:56:46.468,5.349,23.674,37.878,-67,NO_MOVEMENT,2
2026-09-08T10:56:46.980,5.538,23.674,37.878,-69,NO_MOVEMENT,2
2026-09-08T10:56:47.970,6.401,23.674,37.878,-65,NO_MOVEMENT,2
2026-09-08T10:56:48.563,5.806,23.674,37.878,-66,NO_MOVEMENT,2
2026-09-08T10:56:49.142,4.964,23.674,37.878,-67,NO_MOVEMENT,2
2026-09-08T10:56:49.744,6.479,23.674,37.878,-65,NO_MOVEMENT,2
2026-09-08T10:56:50.305,10.329,23.674,37.878,-63,NO_MOVEMENT,2
2026-09-08T10:56:50.855,10.205,23.674,37.878,-63,NO_MOVEMENT,2
2026-09-08T10:56:51.374,10.327,23.674,37.878,-66,NO_MOVEMENT,2
2026-09-08T10:56:51.946,11.256,23.674,37.878,-65,NO_MOVEMENT,2
2026-09-08T10:56:52.940,10.036,23.674,37.878,-65,NO_MOVEMENT,2
2026-09-08T10:56:53.473,4.661,23.674,37.878,-65,NO_MOVEMENT,2
2026-09-08T10:56:54.126,4.537,23.674,37.878,-63,NO_MOVEMENT,2
2026-09-08T10:56:54.679,3.790,23.674,37.878,-66,NO_MOVEMENT,2
2026-09-08T10:56:55.240,3.690,23.674,37.878,-67,NO_MOVEMENT,2
2026-09-08T10:56:55.825,3.715,23.674,37.878,-66,NO_MOVEMENT,2
2026-09-08T10:56:56.337,3.711,23.674,37.878,-66,NO_MOVEMENT,2
2026-09-08T10:56:56.915,4.042,23.674,37.878,-65,NO_MOVEMENT,2
2026-09-08T10:56:57.525,8.054,23.674,37.878,-68,NO_MOVEMENT,2
2026-09-08T10:56:58.567,8.425,23.674,37.878,-66,NO_MOVEMENT,2
2026-09-08T10:56:59.080,8.090,23.674,37.878,-65,NO_MOVEMENT,2
2026-09-08T10:56:59.641,8.132,23.674,37.878,-65,NO_MOVEMENT,2
2026-09-08T10:57:00.182,6.730,23.674,37.878,-63,NO_MOVEMENT,2
2026-09-08T10:57:00.844,10.837,23.674,37.878,-65,NO_MOVEMENT,2
2026-09-08T10:57:01.592,11.561,23.674,37.878,-64,NO_MOVEMENT,2
2026-09-08T10:57:02.123,11.148,23.674,37.878,-63,NO_MOVEMENT,2
2026-09-08T10:57:02.703,9.247,23.674,37.878,-66,NO_MOVEMENT,2
2026-09-08T10:57:03.217,8.783,23.674,37.878,-65,NO_MOVEMENT,2
2026-09-08T10:57:04.234,7.429,23.674,37.878,-62,NO_MOVEMENT,2
2026-09-08T10:57:05.185,6.669,23.674,37.878,-65,NO_MOVEMENT,2
2026-09-08T10:57:06.124,5.710,23.674,37.878,-66,NO_MOVEMENT,2
2026-09-08T10:57:06.742,5.400,23.674,37.878,-65,NO_MOVEMENT,2
2026-09-08T10:57:07.298,4.862,23.674,37.878,-65,NO_MOVEMENT,2
2026-09-08T10:57:07.838,6.689,23.674,37.878,-66,NO_MOVEMENT,2
2026-09-08T10:57:08.410,7.490,23.674,37.878,-64,NO_MOVEMENT,2
2026-09-08T10:57:09.430,7.514,23.674,37.878,-63,NO_MOVEMENT,2
2026-09-08T10:57:10.003,6.631,23.674,37.878,-63,NO_MOVEMENT,2
2026-09-08T10:57:10.527,5.507,23.674,37.878,-63,NO_MOVEMENT,2
2026-09-08T10:57:11.521,6.026,23.674,37.878,-65,NO_MOVEMENT,2
2026-09-08T10:57:12.057,8.288,23.674,37.878,-65,NO_MOVEMENT,2
2026-09-08T10:57:12.572,8.433,23.674,37.878,-65,NO_MOVEMENT,2
2026-09-08T10:57:13.132,8.686,23.674,37.878,-62,NO_MOVEMENT,2
2026-09-08T10:57:13.720,8.799,23.674,37.878,-67,NO_MOVEMENT,2
2026-09-08T10:57:14.274,7.451,23.674,37.878,-67,NO_MOVEMENT,2
2026-09-08T10:57:15.202,7.356,23.674,37.878,-69,NO_MOVEMENT,2
2026-09-08T10:57:16.135,8.148,23.674,37.878,-74,NO_MOVEMENT,2
2026-09-08T10:57:17.071,13.131,23.674,37.878,-77,NO_MOVEMENT,2
2026-09-08T10:57:17.686,23.139,23.674,37.878,-71,NO_MOVEMENT,2
2026-09-08T10:57:18.222,22.824,23.674,37.878,-64,NO_MOVEMENT,2
2026-09-08T10:57:18.733,20.942,23.674,37.878,-64,NO_MOVEMENT,2
2026-09-08T10:57:19.480,15.307,23.674,37.878,-64,NO_MOVEMENT,2
2026-09-08T10:57:20.003,7.569,23.674,37.878,-66,NO_MOVEMENT,2
2026-09-08T10:57:20.594,15.164,23.674,37.878,-67,NO_MOVEMENT,2
2026-09-08T10:57:21.135,17.116,23.674,37.878,-62,NO_MOVEMENT,2
2026-09-08T10:57:21.669,17.213,23.674,37.878,-62,NO_MOVEMENT,2
2026-09-08T10:57:22.225,19.158,23.674,37.878,-60,NO_MOVEMENT,2
2026-09-08T10:57:22.828,17.751,23.674,37.878,-62,NO_MOVEMENT,2
2026-09-08T10:57:23.404,11.611,23.674,37.878,-61,NO_MOVEMENT,2
2026-09-08T10:57:23.962,5.984,23.674,37.878,-61,NO_MOVEMENT,2
2026-09-08T10:57:24.479,3.240,23.674,37.878,-61,NO_MOVEMENT,2
2026-09-08T10:57:25.034,3.364,23.674,37.878,-61,NO_MOVEMENT,2
2026-09-08T10:57:25.587,3.698,23.674,37.878,-62,NO_MOVEMENT,2
2026-09-08T10:57:26.685,3.080,23.674,37.878,-62,NO_MOVEMENT,2
2026-09-08T10:57:27.196,3.143,23.674,37.878,-61,NO_MOVEMENT,2
2026-09-08T10:57:27.784,3.351,23.674,37.878,-61,NO_MOVEMENT,2
2026-09-08T10:57:28.325,3.676,23.674,37.878,-62,NO_MOVEMENT,2
2026-09-08T10:57:28.888,3.466,23.674,37.878,-62,NO_MOVEMENT,2
2026-09-08T10:57:29.424,3.707,23.674,37.878,-62,NO_MOVEMENT,2
2026-09-08T10:57:29.980,5.501,23.674,37.878,-65,NO_MOVEMENT,2
2026-09-08T10:57:30.674,5.203,23.674,37.878,-62,NO_MOVEMENT,2
2026-09-08T10:57:31.234,6.751,23.674,37.878,-61,NO_MOVEMENT,2
2026-09-08T10:57:31.831,6.286,23.674,37.878,-62,NO_MOVEMENT,2
2026-09-08T10:57:32.377,5.322,23.674,37.878,-63,NO_MOVEMENT,2
2026-09-08T10:57:32.976,4.330,23.674,37.878,-64,NO_MOVEMENT,2
2026-09-08T10:57:33.540,4.036,23.674,37.878,-61,NO_MOVEMENT,2
2026-09-08T10:57:34.120,3.975,23.674,37.878,-60,NO_MOVEMENT,2
2026-09-08T10:57:34.708,4.339,23.674,37.878,-61,NO_MOVEMENT,2
2026-09-08T10:57:35.270,4.093,23.674,37.878,-61,NO_MOVEMENT,2
2026-09-08T10:57:35.900,3.897,23.674,37.878,-62,NO_MOVEMENT,2
2026-09-08T10:57:36.473,4.074,23.674,37.878,-61,NO_MOVEMENT,2
2026-09-08T10:57:37.017,5.662,23.674,37.878,-63,NO_MOVEMENT,2
2026-09-08T10:57:37.599,6.456,23.674,37.878,-61,NO_MOVEMENT,2
2026-09-08T10:57:38.680,3.449,23.674,37.878,-63,NO_MOVEMENT,2
2026-09-08T10:57:39.237,3.630,23.674,37.878,-62,NO_MOVEMENT,2
2026-09-08T10:57:39.748,3.783,23.674,37.878,-62,NO_MOVEMENT,2
2026-09-08T10:57:40.249,3.928,23.674,37.878,-62,NO_MOVEMENT,2
2026-09-08T10:57:40.915,4.494,23.674,37.878,-63,NO_MOVEMENT,2
2026-09-08T10:57:41.513,4.465,23.674,37.878,-61,NO_MOVEMENT,2
2026-09-08T10:57:42.178,4.551,23.674,37.878,-63,NO_MOVEMENT,2
2026-09-08T10:57:43.134,5.367,23.674,37.878,-60,NO_MOVEMENT,2
2026-09-08T10:57:44.058,4.527,23.674,37.878,-64,NO_MOVEMENT,2
2026-09-08T10:57:45.007,10.093,23.674,37.878,-65,NO_MOVEMENT,2
2026-09-08T10:57:45.734,9.765,23.674,37.878,-65,NO_MOVEMENT,2
2026-09-08T10:57:46.270,9.347,23.674,37.878,-66,NO_MOVEMENT,2
2026-09-08T10:57:46.887,7.884,23.674,37.878,-62,NO_MOVEMENT,2
2026-09-08T10:57:47.413,8.290,23.674,37.878,-63,NO_MOVEMENT,2
2026-09-08T10:57:48.026,7.828,23.674,37.878,-62,NO_MOVEMENT,2
2026-09-08T10:57:48.559,8.283,23.674,37.878,-63,NO_MOVEMENT,2
2026-09-08T10:57:49.148,8.583,23.674,37.878,-61,NO_MOVEMENT,2
2026-09-08T10:57:49.747,5.773,23.674,37.878,-61,NO_MOVEMENT,2
2026-09-08T10:57:50.439,3.551,23.674,37.878,-60,NO_MOVEMENT,2
2026-09-08T10:57:51.045,3.616,23.674,37.878,-61,NO_MOVEMENT,2
2026-09-08T10:57:51.559,4.413,23.674,37.878,-61,NO_MOVEMENT,2
2026-09-08T10:57:52.512,6.399,23.674,37.878,-61,NO_MOVEMENT,2
2026-09-08T10:57:53.483,6.115,23.674,37.878,-62,NO_MOVEMENT,2
2026-09-08T10:57:54.045,4.698,23.674,37.878,-62,NO_MOVEMENT,2
2026-09-08T10:57:54.607,4.365,23.674,37.878,-62,NO_MOVEMENT,2
2026-09-08T10:57:55.308,5.164,23.674,37.878,-60,NO_MOVEMENT,2
2026-09-08T10:57:55.814,5.227,23.674,37.878,-61,NO_MOVEMENT,2
2026-09-08T10:57:56.882,5.234,23.674,37.878,-60,NO_MOVEMENT,2
2026-09-08T10:57:57.476,3.381,23.674,37.878,-62,NO_MOVEMENT,2
2026-09-08T10:57:58.471,5.273,23.674,37.878,-63,NO_MOVEMENT,2
2026-09-08T10:57:59.468,4.179,23.674,37.878,-62,NO_MOVEMENT,2
2026-09-08T10:58:00.051,3.743,23.674,37.878,-64,NO_MOVEMENT,2
2026-09-08T10:58:01.353,5.449,23.674,37.878,-64,NO_MOVEMENT,2
2026-09-08T10:58:01.958,9.427,23.674,37.878,-62,NO_MOVEMENT,2
2026-09-08T10:58:02.567,12.362,23.674,37.878,-65,NO_MOVEMENT,2
2026-09-08T10:58:03.082,9.968,23.674,37.878,-66,NO_MOVEMENT,2
2026-09-08T10:58:03.673,9.878,23.674,37.878,-60,NO_MOVEMENT,2
2026-09-08T10:58:04.276,6.168,23.674,37.878,-62,NO_MOVEMENT,2
2026-09-08T10:58:04.873,5.308,23.674,37.878,-62,NO_MOVEMENT,2
2026-09-08T10:58:05.389,5.500,23.674,37.878,-63,NO_MOVEMENT,2
2026-09-08T10:58:06.396,4.066,23.674,37.878,-63,NO_MOVEMENT,2
2026-09-08T10:58:06.932,4.653,23.674,37.878,-64,NO_MOVEMENT,2
2026-09-08T10:58:07.473,4.829,23.674,37.878,-63,NO_MOVEMENT,2
2026-09-08T10:58:08.033,4.318,23.674,37.878,-63,NO_MOVEMENT,2
2026-09-08T10:58:08.677,4.180,23.674,37.878,-64,NO_MOVEMENT,2
2026-09-08T10:58:09.221,3.669,23.674,37.878,-63,NO_MOVEMENT,2
2026-09-08T10:58:09.784,3.526,23.674,37.878,-63,NO_MOVEMENT,2
2026-09-08T10:58:10.381,3.667,23.674,37.878,-63,NO_MOVEMENT,2
2026-09-08T10:58:10.940,3.450,23.674,37.878,-63,NO_MOVEMENT,2
2026-09-08T10:58:11.514,4.029,23.674,37.878,-64,NO_MOVEMENT,2
2026-09-08T10:58:12.460,3.461,23.674,37.878,-65,NO_MOVEMENT,2
2026-09-08T10:58:13.510,4.467,23.674,37.878,-64,NO_MOVEMENT,2
2026-09-08T10:58:14.046,4.718,23.674,37.878,-63,NO_MOVEMENT,2
2026-09-08T10:58:14.990,4.389,23.674,37.878,-62,NO_MOVEMENT,2
2026-09-08T10:58:15.554,5.155,23.674,37.878,-62,NO_MOVEMENT,2
2026-09-08T10:58:16.146,4.899,23.674,37.878,-61,NO_MOVEMENT,2
2026-09-08T10:58:16.658,4.813,23.674,37.878,-61,NO_MOVEMENT,2
2026-09-08T10:58:17.712,4.263,23.674,37.878,-61,NO_MOVEMENT,2
2026-09-08T10:58:18.228,3.818,23.674,37.878,-62,NO_MOVEMENT,2
2026-09-08T10:58:18.779,4.169,23.674,37.878,-61,NO_MOVEMENT,2
2026-09-08T10:58:19.317,3.986,23.674,37.878,-62,NO_MOVEMENT,2
2026-09-08T10:58:19.881,4.166,23.674,37.878,-62,NO_MOVEMENT,2
2026-09-08T10:58:20.429,4.180,23.674,37.878,-62,NO_MOVEMENT,2
2026-09-08T10:58:21.083,3.834,23.674,37.878,-62,NO_MOVEMENT,2
2026-09-08T10:58:21.713,2.815,23.674,37.878,-61,NO_MOVEMENT,2
2026-09-08T10:58:22.280,3.381,23.674,37.878,-62,NO_MOVEMENT,2
2026-09-08T10:58:22.828,4.078,23.674,37.878,-62,NO_MOVEMENT,2
2026-09-08T10:58:23.501,4.761,23.674,37.878,-62,NO_MOVEMENT,2
2026-09-08T10:58:24.023,5.403,23.674,37.878,-63,NO_MOVEMENT,2
2026-09-08T10:58:24.562,6.125,23.674,37.878,-60,NO_MOVEMENT,2
2026-09-08T10:58:25.140,6.755,23.674,37.878,-63,NO_MOVEMENT,2
2026-09-08T10:58:25.699,8.718,23.674,37.878,-63,NO_MOVEMENT,2
2026-09-08T10:58:26.242,7.212,23.674,37.878,-64,NO_MOVEMENT,2
2026-09-08T10:58:26.905,12.691,23.674,37.878,-65,NO_MOVEMENT,2
2026-09-08T10:58:27.478,12.042,23.674,37.878,-63,NO_MOVEMENT,2
2026-09-08T10:58:27.991,10.817,23.674,37.878,-64,NO_MOVEMENT,2
2026-09-08T10:58:28.545,7.111,23.674,37.878,-65,NO_MOVEMENT,2
2026-09-08T10:58:29.630,6.870,23.674,37.878,-65,NO_MOVEMENT,2
2026-09-08T10:58:30.206,4.432,23.674,37.878,-64,NO_MOVEMENT,2
2026-09-08T10:58:30.785,4.646,23.674,37.878,-64,NO_MOVEMENT,2
2026-09-08T10:58:31.715,4.773,23.674,37.878,-65,NO_MOVEMENT,2
2026-09-08T10:58:32.329,4.769,23.674,37.878,-64,NO_MOVEMENT,2
2026-09-08T10:58:32.980,3.489,23.674,37.878,-63,NO_MOVEMENT,2
2026-09-08T10:58:33.553,3.130,23.674,37.878,-64,NO_MOVEMENT,2
2026-09-08T10:58:34.717,3.658,23.674,37.878,-64,NO_MOVEMENT,2
2026-09-08T10:58:35.251,4.103,23.674,37.878,-65,NO_MOVEMENT,2
2026-09-08T10:58:35.768,4.879,23.674,37.878,-65,NO_MOVEMENT,2
2026-09-08T10:58:36.318,5.329,23.674,37.878,-63,NO_MOVEMENT,2
2026-09-08T10:58:36.830,4.758,23.674,37.878,-63,NO_MOVEMENT,2
2026-09-08T10:58:37.894,4.365,23.674,37.878,-64,NO_MOVEMENT,2
2026-09-08T10:58:38.427,4.389,23.674,37.878,-64,NO_MOVEMENT,2
2026-09-08T10:58:39.009,5.321,23.674,37.878,-65,NO_MOVEMENT,2
2026-09-08T10:58:39.576,5.322,23.674,37.878,-64,NO_MOVEMENT,2
2026-09-08T10:58:40.080,5.055,23.674,37.878,-63,NO_MOVEMENT,2
2026-09-08T10:58:40.598,4.648,23.674,37.878,-64,NO_MOVEMENT,2
2026-09-08T10:58:41.187,4.855,23.674,37.878,-64,NO_MOVEMENT,2
2026-09-08T10:58:41.707,4.338,23.674,37.878,-64,NO_MOVEMENT,2
2026-09-08T10:58:42.274,3.855,23.674,37.878,-63,NO_MOVEMENT,2
2026-09-08T10:58:42.803,3.831,23.674,37.878,-63,NO_MOVEMENT,2
2026-09-08T10:58:43.703,4.750,23.674,37.878,-64,NO_MOVEMENT,2
2026-09-08T10:58:44.323,4.336,23.674,37.878,-62,NO_MOVEMENT,2
2026-09-08T10:58:44.973,4.881,23.674,37.878,-64,NO_MOVEMENT,2
2026-09-08T10:58:45.490,6.059,23.674,37.878,-63,NO_MOVEMENT,2
2026-09-08T10:58:46.054,5.873,23.674,37.878,-64,NO_MOVEMENT,2
2026-09-08T10:58:46.630,10.809,23.674,37.878,-63,NO_MOVEMENT,2
2026-09-08T10:58:47.263,9.992,23.674,37.878,-63,NO_MOVEMENT,2
2026-09-08T10:58:47.844,9.274,23.674,37.878,-63,NO_MOVEMENT,2
2026-09-08T10:58:48.363,7.265,23.674,37.878,-67,NO_MOVEMENT,2
2026-09-08T10:58:48.898,6.390,23.674,37.878,-65,NO_MOVEMENT,2
2026-09-08T10:58:49.445,6.342,23.674,37.878,-64,NO_MOVEMENT,2
2026-09-08T10:58:49.995,6.315,23.674,37.878,-63,NO_MOVEMENT,2
2026-09-08T10:58:50.542,6.544,23.674,37.878,-64,NO_MOVEMENT,2
2026-09-08T10:58:51.047,4.419,23.674,37.878,-63,NO_MOVEMENT,2
2026-09-08T10:58:51.667,4.283,23.674,37.878,-64,NO_MOVEMENT,2
2026-09-08T10:58:52.174,5.619,23.674,37.878,-63,NO_MOVEMENT,2
2026-09-08T10:58:52.757,6.603,23.674,37.878,-62,NO_MOVEMENT,2
2026-09-08T10:58:53.316,5.944,23.674,37.878,-63,NO_MOVEMENT,2
2026-09-08T10:58:53.855,3.111,23.674,37.878,-61,NO_MOVEMENT,2
2026-09-08T10:58:54.780,3.232,23.674,37.878,-63,NO_MOVEMENT,2
2026-09-08T10:58:55.382,3.324,23.674,37.878,-62,NO_MOVEMENT,2
2026-09-08T10:58:56.077,3.191,23.674,37.878,-62,NO_MOVEMENT,2
2026-09-08T10:58:56.677,3.821,23.674,37.878,-62,NO_MOVEMENT,2
2026-09-08T10:58:57.188,5.336,23.674,37.878,-62,NO_MOVEMENT,2
2026-09-08T10:58:57.836,5.487,23.674,37.878,-62,NO_MOVEMENT,2
2026-09-08T10:58:58.445,5.152,23.674,37.878,-63,NO_MOVEMENT,2
2026-09-08T10:58:58.999,5.249,23.674,37.878,-64,NO_MOVEMENT,2
2026-09-08T10:58:59.724,3.786,23.674,37.878,-62,NO_MOVEMENT,2
2026-09-08T10:59:00.324,4.419,23.674,37.878,-63,NO_MOVEMENT,2
2026-09-08T10:59:01.171,5.111,23.674,37.878,-64,NO_MOVEMENT,2
2026-09-08T10:59:01.785,4.166,23.674,37.878,-64,NO_MOVEMENT,2
2026-09-08T10:59:02.476,4.340,23.674,37.878,-64,NO_MOVEMENT,2
2026-09-08T10:59:02.993,4.119,23.674,37.878,-64,NO_MOVEMENT,2
2026-09-08T10:59:03.580,4.994,23.674,37.878,-63,NO_MOVEMENT,2
2026-09-08T10:59:04.142,7.841,23.674,37.878,-62,NO_MOVEMENT,2
2026-09-08T10:59:04.781,7.253,23.674,37.878,-63,NO_MOVEMENT,2
2026-09-08T10:59:05.367,7.473,23.674,37.878,-64,NO_MOVEMENT,2
2026-09-08T10:59:05.954,7.528,23.674,37.878,-65,NO_MOVEMENT,2
2026-09-08T10:59:06.521,5.545,23.674,37.878,-63,NO_MOVEMENT,2
2026-09-08T10:59:07.072,5.333,23.674,37.878,-65,NO_MOVEMENT,2
2026-09-08T10:59:07.852,5.022,23.674,37.878,-64,NO_MOVEMENT,2
2026-09-08T10:59:08.403,5.414,23.674,37.878,-65,NO_MOVEMENT,2
2026-09-08T10:59:08.917,5.349,23.674,37.878,-65,NO_MOVEMENT,2
2026-09-08T10:59:09.421,5.066,23.674,37.878,-65,NO_MOVEMENT,2
2026-09-08T10:59:09.967,4.064,23.674,37.878,-65,NO_MOVEMENT,2
2026-09-08T10:59:10.565,6.450,23.674,37.878,-65,NO_MOVEMENT,2
2026-09-08T10:59:11.099,6.462,23.674,37.878,-65,NO_MOVEMENT,2
2026-09-08T10:59:11.679,6.683,23.674,37.878,-65,NO_MOVEMENT,2
2026-09-08T10:59:12.196,6.775,23.674,37.878,-65,NO_MOVEMENT,2
2026-09-08T10:59:12.730,4.599,23.674,37.878,-65,NO_MOVEMENT,2
2026-09-08T10:59:13.277,5.402,23.674,37.878,-64,NO_MOVEMENT,2
2026-09-08T10:59:13.822,7.875,23.674,37.878,-65,NO_MOVEMENT,2
2026-09-08T10:59:14.861,7.373,23.674,37.878,-67,NO_MOVEMENT,2
2026-09-08T10:59:15.484,8.186,23.674,37.878,-65,NO_MOVEMENT,2
2026-09-08T10:59:16.021,6.552,23.674,37.878,-66,NO_MOVEMENT,2
2026-09-08T10:59:16.538,5.638,23.674,37.878,-65,NO_MOVEMENT,2
2026-09-08T10:59:17.038,6.256,23.674,37.878,-66,NO_MOVEMENT,2
2026-09-08T10:59:17.544,7.083,23.674,37.878,-69,NO_MOVEMENT,2
2026-09-08T10:59:18.533,7.144,23.674,37.878,-71,NO_MOVEMENT,2
2026-09-08T10:59:19.194,12.106,23.674,37.878,-72,NO_MOVEMENT,2
2026-09-08T10:59:20.144,11.675,23.674,37.878,-66,NO_MOVEMENT,2
2026-09-08T10:59:21.069,11.132,23.674,37.878,-67,NO_MOVEMENT,2
2026-09-08T10:59:22.003,7.153,23.674,37.878,-68,NO_MOVEMENT,2
2026-09-08T10:59:22.936,8.097,23.674,37.878,-66,NO_MOVEMENT,2
2026-09-08T10:59:23.866,8.177,23.674,37.878,-66,NO_MOVEMENT,2
2026-09-08T10:59:24.797,9.029,23.674,37.878,-69,NO_MOVEMENT,2
2026-09-08T10:59:25.406,9.362,23.674,37.878,-69,NO_MOVEMENT,2
2026-09-08T10:59:26.321,11.195,23.674,37.878,-70,NO_MOVEMENT,2
2026-09-08T10:59:26.915,9.794,23.674,37.878,-69,NO_MOVEMENT,2
2026-09-08T10:59:27.840,9.458,23.674,37.878,-64,NO_MOVEMENT,2
2026-09-08T10:59:28.750,6.951,23.674,37.878,-64,NO_MOVEMENT,2
2026-09-08T10:59:29.724,6.883,23.674,37.878,-64,NO_MOVEMENT,2
2026-09-08T10:59:30.326,7.241,23.674,37.878,-65,NO_MOVEMENT,2
2026-09-08T10:59:30.859,7.256,23.674,37.878,-66,NO_MOVEMENT,2
2026-09-08T10:59:31.389,7.439,23.674,37.878,-65,NO_MOVEMENT,2
2026-09-08T10:59:31.907,6.287,23.674,37.878,-65,NO_MOVEMENT,2
2026-09-08T10:59:32.530,5.300,23.674,37.878,-65,NO_MOVEMENT,2
2026-09-08T10:59:33.102,4.676,23.674,37.878,-63,NO_MOVEMENT,2
2026-09-08T10:59:33.770,5.162,23.674,37.878,-63,NO_MOVEMENT,2
2026-09-08T10:59:34.287,5.112,23.674,37.878,-65,NO_MOVEMENT,2
2026-09-08T10:59:34.866,3.763,23.674,37.878,-62,NO_MOVEMENT,2
2026-09-08T10:59:35.826,3.338,23.674,37.878,-60,NO_MOVEMENT,2
2026-09-08T10:59:36.775,6.126,23.674,37.878,-62,NO_MOVEMENT,2
2026-09-08T10:59:37.299,6.298,23.674,37.878,-63,NO_MOVEMENT,2
2026-09-08T10:59:37.837,7.422,23.674,37.878,-63,NO_MOVEMENT,2
2026-09-08T10:59:38.364,5.575,23.674,37.878,-61,NO_MOVEMENT,2
2026-09-08T10:59:38.914,5.533,23.674,37.878,-61,NO_MOVEMENT,2
2026-09-08T10:59:39.437,5.424,23.674,37.878,-64,NO_MOVEMENT,2
2026-09-08T10:59:40.521,5.071,23.674,37.878,-61,NO_MOVEMENT,2
2026-09-08T10:59:41.072,4.775,23.674,37.878,-63,NO_MOVEMENT,2
2026-09-08T10:59:41.615,4.856,23.674,37.878,-62,NO_MOVEMENT,2
2026-09-08T10:59:42.292,7.150,23.674,37.878,-63,NO_MOVEMENT,2
2026-09-08T10:59:42.795,6.883,23.674,37.878,-62,NO_MOVEMENT,2
2026-09-08T10:59:43.308,7.380,23.674,37.878,-63,NO_MOVEMENT,2
2026-09-08T10:59:43.980,8.431,23.674,37.878,-63,NO_MOVEMENT,2
2026-09-08T10:59:44.725,6.291,23.674,37.878,-63,NO_MOVEMENT,2
2026-09-08T10:59:45.346,6.252,23.674,37.878,-62,NO_MOVEMENT,2
2026-09-08T10:59:46.116,6.023,23.674,37.878,-64,NO_MOVEMENT,2
2026-09-08T10:59:46.893,4.836,23.674,37.878,-65,NO_MOVEMENT,2
2026-09-08T10:59:47.405,5.456,23.674,37.878,-64,NO_MOVEMENT,2
2026-09-08T10:59:48.022,5.396,23.674,37.878,-64,NO_MOVEMENT,2
2026-09-08T10:59:48.688,5.266,23.674,37.878,-64,NO_MOVEMENT,2
2026-09-08T10:59:49.688,3.811,23.674,37.878,-65,NO_MOVEMENT,2
2026-09-08T10:59:50.221,4.012,23.674,37.878,-65,NO_MOVEMENT,2
2026-09-08T10:59:50.794,3.828,23.674,37.878,-64,NO_MOVEMENT,2
2026-09-08T10:59:51.330,3.821,23.674,37.878,-64,NO_MOVEMENT,2
2026-09-08T10:59:52.020,4.711,23.674,37.878,-64,NO_MOVEMENT,2
2026-09-08T10:59:52.606,4.636,23.674,37.878,-64,NO_MOVEMENT,2
2026-09-08T10:59:53.145,5.145,23.674,37.878,-65,NO_MOVEMENT,2
2026-09-08T10:59:53.743,6.604,23.674,37.878,-68,NO_MOVEMENT,2
2026-09-08T10:59:54.282,7.320,23.674,37.878,-74,NO_MOVEMENT,2
2026-09-08T10:59:54.898,6.997,23.674,37.878,-64,NO_MOVEMENT,2
2026-09-08T10:59:55.508,8.216,23.674,37.878,-66,NO_MOVEMENT,2
2026-09-08T10:59:56.069,15.148,23.674,37.878,-70,NO_MOVEMENT,2
2026-09-08T10:59:56.575,16.100,23.674,37.878,-63,NO_MOVEMENT,2
2026-09-08T10:59:57.082,16.810,23.674,37.878,-70,NO_MOVEMENT,2
2026-09-08T10:59:57.734,18.262,23.674,37.878,-70,NO_MOVEMENT,2
2026-09-08T10:59:58.348,17.879,23.674,37.878,-62,NO_MOVEMENT,2
2026-09-08T10:59:58.891,10.156,23.674,37.878,-66,NO_MOVEMENT,2
2026-09-08T10:59:59.431,9.552,23.674,37.878,-61,NO_MOVEMENT,2
2026-09-08T10:59:59.958,5.478,23.674,37.878,-66,NO_MOVEMENT,2
2026-09-08T11:00:00.511,5.936,23.674,37.878,-67,NO_MOVEMENT,2
2026-09-08T11:00:01.291,6.283,23.674,37.878,-65,NO_MOVEMENT,2
2026-09-08T11:00:01.898,6.426,23.674,37.878,-72,NO_MOVEMENT,2
2026-09-08T11:00:02.435,8.424,23.674,37.878,-64,NO_MOVEMENT,2
2026-09-08T11:00:02.954,8.526,23.674,37.878,-61,NO_MOVEMENT,2
2026-09-08T11:00:03.519,8.562,23.674,37.878,-63,NO_MOVEMENT,2
2026-09-08T11:00:04.038,10.250,23.674,37.878,-60,NO_MOVEMENT,2
2026-09-08T11:00:04.578,10.112,23.674,37.878,-62,NO_MOVEMENT,2
2026-09-08T11:00:05.163,8.973,23.674,37.878,-63,NO_MOVEMENT,2
2026-09-08T11:00:05.707,7.619,23.674,37.878,-61,NO_MOVEMENT,2
2026-09-08T11:00:06.247,5.992,23.674,37.878,-62,NO_MOVEMENT,2
2026-09-08T11:00:06.753,5.557,23.674,37.878,-63,NO_MOVEMENT,2
2026-09-08T11:00:07.307,6.318,23.674,37.878,-63,NO_MOVEMENT,2
2026-09-08T11:00:07.830,6.875,23.674,37.878,-63,NO_MOVEMENT,2
2026-09-08T11:00:08.514,6.161,23.674,37.878,-64,NO_MOVEMENT,2
2026-09-08T11:00:09.435,4.130,23.674,37.878,-62,NO_MOVEMENT,2
2026-09-08T11:00:10.369,3.928,23.674,37.878,-62,NO_MOVEMENT,2
2026-09-08T11:00:11.345,5.372,23.674,37.878,-62,NO_MOVEMENT,2
2026-09-08T11:00:12.349,6.015,23.674,37.878,-63,NO_MOVEMENT,2
2026-09-08T11:00:12.954,5.938,23.674,37.878,-62,NO_MOVEMENT,2
2026-09-08T11:00:13.593,6.811,23.674,37.878,-64,NO_MOVEMENT,2
2026-09-08T11:00:14.586,4.790,23.674,37.878,-63,NO_MOVEMENT,2
2026-09-08T11:00:15.116,4.923,23.674,37.878,-63,NO_MOVEMENT,2
2026-09-08T11:00:16.091,4.755,23.674,37.878,-64,NO_MOVEMENT,2
2026-09-08T11:00:16.649,4.873,23.674,37.878,-64,NO_MOVEMENT,2
2026-09-08T11:00:17.190,4.779,23.674,37.878,-63,NO_MOVEMENT,2
2026-09-08T11:00:17.695,5.100,23.674,37.878,-64,NO_MOVEMENT,2
2026-09-08T11:00:18.232,5.001,23.674,37.878,-64,NO_MOVEMENT,2
2026-09-08T11:00:18.791,4.119,23.674,37.878,-62,NO_MOVEMENT,2
2026-09-08T11:00:19.370,3.719,23.674,37.878,-63,NO_MOVEMENT,2
2026-09-08T11:00:19.936,3.810,23.674,37.878,-64,NO_MOVEMENT,2
2026-09-08T11:00:20.469,3.804,23.674,37.878,-63,NO_MOVEMENT,2
2026-09-08T11:00:20.978,9.067,23.674,37.878,-64,NO_MOVEMENT,2
2026-09-08T11:00:21.575,9.612,23.674,37.878,-66,NO_MOVEMENT,2
2026-09-08T11:00:22.194,10.470,23.674,37.878,-65,NO_MOVEMENT,2
2026-09-08T11:00:22.716,10.561,23.674,37.878,-66,NO_MOVEMENT,2
2026-09-08T11:00:23.294,5.880,23.674,37.878,-64,NO_MOVEMENT,2
2026-09-08T11:00:23.882,5.671,23.674,37.878,-64,NO_MOVEMENT,2
2026-09-08T11:00:24.388,6.011,23.674,37.878,-64,NO_MOVEMENT,2
2026-09-08T11:00:24.929,5.101,23.674,37.878,-64,NO_MOVEMENT,2
2026-09-08T11:00:25.537,4.621,23.674,37.878,-64,NO_MOVEMENT,2
2026-09-08T11:00:26.127,4.517,23.674,37.878,-64,NO_MOVEMENT,2
2026-09-08T11:00:26.754,4.225,23.674,37.878,-64,NO_MOVEMENT,2
2026-09-08T11:00:27.363,4.072,23.674,37.878,-64,NO_MOVEMENT,2
2026-09-08T11:00:27.960,3.683,23.674,37.878,-63,NO_MOVEMENT,2
2026-09-08T11:00:28.543,3.184,23.674,37.878,-63,NO_MOVEMENT,2
2026-09-08T11:00:29.131,2.923,23.674,37.878,-64,NO_MOVEMENT,2
2026-09-08T11:00:29.710,3.155,23.674,37.878,-64,NO_MOVEMENT,2
2026-09-08T11:00:30.351,5.330,23.674,37.878,-65,NO_MOVEMENT,2
2026-09-08T11:00:30.974,5.376,23.674,37.878,-64,NO_MOVEMENT,2
2026-09-08T11:00:31.554,5.462,23.674,37.878,-64,NO_MOVEMENT,2
2026-09-08T11:00:32.190,5.346,23.674,37.878,-63,NO_MOVEMENT,2
2026-09-08T11:00:32.832,3.395,23.674,37.878,-63,NO_MOVEMENT,2
2026-09-08T11:00:33.454,3.403,23.674,37.878,-63,NO_MOVEMENT,2
2026-09-08T11:00:34.061,3.381,23.674,37.878,-63,NO_MOVEMENT,2
2026-09-08T11:00:34.689,3.370,23.674,37.878,-63,NO_MOVEMENT,2
2026-09-08T11:00:35.324,3.394,23.674,37.878,-62,NO_MOVEMENT,2
2026-09-08T11:00:36.013,3.787,23.674,37.878,-62,NO_MOVEMENT,2
2026-09-08T11:00:36.618,3.830,23.674,37.878,-62,NO_MOVEMENT,2
2026-09-08T11:00:37.283,5.433,23.674,37.878,-63,NO_MOVEMENT,2
2026-09-08T11:00:37.888,5.448,23.674,37.878,-63,NO_MOVEMENT,2
2026-09-08T11:00:38.464,7.984,23.674,37.878,-62,NO_MOVEMENT,2
2026-09-08T11:00:39.020,7.948,23.674,37.878,-63,NO_MOVEMENT,2
2026-09-08T11:00:40.069,6.698,23.674,37.878,-63,NO_MOVEMENT,2
2026-09-08T11:00:40.599,6.391,23.674,37.878,-62,NO_MOVEMENT,2
2026-09-08T11:00:41.161,3.634,23.674,37.878,-62,NO_MOVEMENT,2
2026-09-08T11:00:42.128,4.985,23.674,37.878,-64,NO_MOVEMENT,2
2026-09-08T11:00:42.637,5.558,23.674,37.878,-63,NO_MOVEMENT,2
2026-09-08T11:00:43.694,5.314,23.674,37.878,-64,NO_MOVEMENT,2
2026-09-08T11:00:44.209,4.899,23.674,37.878,-65,NO_MOVEMENT,2
2026-09-08T11:00:44.797,5.169,23.674,37.878,-66,NO_MOVEMENT,2
2026-09-08T11:00:45.318,5.152,23.674,37.878,-68,NO_MOVEMENT,2
2026-09-08T11:00:45.823,4.823,23.674,37.878,-67,NO_MOVEMENT,2
2026-09-08T11:00:46.824,4.471,23.674,37.878,-67,NO_MOVEMENT,2
2026-09-08T11:00:47.363,4.954,23.674,37.878,-68,NO_MOVEMENT,2
2026-09-08T11:00:47.936,6.174,23.674,37.878,-67,NO_MOVEMENT,2
2026-09-08T11:00:48.480,6.667,23.674,37.878,-67,NO_MOVEMENT,2
2026-09-08T11:00:49.529,7.678,23.674,37.878,-66,NO_MOVEMENT,2
2026-09-08T11:00:50.554,6.760,23.674,37.878,-66,NO_MOVEMENT,2
2026-09-08T11:00:51.058,6.810,23.674,37.878,-65,NO_MOVEMENT,2
2026-09-08T11:00:51.719,5.748,23.674,37.878,-66,NO_MOVEMENT,2
2026-09-08T11:00:52.239,6.678,23.674,37.878,-67,NO_MOVEMENT,2
2026-09-08T11:00:52.741,6.746,23.674,37.878,-67,NO_MOVEMENT,2
2026-09-08T11:00:53.271,8.213,23.674,37.878,-63,NO_MOVEMENT,2
2026-09-08T11:00:54.158,9.286,23.674,37.878,-64,NO_MOVEMENT,2
2026-09-08T11:00:54.669,8.196,23.674,37.878,-65,NO_MOVEMENT,2
2026-09-08T11:00:55.190,6.308,23.674,37.878,-66,NO_MOVEMENT,2
2026-09-08T11:00:55.728,4.725,23.674,37.878,-66,NO_MOVEMENT,2
2026-09-08T11:00:56.399,4.513,23.674,37.878,-66,NO_MOVEMENT,2
2026-09-08T11:00:57.186,3.559,23.674,37.878,-66,NO_MOVEMENT,2
2026-09-08T11:00:57.755,3.617,23.674,37.878,-65,NO_MOVEMENT,2
2026-09-08T11:00:58.349,4.397,23.674,37.878,-65,NO_MOVEMENT,2
2026-09-08T11:00:58.947,4.080,23.674,37.878,-66,NO_MOVEMENT,2
2026-09-08T11:00:59.486,4.337,23.674,37.878,-66,NO_MOVEMENT,2
2026-09-08T11:00:59.997,4.196,23.674,37.878,-66,NO_MOVEMENT,2
2026-09-08T11:01:00.522,4.497,23.674,37.878,-65,NO_MOVEMENT,2
2026-09-08T11:01:01.211,4.443,23.674,37.878,-66,NO_MOVEMENT,2
2026-09-08T11:01:01.830,10.142,23.674,37.878,-66,NO_MOVEMENT,2
2026-09-08T11:01:02.344,10.210,23.674,37.878,-66,NO_MOVEMENT,2
2026-09-08T11:01:03.276,10.106,23.674,37.878,-67,NO_MOVEMENT,2
2026-09-08T11:01:03.876,10.261,23.674,37.878,-67,NO_MOVEMENT,2
2026-09-08T11:01:04.418,4.039,23.674,37.878,-66,NO_MOVEMENT,2
2026-09-08T11:01:05.035,4.756,23.674,37.878,-66,NO_MOVEMENT,2
2026-09-08T11:01:05.542,7.410,23.674,37.878,-66,NO_MOVEMENT,2
2026-09-08T11:01:06.086,7.410,23.674,37.878,-65,NO_MOVEMENT,2
2026-09-08T11:01:06.655,8.040,23.674,37.878,-66,NO_MOVEMENT,2
2026-09-08T11:01:07.307,5.510,23.674,37.878,-66,NO_MOVEMENT,2
2026-09-08T11:01:07.851,6.252,23.674,37.878,-63,NO_MOVEMENT,2
2026-09-08T11:01:08.464,5.627,23.674,37.878,-64,NO_MOVEMENT,2
2026-09-08T11:01:09.281,5.866,23.674,37.878,-65,NO_MOVEMENT,2
2026-09-08T11:01:10.232,5.337,23.674,37.878,-66,NO_MOVEMENT,2
2026-09-08T11:01:10.773,6.944,23.674,37.878,-66,NO_MOVEMENT,2
2026-09-08T11:01:11.651,9.603,23.674,37.878,-66,NO_MOVEMENT,2
2026-09-08T11:01:12.645,14.679,23.674,37.878,-69,NO_MOVEMENT,2
2026-09-08T11:01:13.488,21.809,23.674,37.878,-72,NO_MOVEMENT,2
2026-09-08T11:01:14.376,25.858,23.674,37.878,-80,NO_MOVEMENT,2
2026-09-08T11:01:14.908,24.601,23.674,37.878,-67,NO_MOVEMENT,2
2026-09-08T11:01:15.425,12.021,23.674,37.878,-67,NO_MOVEMENT,2
2026-09-08T11:01:15.991,11.340,23.674,37.878,-69,NO_MOVEMENT,2
2026-09-08T11:01:16.608,6.515,23.674,37.878,-70,NO_MOVEMENT,2
2026-09-08T11:01:17.176,6.484,23.674,37.878,-71,NO_MOVEMENT,2
2026-09-08T11:01:17.703,6.644,23.674,37.878,-74,NO_MOVEMENT,2
2026-09-08T11:01:18.276,5.968,23.674,37.878,-73,NO_MOVEMENT,2
2026-09-08T11:01:18.812,6.107,23.674,37.878,-72,NO_MOVEMENT,2
2026-09-08T11:01:19.753,7.250,23.674,37.878,-71,NO_MOVEMENT,2
2026-09-08T11:01:20.283,7.380,23.674,37.878,-70,NO_MOVEMENT,2
2026-09-08T11:01:21.263,7.779,23.674,37.878,-71,NO_MOVEMENT,2
2026-09-08T11:01:21.980,7.751,23.674,37.878,-70,NO_MOVEMENT,2
2026-09-08T11:01:22.520,6.025,23.674,37.878,-72,NO_MOVEMENT,2
2026-09-08T11:01:23.157,6.126,23.674,37.878,-71,NO_MOVEMENT,2
2026-09-08T11:01:24.058,5.791,23.674,37.878,-70,NO_MOVEMENT,2
2026-09-08T11:01:24.589,5.742,23.674,37.878,-69,NO_MOVEMENT,2
2026-09-08T11:01:25.129,6.690,23.674,37.878,-71,NO_MOVEMENT,2
2026-09-08T11:01:25.669,8.209,23.674,37.878,-68,NO_MOVEMENT,2
2026-09-08T11:01:26.175,9.960,23.674,37.878,-70,NO_MOVEMENT,2
2026-09-08T11:01:27.146,9.860,23.674,37.878,-70,NO_MOVEMENT,2
2026-09-08T11:01:27.705,7.648,23.674,37.878,-67,NO_MOVEMENT,2
2026-09-08T11:01:28.656,9.561,23.674,37.878,-68,NO_MOVEMENT,2
2026-09-08T11:01:29.593,12.064,23.674,37.878,-74,NO_MOVEMENT,2
2026-09-08T11:01:30.112,13.414,23.674,37.878,-70,NO_MOVEMENT,2
2026-09-08T11:01:30.673,11.202,23.674,37.878,-65,NO_MOVEMENT,2
2026-09-08T11:01:31.635,15.000,23.674,37.878,-64,NO_MOVEMENT,2
2026-09-08T11:01:32.630,20.384,23.674,37.878,-69,NO_MOVEMENT,2
2026-09-08T11:01:33.528,21.832,23.674,37.878,-69,NO_MOVEMENT,2
2026-09-08T11:01:34.458,18.996,23.674,37.878,-67,NO_MOVEMENT,2
2026-09-08T11:01:35.404,11.222,23.674,37.878,-65,NO_MOVEMENT,2
2026-09-08T11:01:36.025,7.111,23.674,37.878,-67,NO_MOVEMENT,2
2026-09-08T11:01:36.534,6.468,23.674,37.878,-68,NO_MOVEMENT,2
2026-09-08T11:01:37.501,6.240,23.674,37.878,-66,NO_MOVEMENT,2
2026-09-08T11:01:38.016,5.086,23.674,37.878,-65,NO_MOVEMENT,2
2026-09-08T11:01:38.551,3.794,23.674,37.878,-66,NO_MOVEMENT,2
2026-09-08T11:01:39.523,4.219,23.674,37.878,-64,NO_MOVEMENT,2
2026-09-08T11:01:40.530,4.853,23.674,37.878,-65,NO_MOVEMENT,2
2026-09-08T11:01:41.059,4.868,23.674,37.878,-63,NO_MOVEMENT,2
2026-09-08T11:01:41.674,3.742,23.674,37.878,-65,NO_MOVEMENT,2
2026-09-08T11:01:42.180,3.882,23.674,37.878,-65,NO_MOVEMENT,2
2026-09-08T11:01:42.687,4.521,23.674,37.878,-66,NO_MOVEMENT,2
2026-09-08T11:01:43.209,4.224,23.674,37.878,-68,NO_MOVEMENT,2
2026-09-08T11:01:43.724,7.349,23.674,37.878,-69,NO_MOVEMENT,2
2026-09-08T11:01:44.271,7.993,23.674,37.878,-68,NO_MOVEMENT,2
2026-09-08T11:01:44.786,7.151,23.674,37.878,-68,NO_MOVEMENT,2
2026-09-08T11:01:45.762,6.634,23.674,37.878,-68,NO_MOVEMENT,2
2026-09-08T11:01:46.671,5.864,23.674,37.878,-69,NO_MOVEMENT,2
2026-09-08T11:01:47.625,6.457,23.674,37.878,-68,NO_MOVEMENT,2
2026-09-08T11:01:48.274,5.902,23.674,37.878,-66,NO_MOVEMENT,2
2026-09-08T11:01:49.218,5.290,23.674,37.878,-69,NO_MOVEMENT,2
2026-09-08T11:01:50.169,4.149,23.674,37.878,-68,NO_MOVEMENT,2
2026-09-08T11:01:51.147,4.628,23.674,37.878,-69,NO_MOVEMENT,2
2026-09-08T11:01:52.108,4.243,23.674,37.878,-68,NO_MOVEMENT,2
2026-09-08T11:01:53.070,3.551,23.674,37.878,-69,NO_MOVEMENT,2
2026-09-08T11:01:53.582,3.252,23.674,37.878,-69,NO_MOVEMENT,2
2026-09-08T11:01:54.499,3.350,23.674,37.878,-68,NO_MOVEMENT,2
2026-09-08T11:01:55.430,3.462,23.674,37.878,-69,NO_MOVEMENT,2
2026-09-08T11:01:56.403,3.573,23.674,37.878,-69,NO_MOVEMENT,2
2026-09-08T11:01:57.333,3.991,23.674,37.878,-68,NO_MOVEMENT,2
2026-09-08T11:01:57.849,4.256,23.674,37.878,-65,NO_MOVEMENT,2
2026-09-08T11:01:58.377,5.671,23.674,37.878,-67,NO_MOVEMENT,2
2026-09-08T11:01:59.402,6.659,23.674,37.878,-65,NO_MOVEMENT,2
2026-09-08T11:01:59.966,6.788,23.674,37.878,-66,NO_MOVEMENT,2
2026-09-08T11:02:00.877,5.373,23.674,37.878,-64,NO_MOVEMENT,2
2026-09-08T11:02:01.507,5.252,23.674,37.878,-65,NO_MOVEMENT,2
2026-09-08T11:02:02.067,4.676,23.674,37.878,-64,NO_MOVEMENT,2
2026-09-08T11:02:02.613,4.965,23.674,37.878,-66,NO_MOVEMENT,2
2026-09-08T11:02:03.240,4.592,23.674,37.878,-64,NO_MOVEMENT,2
2026-09-08T11:02:03.810,4.792,23.674,37.878,-64,NO_MOVEMENT,2
2026-09-08T11:02:04.381,4.293,23.674,37.878,-64,NO_MOVEMENT,2
2026-09-08T11:02:05.011,6.074,23.674,37.878,-64,NO_MOVEMENT,2
2026-09-08T11:02:05.973,6.267,23.674,37.878,-63,NO_MOVEMENT,2
2026-09-08T11:02:06.604,3.850,23.674,37.878,-65,NO_MOVEMENT,2
2026-09-08T11:02:07.224,3.350,23.674,37.878,-64,NO_MOVEMENT,2
2026-09-08T11:02:07.853,3.565,23.674,37.878,-65,NO_MOVEMENT,2
2026-09-08T11:02:08.479,3.426,23.674,37.878,-65,NO_MOVEMENT,2
2026-09-08T11:02:09.047,3.296,23.674,37.878,-65,NO_MOVEMENT,2
2026-09-08T11:02:09.708,3.551,23.674,37.878,-65,NO_MOVEMENT,2
2026-09-08T11:02:10.270,3.456,23.674,37.878,-64,NO_MOVEMENT,2
2026-09-08T11:02:10.777,3.508,23.674,37.878,-64,NO_MOVEMENT,2
2026-09-08T11:02:11.424,4.114,23.674,37.878,-64,NO_MOVEMENT,2
2026-09-08T11:02:12.030,3.688,23.674,37.878,-64,NO_MOVEMENT,2
2026-09-08T11:02:12.662,3.491,23.674,37.878,-64,NO_MOVEMENT,2
2026-09-08T11:02:13.283,3.539,23.674,37.878,-64,NO_MOVEMENT,2
2026-09-08T11:02:13.977,6.367,23.674,37.878,-62,NO_MOVEMENT,2
2026-09-08T11:02:14.608,6.234,23.674,37.878,-64,NO_MOVEMENT,2
2026-09-08T11:02:15.374,6.203,23.674,37.878,-64,NO_MOVEMENT,2
2026-09-08T11:02:16.001,3.474,23.674,37.878,-64,NO_MOVEMENT,2
2026-09-08T11:02:16.597,3.481,23.674,37.878,-64,NO_MOVEMENT,2
2026-09-08T11:02:17.230,5.629,23.674,37.878,-64,NO_MOVEMENT,2
2026-09-08T11:02:17.857,5.682,23.674,37.878,-64,NO_MOVEMENT,2
2026-09-08T11:02:18.484,5.264,23.674,37.878,-64,NO_MOVEMENT,2
2026-09-08T11:02:19.074,2.631,23.674,37.878,-64,NO_MOVEMENT,2
2026-09-08T11:02:19.617,2.861,23.674,37.878,-64,NO_MOVEMENT,2
2026-09-08T11:02:20.227,3.238,23.674,37.878,-64,NO_MOVEMENT,2
2026-09-08T11:02:20.803,3.807,23.674,37.878,-64,NO_MOVEMENT,2
2026-09-08T11:02:21.401,4.137,23.674,37.878,-64,NO_MOVEMENT,2
2026-09-08T11:02:21.995,4.913,23.674,37.878,-65,NO_MOVEMENT,2
2026-09-08T11:02:22.542,6.688,23.674,37.878,-65,NO_MOVEMENT,2
2026-09-08T11:02:23.146,9.641,23.674,37.878,-70,NO_MOVEMENT,2
2026-09-08T11:02:23.811,13.195,23.674,37.878,-68,NO_MOVEMENT,2
2026-09-08T11:02:25.826,21.060,23.674,37.878,-67,NO_MOVEMENT,2
2026-09-08T11:02:26.769,12.474,23.674,37.878,-69,NO_MOVEMENT,2
2026-09-08T11:19:21.962,12.474,23.674,37.878,-69,NO_MOVEMENT,2
2026-09-08T11:19:22.730,12.474,23.674,37.878,-69,NO_MOVEMENT,2
2026-09-08T11:19:25.792,12.474,23.674,37.878,-69,NO_MOVEMENT,2
2026-09-08T11:19:28.414,12.474,23.674,37.878,-69,NO_MOVEMENT,2
2026-09-08T11:19:29.457,12.474,23.674,37.878,-69,NO_MOVEMENT,2
2026-09-08T11:19:30.340,12.474,23.674,37.878,-69,NO_MOVEMENT,2
2026-09-08T11:19:30.907,12.474,23.674,37.878,-69,NO_MOVEMENT,2
2026-09-08T11:19:32.303,12.474,23.674,37.878,-69,NO_MOVEMENT,2
2026-09-08T11:19:33.465,12.474,23.674,37.878,-69,NO_MOVEMENT,2
2026-09-08T11:19:34.075,12.474,23.674,37.878,-69,NO_MOVEMENT,2
2026-09-08T11:19:34.663,12.474,23.674,37.878,-69,NO_MOVEMENT,2
2026-09-08T11:19:36.243,12.474,23.674,37.878,-69,NO_MOVEMENT,2
2026-09-08T11:19:37.300,12.474,23.674,37.878,-69,NO_MOVEMENT,2
2026-09-08T11:19:37.803,12.474,23.674,37.878,-69,NO_MOVEMENT,2
2026-09-08T11:19:38.587,12.474,23.674,37.878,-69,NO_MOVEMENT,2
2026-09-08T11:19:39.674,12.474,23.674,37.878,-69,NO_MOVEMENT,2
2026-09-08T11:19:40.531,12.474,23.674,37.878,-69,NO_MOVEMENT,2
2026-09-08T11:19:41.783,12.474,23.674,37.878,-69,NO_MOVEMENT,2
2026-09-08T11:19:42.582,12.474,23.674,37.878,-69,NO_MOVEMENT,2
2026-09-08T11:19:43.419,12.474,23.674,37.878,-69,NO_MOVEMENT,2
2026-09-08T11:19:44.083,12.474,23.674,37.878,-69,NO_MOVEMENT,2
2026-09-08T11:19:44.661,12.474,23.674,37.878,-69,NO_MOVEMENT,2
2026-09-08T11:19:45.234,12.474,23.674,37.878,-69,NO_MOVEMENT,2
2026-09-08T11:19:45.827,12.474,23.674,37.878,-69,NO_MOVEMENT,2
2026-09-08T11:19:46.540,12.474,23.674,37.878,-69,NO_MOVEMENT,2
2026-09-08T11:19:47.090,12.474,23.674,37.878,-69,NO_MOVEMENT,2
2026-09-08T11:19:47.688,12.474,23.674,37.878,-69,NO_MOVEMENT,2
2026-09-08T11:19:48.276,12.474,23.674,37.878,-69,NO_MOVEMENT,2
2026-09-08T11:19:48.856,12.474,23.674,37.878,-69,NO_MOVEMENT,2
2026-09-08T11:19:49.411,12.474,23.674,37.878,-69,NO_MOVEMENT,2
2026-09-08T11:19:50.025,12.474,23.674,37.878,-69,NO_MOVEMENT,2
2026-09-08T11:19:50.570,12.474,23.674,37.878,-69,NO_MOVEMENT,2
2026-09-08T11:19:51.083,12.474,23.674,37.878,-69,NO_MOVEMENT,2
2026-09-08T11:19:51.607,12.474,23.674,37.878,-69,NO_MOVEMENT,2
2026-09-08T11:19:52.118,12.474,23.674,37.878,-69,NO_MOVEMENT,2
2026-09-08T11:19:52.653,12.474,23.674,37.878,-69,NO_MOVEMENT,2
2026-09-08T11:19:53.217,12.474,23.674,37.878,-69,NO_MOVEMENT,2
2026-09-08T11:19:53.815,12.474,23.674,37.878,-69,NO_MOVEMENT,2
2026-09-08T11:19:54.500,12.474,23.674,37.878,-69,NO_MOVEMENT,2
2026-09-08T11:19:55.199,12.474,23.674,37.878,-69,NO_MOVEMENT,2
2026-09-08T11:19:55.798,12.474,23.674,37.878,-69,NO_MOVEMENT,2
2026-09-08T11:19:56.415,12.474,23.674,37.878,-69,NO_MOVEMENT,2
2026-09-08T11:19:57.877,12.474,23.674,37.878,-69,NO_MOVEMENT,2
2026-09-08T11:19:58.762,12.474,23.674,37.878,-69,NO_MOVEMENT,2
2026-09-08T11:19:59.653,12.474,23.674,37.878,-69,NO_MOVEMENT,2
2026-09-08T11:20:00.701,12.474,23.674,37.878,-69,NO_MOVEMENT,2
2026-09-08T11:20:01.542,12.474,23.674,37.878,-69,NO_MOVEMENT,2
2026-09-08T11:20:02.370,12.474,23.674,37.878,-69,NO_MOVEMENT,2
2026-09-08T11:20:03.060,12.474,23.674,37.878,-69,NO_MOVEMENT,2
2026-09-08T11:20:03.735,12.474,23.674,37.878,-69,NO_MOVEMENT,2
2026-09-08T11:20:04.243,12.474,23.674,37.878,-69,NO_MOVEMENT,2
2026-09-08T11:20:04.790,12.474,23.674,37.878,-69,NO_MOVEMENT,2
2026-09-08T11:20:05.302,12.474,23.674,37.878,-69,NO_MOVEMENT,2
2026-09-08T11:20:06.041,12.474,23.674,37.878,-69,NO_MOVEMENT,2
2026-09-08T11:20:06.547,12.474,23.674,37.878,-69,NO_MOVEMENT,2
2026-09-08T11:20:07.063,12.474,23.674,37.878,-69,NO_MOVEMENT,2
2026-09-08T11:20:07.573,12.474,23.674,37.878,-69,NO_MOVEMENT,2
2026-09-08T11:20:08.078,12.474,23.674,37.878,-69,NO_MOVEMENT,2
2026-09-08T11:20:08.620,12.474,23.674,37.878,-69,NO_MOVEMENT,2
2026-09-08T11:20:09.126,12.474,23.674,37.878,-69,NO_MOVEMENT,2
2026-09-08T11:20:09.851,12.474,23.674,37.878,-69,NO_MOVEMENT,2
2026-09-08T11:20:10.483,12.474,23.674,37.878,-69,NO_MOVEMENT,2
2026-09-08T11:20:11.008,12.474,23.674,37.878,-69,NO_MOVEMENT,2
2026-09-08T11:20:11.509,12.474,23.674,37.878,-69,NO_MOVEMENT,2
2026-09-08T11:20:12.037,12.474,23.674,37.878,-69,NO_MOVEMENT,2
2026-09-08T11:20:12.577,12.474,23.674,37.878,-69,NO_MOVEMENT,2
2026-09-08T11:20:13.170,12.474,23.674,37.878,-69,NO_MOVEMENT,2
2026-09-08T11:20:13.745,12.474,23.674,37.878,-69,NO_MOVEMENT,2
2026-09-08T11:20:14.447,12.474,23.674,37.878,-69,NO_MOVEMENT,2
2026-09-08T11:20:14.988,12.474,23.674,37.878,-69,NO_MOVEMENT,2
2026-09-08T11:20:15.618,12.474,23.674,37.878,-69,NO_MOVEMENT,2
2026-09-08T11:20:16.271,12.474,23.674,37.878,-69,NO_MOVEMENT,2
2026-09-08T11:20:16.943,12.474,23.674,37.878,-69,NO_MOVEMENT,2
2026-09-08T11:20:17.714,12.474,23.674,37.878,-69,NO_MOVEMENT,2
2026-09-08T11:20:18.634,12.474,23.674,37.878,-69,NO_MOVEMENT,2
2026-09-08T11:20:19.420,12.474,23.674,37.878,-69,NO_MOVEMENT,2
2026-09-08T11:20:20.131,12.474,23.674,37.878,-69,NO_MOVEMENT,2
2026-09-08T11:20:20.947,12.474,23.674,37.878,-69,NO_MOVEMENT,2
2026-09-08T11:20:21.685,12.474,23.674,37.878,-69,NO_MOVEMENT,2
2026-09-08T11:20:22.446,12.474,23.674,37.878,-69,NO_MOVEMENT,2
2026-09-08T11:20:23.083,12.474,23.674,37.878,-69,NO_MOVEMENT,2
2026-09-08T11:20:23.710,12.474,23.674,37.878,-69,NO_MOVEMENT,2
2026-09-08T11:20:24.329,12.474,23.674,37.878,-69,NO_MOVEMENT,2
2026-09-08T11:20:24.992,12.474,23.674,37.878,-69,NO_MOVEMENT,2
2026-09-08T11:20:25.780,12.474,23.674,37.878,-69,NO_MOVEMENT,2
2026-09-08T11:20:26.397,12.474,23.674,37.878,-69,NO_MOVEMENT,2
2026-09-08T11:20:26.988,12.474,23.674,37.878,-69,NO_MOVEMENT,2
2026-09-08T11:20:27.573,12.474,23.674,37.878,-69,NO_MOVEMENT,2
2026-09-08T11:20:28.156,12.474,23.674,37.878,-69,NO_MOVEMENT,2
2026-09-08T11:20:29.169,12.474,23.674,37.878,-69,NO_MOVEMENT,2
2026-09-08T11:20:30.168,12.474,23.674,37.878,-69,NO_MOVEMENT,2
2026-09-08T11:20:30.946,12.474,23.674,37.878,-69,NO_MOVEMENT,2
2026-09-08T11:20:31.545,12.474,23.674,37.878,-69,NO_MOVEMENT,2
2026-09-08T11:20:32.451,12.474,23.674,37.878,-69,NO_MOVEMENT,2
2026-09-08T11:20:33.188,12.474,23.674,37.878,-69,NO_MOVEMENT,2
2026-09-08T11:20:34.353,12.474,23.674,37.878,-69,NO_MOVEMENT,2
2026-09-08T11:20:35.342,12.474,23.674,37.878,-69,NO_MOVEMENT,2
2026-09-08T11:20:35.966,12.474,23.674,37.878,-69,NO_MOVEMENT,2
2026-09-08T11:20:36.567,12.474,23.674,37.878,-69,NO_MOVEMENT,2
2026-09-08T11:20:37.148,12.474,23.674,37.878,-69,NO_MOVEMENT,2
2026-09-08T11:20:37.722,12.474,23.674,37.878,-69,NO_MOVEMENT,2
2026-09-08T11:20:38.276,12.474,23.674,37.878,-69,NO_MOVEMENT,2
2026-09-08T11:20:38.850,12.474,23.674,37.878,-69,NO_MOVEMENT,2
2026-09-08T11:20:39.424,12.474,23.674,37.878,-69,NO_MOVEMENT,2
2026-09-08T11:20:39.987,12.474,23.674,37.878,-69,NO_MOVEMENT,2
2026-09-08T11:20:40.551,12.474,23.674,37.878,-69,NO_MOVEMENT,2
2026-09-08T11:20:41.120,12.474,23.674,37.878,-69,NO_MOVEMENT,2
2026-09-08T11:20:41.776,12.474,23.674,37.878,-69,NO_MOVEMENT,2
2026-09-08T11:20:42.351,12.474,23.674,37.878,-69,NO_MOVEMENT,2
2026-09-08T11:20:42.906,12.474,23.674,37.878,-69,NO_MOVEMENT,2
2026-09-08T11:20:43.472,12.474,23.674,37.878,-69,NO_MOVEMENT,2
2026-09-08T11:20:44.074,12.474,23.674,37.878,-69,NO_MOVEMENT,2
2026-09-08T11:20:44.668,12.474,23.674,37.878,-69,NO_MOVEMENT,2
2026-09-08T11:20:45.250,12.474,23.674,37.878,-69,NO_MOVEMENT,2
2026-09-08T11:20:45.814,12.474,23.674,37.878,-69,NO_MOVEMENT,2
2026-09-08T11:20:46.357,12.474,23.674,37.878,-69,NO_MOVEMENT,2
2026-09-08T11:20:46.913,12.474,23.674,37.878,-69,NO_MOVEMENT,2
2026-09-08T11:20:47.485,12.474,23.674,37.878,-69,NO_MOVEMENT,2
2026-09-08T11:20:48.054,12.474,23.674,37.878,-69,NO_MOVEMENT,2
2026-09-08T11:20:48.621,12.474,23.674,37.878,-69,NO_MOVEMENT,2
2026-09-08T11:20:49.178,12.474,23.674,37.878,-69,NO_MOVEMENT,2
2026-09-08T11:20:49.744,12.474,23.674,37.878,-69,NO_MOVEMENT,2
2026-09-08T11:20:50.307,12.474,23.674,37.878,-69,NO_MOVEMENT,2
2026-09-08T11:20:50.919,12.474,23.674,37.878,-69,NO_MOVEMENT,2
2026-09-08T11:20:51.487,12.474,23.674,37.878,-69,NO_MOVEMENT,2
2026-09-08T11:20:52.124,12.474,23.674,37.878,-69,NO_MOVEMENT,2
2026-09-08T11:20:52.683,12.474,23.674,37.878,-69,NO_MOVEMENT,2
2026-09-08T11:20:53.228,12.474,23.674,37.878,-69,NO_MOVEMENT,2
2026-09-08T11:20:54.167,12.474,23.674,37.878,-69,NO_MOVEMENT,2
2026-09-08T11:20:54.667,12.474,23.674,37.878,-69,NO_MOVEMENT,2
2026-09-08T11:20:55.603,12.474,23.674,37.878,-69,NO_MOVEMENT,2
2026-09-08T11:20:56.531,12.474,23.674,37.878,-69,NO_MOVEMENT,2
2026-09-08T11:20:57.496,12.474,23.674,37.878,-69,NO_MOVEMENT,2
2026-09-08T11:20:58.412,12.474,23.674,37.878,-69,NO_MOVEMENT,2
2026-09-08T11:20:59.339,12.474,23.674,37.878,-69,NO_MOVEMENT,2
2026-09-08T11:21:00.321,12.474,23.674,37.878,-69,NO_MOVEMENT,2
2026-09-08T11:21:00.822,12.474,23.674,37.878,-69,NO_MOVEMENT,2
2026-09-08T11:21:01.746,12.474,23.674,37.878,-69,NO_MOVEMENT,2
2026-09-08T11:21:02.648,12.474,23.674,37.878,-69,NO_MOVEMENT,2
2026-09-08T11:21:03.565,12.474,23.674,37.878,-69,NO_MOVEMENT,2
2026-09-08T11:21:04.467,12.474,23.674,37.878,-69,NO_MOVEMENT,2
2026-09-08T11:21:05.389,12.474,23.674,37.878,-69,NO_MOVEMENT,2
2026-09-08T11:21:06.302,12.474,23.674,37.878,-69,NO_MOVEMENT,2
2026-09-08T11:21:06.863,12.474,23.674,37.878,-69,NO_MOVEMENT,2
2026-09-08T11:21:07.822,12.474,23.674,37.878,-69,NO_MOVEMENT,2
2026-09-08T11:21:08.825,12.474,23.674,37.878,-69,NO_MOVEMENT,2
2026-09-08T11:21:09.342,12.474,23.674,37.878,-69,NO_MOVEMENT,2
2026-09-08T11:21:10.279,12.474,23.674,37.878,-69,NO_MOVEMENT,2
2026-09-08T11:21:11.186,12.474,23.674,37.878,-69,NO_MOVEMENT,2
2026-09-08T11:21:12.142,12.474,23.674,37.878,-69,NO_MOVEMENT,2
2026-09-08T11:21:12.660,12.474,23.674,37.878,-69,NO_MOVEMENT,2
2026-09-08T11:21:13.586,12.474,23.674,37.878,-69,NO_MOVEMENT,2
2026-09-08T11:21:14.509,12.474,23.674,37.878,-69,NO_MOVEMENT,2
2026-09-08T11:21:15.022,12.474,23.674,37.878,-69,NO_MOVEMENT,2
2026-09-08T11:21:16.022,12.474,23.674,37.878,-69,NO_MOVEMENT,2
2026-09-08T11:21:17.013,12.474,23.674,37.878,-69,NO_MOVEMENT,2
2026-09-08T11:21:17.940,12.474,23.674,37.878,-69,NO_MOVEMENT,2
2026-09-08T11:21:18.913,12.474,23.674,37.878,-69,NO_MOVEMENT,2
2026-09-08T11:21:19.860,12.474,23.674,37.878,-69,NO_MOVEMENT,2
2026-09-08T11:21:20.454,12.474,23.674,37.878,-69,NO_MOVEMENT,2
2026-09-08T11:21:21.378,12.474,23.674,37.878,-69,NO_MOVEMENT,2
2026-09-08T11:21:22.666,12.474,23.674,37.878,-69,NO_MOVEMENT,2
2026-09-08T11:21:23.310,12.474,23.674,37.878,-69,NO_MOVEMENT,2
2026-09-08T11:21:24.312,12.474,23.674,37.878,-69,NO_MOVEMENT,2
2026-09-08T11:21:25.068,12.474,23.674,37.878,-69,NO_MOVEMENT,2
2026-09-08T11:21:25.714,12.474,23.674,37.878,-69,NO_MOVEMENT,2
2026-09-08T11:21:26.659,12.474,23.674,37.878,-69,NO_MOVEMENT,2
2026-09-08T11:21:27.161,12.474,23.674,37.878,-69,NO_MOVEMENT,2
2026-09-08T11:21:28.129,12.474,23.674,37.878,-69,NO_MOVEMENT,2
2026-09-08T11:21:28.861,12.474,23.674,37.878,-69,NO_MOVEMENT,2
2026-09-08T11:21:29.908,12.474,23.674,37.878,-69,NO_MOVEMENT,2
2026-09-08T11:21:31.014,12.474,23.674,37.878,-69,NO_MOVEMENT,2
2026-09-08T11:21:31.871,12.474,23.674,37.878,-69,NO_MOVEMENT,2
2026-09-08T11:21:32.765,12.474,23.674,37.878,-69,NO_MOVEMENT,2
2026-09-08T11:21:34.419,12.474,23.674,37.878,-69,NO_MOVEMENT,2
2026-09-08T11:21:35.148,12.474,23.674,37.878,-69,NO_MOVEMENT,2
2026-09-08T11:21:35.666,12.474,23.674,37.878,-69,NO_MOVEMENT,2
2026-09-08T11:21:36.617,12.474,23.674,37.878,-69,NO_MOVEMENT,2
2026-09-08T11:21:37.671,12.474,23.674,37.878,-69,NO_MOVEMENT,2
2026-09-08T11:21:38.572,12.474,23.674,37.878,-69,NO_MOVEMENT,2
2026-09-08T11:21:39.513,12.474,23.674,37.878,-69,NO_MOVEMENT,2
2026-09-08T11:21:40.085,12.474,23.674,37.878,-69,NO_MOVEMENT,2
2026-09-08T11:21:41.055,12.474,23.674,37.878,-69,NO_MOVEMENT,2
2026-09-08T11:21:42.086,12.474,23.674,37.878,-69,NO_MOVEMENT,2
2026-09-08T11:21:42.744,12.474,23.674,37.878,-69,NO_MOVEMENT,2
2026-09-08T11:21:43.698,12.474,23.674,37.878,-69,NO_MOVEMENT,2
2026-09-08T11:21:44.210,12.474,23.674,37.878,-69,NO_MOVEMENT,2
2026-09-08T11:21:45.172,12.474,23.674,37.878,-69,NO_MOVEMENT,2
2026-09-08T11:21:46.106,12.474,23.674,37.878,-69,NO_MOVEMENT,2
2026-09-08T11:21:47.023,12.474,23.674,37.878,-69,NO_MOVEMENT,2
2026-09-08T11:21:47.931,12.474,23.674,37.878,-69,NO_MOVEMENT,2
2026-09-08T11:21:48.545,12.474,23.674,37.878,-69,NO_MOVEMENT,2
2026-09-08T11:21:49.472,12.474,23.674,37.878,-69,NO_MOVEMENT,2
2026-09-08T11:21:50.442,12.474,23.674,37.878,-69,NO_MOVEMENT,2
2026-09-08T11:21:51.321,12.474,23.674,37.878,-69,NO_MOVEMENT,2
2026-09-08T11:21:51.850,12.474,23.674,37.878,-69,NO_MOVEMENT,2
2026-09-08T11:21:52.592,12.474,23.674,37.878,-69,NO_MOVEMENT,2
2026-09-08T11:21:53.256,12.474,23.674,37.878,-69,NO_MOVEMENT,2
2026-09-08T11:21:53.970,12.474,23.674,37.878,-69,NO_MOVEMENT,2
2026-09-08T11:21:54.604,12.474,23.674,37.878,-69,NO_MOVEMENT,2
2026-09-08T11:21:55.301,12.474,23.674,37.878,-69,NO_MOVEMENT,2
2026-09-08T11:21:56.008,12.474,23.674,37.878,-69,NO_MOVEMENT,2
2026-09-08T11:21:56.517,12.474,23.674,37.878,-69,NO_MOVEMENT,2
2026-09-08T11:21:57.025,12.474,23.674,37.878,-69,NO_MOVEMENT,2
2026-09-08T11:21:57.720,12.474,23.674,37.878,-69,NO_MOVEMENT,2
2026-09-08T11:21:58.450,12.474,23.674,37.878,-69,NO_MOVEMENT,2
2026-09-08T11:21:59.129,12.474,23.674,37.878,-69,NO_MOVEMENT,2
2026-09-08T11:21:59.768,12.474,23.674,37.878,-69,NO_MOVEMENT,2
2026-09-08T11:22:00.469,12.474,23.674,37.878,-69,NO_MOVEMENT,2
2026-09-08T11:22:00.977,12.474,23.674,37.878,-69,NO_MOVEMENT,2
2026-09-08T11:22:01.488,12.474,23.674,37.878,-69,NO_MOVEMENT,2
2026-09-08T11:22:02.084,12.474,23.674,37.878,-69,NO_MOVEMENT,2
2026-09-08T11:22:02.724,12.474,23.674,37.878,-69,NO_MOVEMENT,2
2026-09-08T11:22:03.438,12.474,23.674,37.878,-69,NO_MOVEMENT,2
2026-09-08T11:22:04.146,12.474,23.674,37.878,-69,NO_MOVEMENT,2
2026-09-08T11:22:04.647,12.474,23.674,37.878,-69,NO_MOVEMENT,2
2026-09-08T11:22:05.323,12.474,23.674,37.878,-69,NO_MOVEMENT,2
2026-09-08T11:22:06.064,12.474,23.674,37.878,-69,NO_MOVEMENT,2
2026-09-08T11:22:06.756,12.474,23.674,37.878,-69,NO_MOVEMENT,2
2026-09-08T11:22:07.412,12.474,23.674,37.878,-69,NO_MOVEMENT,2
2026-09-08T11:22:08.067,12.474,23.674,37.878,-69,NO_MOVEMENT,2
2026-09-08T11:22:08.705,12.474,23.674,37.878,-69,NO_MOVEMENT,2
2026-09-08T11:22:09.336,12.474,23.674,37.878,-69,NO_MOVEMENT,2
2026-09-08T11:22:10.027,12.474,23.674,37.878,-69,NO_MOVEMENT,2
2026-09-08T11:22:10.628,12.474,23.674,37.878,-69,NO_MOVEMENT,2
2026-09-08T11:22:11.182,12.474,23.674,37.878,-69,NO_MOVEMENT,2
2026-09-08T11:22:11.844,12.474,23.674,37.878,-69,NO_MOVEMENT,2
2026-09-08T11:22:12.459,12.474,23.674,37.878,-69,NO_MOVEMENT,2
2026-09-08T11:22:13.138,12.474,23.674,37.878,-69,NO_MOVEMENT,2
2026-09-08T11:22:13.701,12.474,23.674,37.878,-69,NO_MOVEMENT,2
2026-09-08T11:22:14.237,12.474,23.674,37.878,-69,NO_MOVEMENT,2
2026-09-08T11:22:14.817,12.474,23.674,37.878,-69,NO_MOVEMENT,2
2026-09-08T11:22:15.354,12.474,23.674,37.878,-69,NO_MOVEMENT,2
2026-09-08T11:22:16.041,12.474,23.674,37.878,-69,NO_MOVEMENT,2
2026-09-08T11:22:16.771,12.474,23.674,37.878,-69,NO_MOVEMENT,2
2026-09-08T11:22:17.516,12.474,23.674,37.878,-69,NO_MOVEMENT,2
2026-09-08T11:22:18.189,12.474,23.674,37.878,-69,NO_MOVEMENT,2
2026-09-08T11:22:18.734,12.474,23.674,37.878,-69,NO_MOVEMENT,2
2026-09-08T11:22:19.276,12.474,23.674,37.878,-69,NO_MOVEMENT,2
2026-09-08T11:22:20.104,12.474,23.674,37.878,-69,NO_MOVEMENT,2
2026-09-08T11:22:21.031,12.474,23.674,37.878,-69,NO_MOVEMENT,2
2026-09-08T11:22:22.111,12.474,23.674,37.878,-69,NO_MOVEMENT,2
2026-09-08T11:22:22.925,12.474,23.674,37.878,-69,NO_MOVEMENT,2
2026-09-08T11:22:23.671,12.474,23.674,37.878,-69,NO_MOVEMENT,2
2026-09-08T11:22:24.352,12.474,23.674,37.878,-69,NO_MOVEMENT,2
2026-09-08T11:22:24.876,12.474,23.674,37.878,-69,NO_MOVEMENT,2
2026-09-08T11:22:25.559,12.474,23.674,37.878,-69,NO_MOVEMENT,2
2026-09-08T11:22:26.177,12.474,23.674,37.878,-69,NO_MOVEMENT,2
2026-09-08T11:22:26.732,12.474,23.674,37.878,-69,NO_MOVEMENT,2
2026-09-08T11:22:27.294,12.474,23.674,37.878,-69,NO_MOVEMENT,2
2026-09-08T11:22:27.972,12.474,23.674,37.878,-69,NO_MOVEMENT,2
2026-09-08T11:22:28.866,12.474,23.674,37.878,-69,NO_MOVEMENT,2
2026-09-08T11:22:29.633,12.474,23.674,37.878,-69,NO_MOVEMENT,2
2026-09-08T11:22:30.392,12.474,23.674,37.878,-69,NO_MOVEMENT,2
2026-09-08T11:22:31.109,12.474,23.674,37.878,-69,NO_MOVEMENT,2
2026-09-08T11:22:31.946,12.474,23.674,37.878,-69,NO_MOVEMENT,2
2026-09-08T11:22:32.657,12.474,23.674,37.878,-69,NO_MOVEMENT,2
2026-09-08T11:22:33.338,12.474,23.674,37.878,-69,NO_MOVEMENT,2
2026-09-08T11:22:34.103,12.474,23.674,37.878,-69,NO_MOVEMENT,2
2026-09-08T11:22:34.799,12.474,23.674,37.878,-69,NO_MOVEMENT,2
2026-09-08T11:22:35.465,12.474,23.674,37.878,-69,NO_MOVEMENT,2
2026-09-08T11:22:36.179,12.474,23.674,37.878,-69,NO_MOVEMENT,2
2026-09-08T11:22:36.852,12.474,23.674,37.878,-69,NO_MOVEMENT,2
2026-09-08T11:22:37.419,12.474,23.674,37.878,-69,NO_MOVEMENT,2
2026-09-08T11:22:37.921,12.474,23.674,37.878,-69,NO_MOVEMENT,2
2026-09-08T11:22:38.550,12.474,23.674,37.878,-69,NO_MOVEMENT,2
2026-09-08T11:25:50.504,7.337,5.214,9.126,-70,NO_MOVEMENT,0
2026-09-08T11:25:51.014,6.382,5.214,9.126,-68,NO_MOVEMENT,0
2026-09-08T11:25:51.593,6.382,5.214,9.126,-68,NO_MOVEMENT,0
2026-09-08T11:25:52.197,6.350,5.214,9.126,-68,NO_MOVEMENT,0
2026-09-08T11:25:52.778,5.936,5.214,9.126,-70,NO_MOVEMENT,0
2026-09-08T11:25:53.362,5.246,5.214,9.126,-67,NO_MOVEMENT,0
2026-09-08T11:25:53.942,5.992,5.214,9.126,-69,NO_MOVEMENT,0
2026-09-08T11:25:54.527,6.360,5.214,9.126,-70,NO_MOVEMENT,0
2026-09-08T11:25:55.101,5.629,5.214,9.126,-70,NO_MOVEMENT,0
2026-09-08T11:25:55.692,4.967,5.214,9.126,-70,NO_MOVEMENT,0
2026-09-08T11:25:56.285,5.474,5.214,9.126,-68,NO_MOVEMENT,0
2026-09-08T11:25:56.915,5.598,5.214,9.126,-68,NO_MOVEMENT,0
2026-09-08T11:25:57.434,5.754,5.214,9.126,-68,NO_MOVEMENT,0
2026-09-08T11:25:57.953,4.840,5.214,9.126,-68,NO_MOVEMENT,0
2026-09-08T11:25:58.540,4.754,5.214,9.126,-68,NO_MOVEMENT,0
2026-09-08T11:25:59.128,4.654,5.214,9.126,-68,NO_MOVEMENT,0
2026-09-08T11:25:59.712,5.660,5.214,9.126,-70,NO_MOVEMENT,0
2026-09-08T11:26:00.352,5.656,5.214,9.126,-70,NO_MOVEMENT,0
2026-09-08T11:26:00.880,5.456,5.214,9.126,-68,NO_MOVEMENT,0
2026-09-08T11:26:01.421,5.548,5.214,9.126,-68,NO_MOVEMENT,0
2026-09-08T11:26:02.011,4.652,5.214,9.126,-68,NO_MOVEMENT,0
2026-09-08T11:26:02.542,4.652,5.214,9.126,-68,NO_MOVEMENT,0
2026-09-08T11:26:03.143,4.871,5.214,9.126,-68,NO_MOVEMENT,0
2026-09-08T11:26:03.657,3.928,5.214,9.126,-68,NO_MOVEMENT,0
2026-09-08T11:26:04.178,4.823,5.214,9.126,-69,NO_MOVEMENT,0
2026-09-08T11:26:04.763,5.228,5.214,9.126,-69,NO_MOVEMENT,0
2026-09-08T11:26:05.349,5.742,5.214,9.126,-69,NO_MOVEMENT,0
2026-09-08T11:26:05.924,6.134,5.214,9.126,-69,NO_MOVEMENT,0
2026-09-08T11:26:06.499,7.161,5.214,9.126,-68,NO_MOVEMENT,0
2026-09-08T11:26:07.089,6.782,5.214,9.126,-67,NO_MOVEMENT,0
2026-09-08T11:26:07.678,6.680,5.214,9.126,-66,NO_MOVEMENT,0
2026-09-08T11:26:08.255,6.545,5.214,9.126,-66,NO_MOVEMENT,0
2026-09-08T11:26:08.858,3.820,5.214,9.126,-67,NO_MOVEMENT,0
2026-09-08T11:26:09.439,3.820,5.214,9.126,-67,NO_MOVEMENT,0
2026-09-08T11:26:10.029,3.577,5.214,9.126,-66,NO_MOVEMENT,0
2026-09-08T11:26:10.616,3.841,5.214,9.126,-67,NO_MOVEMENT,0
2026-09-08T11:26:11.130,3.757,5.214,9.126,-67,NO_MOVEMENT,0
2026-09-08T11:26:11.743,3.757,5.214,9.126,-67,NO_MOVEMENT,0
2026-09-08T11:26:12.376,3.579,5.214,9.126,-67,NO_MOVEMENT,0
2026-09-08T11:26:12.891,3.570,5.214,9.126,-65,NO_MOVEMENT,0
2026-09-08T11:26:13.507,3.796,5.214,9.126,-68,NO_MOVEMENT,0
2026-09-08T11:26:14.039,3.724,5.214,9.126,-67,NO_MOVEMENT,0
2026-09-08T11:26:14.650,3.575,5.214,9.126,-67,NO_MOVEMENT,0
2026-09-08T11:26:15.154,3.685,5.214,9.126,-66,NO_MOVEMENT,0
2026-09-08T11:26:15.737,4.429,5.214,9.126,-67,NO_MOVEMENT,0
2026-09-08T11:26:16.302,4.832,5.214,9.126,-66,NO_MOVEMENT,0
2026-09-08T11:26:16.873,4.853,5.214,9.126,-66,NO_MOVEMENT,0
2026-09-08T11:26:17.445,4.616,5.214,9.126,-66,NO_MOVEMENT,0
2026-09-08T11:26:18.009,4.145,5.214,9.126,-66,NO_MOVEMENT,0
2026-09-08T11:26:18.584,3.448,5.214,9.126,-66,NO_MOVEMENT,0
2026-09-08T11:26:19.155,3.617,5.214,9.126,-65,NO_MOVEMENT,0
2026-09-08T11:26:19.718,3.539,5.214,9.126,-66,NO_MOVEMENT,0
2026-09-08T11:26:20.294,3.573,5.214,9.126,-66,NO_MOVEMENT,0
2026-09-08T11:26:20.878,3.553,5.214,9.126,-66,NO_MOVEMENT,0
2026-09-08T11:26:21.448,3.786,5.214,9.126,-66,NO_MOVEMENT,0
2026-09-08T11:26:22.034,3.603,5.214,9.126,-65,NO_MOVEMENT,0
2026-09-08T11:26:22.622,3.476,5.214,9.126,-66,NO_MOVEMENT,0
2026-09-08T11:26:23.219,3.526,5.214,9.126,-65,NO_MOVEMENT,0
2026-09-08T11:26:23.797,3.384,5.214,9.126,-65,NO_MOVEMENT,0
2026-09-08T11:26:24.386,3.957,5.214,9.126,-66,NO_MOVEMENT,0
2026-09-08T11:26:24.962,4.982,5.214,9.126,-66,NO_MOVEMENT,0
2026-09-08T11:26:25.537,5.207,5.214,9.126,-66,NO_MOVEMENT,0
2026-09-08T11:26:26.097,5.169,5.214,9.126,-66,NO_MOVEMENT,0
2026-09-08T11:26:26.662,5.205,5.214,9.126,-66,NO_MOVEMENT,0
2026-09-08T11:26:27.275,4.968,5.214,9.126,-65,NO_MOVEMENT,0
2026-09-08T11:26:27.851,4.078,5.214,9.126,-66,NO_MOVEMENT,0
2026-09-08T11:26:28.433,3.713,5.214,9.126,-66,NO_MOVEMENT,0
2026-09-08T11:26:29.011,4.071,5.214,9.126,-67,NO_MOVEMENT,0
2026-09-08T11:26:29.599,3.979,5.214,9.126,-68,NO_MOVEMENT,0
2026-09-08T11:26:30.157,3.977,5.214,9.126,-66,NO_MOVEMENT,0
2026-09-08T11:26:30.739,4.696,5.214,9.126,-67,NO_MOVEMENT,0
2026-09-08T11:26:31.341,4.267,5.214,9.126,-66,NO_MOVEMENT,0
2026-09-08T11:26:31.925,4.148,5.214,9.126,-66,NO_MOVEMENT,0
2026-09-08T11:26:32.521,3.712,5.214,9.126,-68,NO_MOVEMENT,0
2026-09-08T11:26:33.094,3.425,5.214,9.126,-65,NO_MOVEMENT,0
2026-09-08T11:26:33.683,2.850,5.214,9.126,-66,NO_MOVEMENT,0
2026-09-08T11:26:34.270,2.873,5.214,9.126,-66,NO_MOVEMENT,0
2026-09-08T11:26:34.878,2.872,5.214,9.126,-65,NO_MOVEMENT,0
2026-09-08T11:26:35.456,3.120,5.214,9.126,-67,NO_MOVEMENT,0
2026-09-08T11:26:36.033,3.509,5.214,9.126,-66,NO_MOVEMENT,0
2026-09-08T11:26:36.630,3.407,5.214,9.126,-65,NO_MOVEMENT,0
2026-09-08T11:26:37.220,3.475,5.214,9.126,-65,NO_MOVEMENT,0
2026-09-08T11:26:37.790,3.944,5.214,9.126,-67,NO_MOVEMENT,0
2026-09-08T11:26:38.367,3.801,5.214,9.126,-66,NO_MOVEMENT,0
2026-09-08T11:26:38.951,3.648,5.214,9.126,-66,NO_MOVEMENT,0
2026-09-08T11:26:39.547,2.801,5.214,9.126,-66,NO_MOVEMENT,0
2026-09-08T11:26:40.157,3.026,5.214,9.126,-66,NO_MOVEMENT,0
2026-09-08T11:26:40.659,3.028,5.214,9.126,-66,NO_MOVEMENT,0
2026-09-08T11:26:41.167,3.013,5.214,9.126,-67,NO_MOVEMENT,0
2026-09-08T11:26:41.675,3.088,5.214,9.126,-66,NO_MOVEMENT,0
2026-09-08T11:26:42.205,3.167,5.214,9.126,-67,NO_MOVEMENT,0
2026-09-08T11:26:42.754,3.090,5.214,9.126,-67,NO_MOVEMENT,0
2026-09-08T11:26:43.260,3.696,5.214,9.126,-67,NO_MOVEMENT,0
2026-09-08T11:26:43.788,3.875,5.214,9.126,-67,NO_MOVEMENT,0
2026-09-08T11:26:44.316,3.950,5.214,9.126,-66,NO_MOVEMENT,0
2026-09-08T11:26:44.946,4.004,5.214,9.126,-66,NO_MOVEMENT,0
2026-09-08T11:26:45.471,3.970,5.214,9.126,-66,NO_MOVEMENT,0
2026-09-08T11:26:45.991,3.549,5.214,9.126,-66,NO_MOVEMENT,0
2026-09-08T11:26:47.024,3.124,5.214,9.126,-66,NO_MOVEMENT,0
2026-09-08T11:26:47.650,2.973,5.214,9.126,-66,NO_MOVEMENT,0
2026-09-08T11:26:48.163,3.083,5.214,9.126,-69,NO_MOVEMENT,0
2026-09-08T11:26:48.760,3.452,5.214,9.126,-68,NO_MOVEMENT,0
2026-09-08T11:26:49.326,4.407,5.214,9.126,-68,NO_MOVEMENT,0
2026-09-08T11:26:49.904,5.353,5.214,9.126,-67,NO_MOVEMENT,0
2026-09-08T11:26:50.477,5.758,5.214,9.126,-66,NO_MOVEMENT,0
2026-09-08T11:26:51.070,5.382,5.214,9.126,-66,NO_MOVEMENT,0
2026-09-08T11:26:51.647,5.886,5.214,9.126,-66,NO_MOVEMENT,0
2026-09-08T11:26:52.234,6.414,5.214,9.126,-64,NO_MOVEMENT,0
2026-09-08T11:26:52.823,6.064,5.214,9.126,-67,NO_MOVEMENT,0
2026-09-08T11:26:53.398,7.130,5.214,9.126,-72,NO_MOVEMENT,0
2026-09-08T11:26:54.008,6.662,5.214,9.126,-70,NO_MOVEMENT,0
2026-09-08T11:26:54.524,6.670,5.214,9.126,-69,NO_MOVEMENT,0
2026-09-08T11:26:55.109,5.847,5.214,9.126,-64,NO_MOVEMENT,0
2026-09-08T11:26:55.713,4.139,5.214,9.126,-64,NO_MOVEMENT,0
2026-09-08T11:26:56.216,3.571,5.214,9.126,-64,NO_MOVEMENT,0
2026-09-08T11:26:56.802,3.812,5.214,9.126,-65,NO_MOVEMENT,0
2026-09-08T11:26:57.412,3.694,5.214,9.126,-66,NO_MOVEMENT,0
2026-09-08T11:26:58.034,3.577,5.214,9.126,-65,NO_MOVEMENT,0
2026-09-08T11:26:58.632,3.303,5.214,9.126,-65,NO_MOVEMENT,0
2026-09-08T11:26:59.213,3.095,5.214,9.126,-66,NO_MOVEMENT,0
2026-09-08T11:26:59.796,3.243,5.214,9.126,-66,NO_MOVEMENT,0
2026-09-08T11:27:00.319,4.185,5.214,9.126,-66,NO_MOVEMENT,0
2026-09-08T11:27:00.919,4.240,5.214,9.126,-68,NO_MOVEMENT,0
2026-09-08T11:27:01.467,5.458,5.214,9.126,-68,NO_MOVEMENT,0
2026-09-08T11:27:02.053,5.607,5.214,9.126,-68,NO_MOVEMENT,0
2026-09-08T11:27:02.631,5.629,5.214,9.126,-68,NO_MOVEMENT,0
2026-09-08T11:27:03.219,5.493,5.214,9.126,-68,NO_MOVEMENT,0
2026-09-08T11:27:03.817,6.710,5.214,9.126,-68,NO_MOVEMENT,0
2026-09-08T11:27:04.407,6.588,5.214,9.126,-68,NO_MOVEMENT,0
2026-09-08T11:27:05.000,6.550,5.214,9.126,-67,NO_MOVEMENT,0
2026-09-08T11:27:05.574,6.692,5.214,9.126,-66,NO_MOVEMENT,0
2026-09-08T11:27:06.180,3.555,5.214,9.126,-67,NO_MOVEMENT,0
2026-09-08T11:27:06.758,5.124,5.214,9.126,-72,NO_MOVEMENT,0
2026-09-08T11:27:07.267,15.874,5.214,9.126,-72,MOVEMENT,1
2026-09-08T11:27:07.879,15.733,5.214,9.126,-67,MOVEMENT,1
2026-09-08T11:27:08.494,15.733,5.214,9.126,-67,MOVEMENT,1
2026-09-08T11:27:09.000,16.263,5.214,9.126,-67,MOVEMENT,1
2026-09-08T11:27:09.536,10.648,5.214,9.126,-66,MOVEMENT,1
2026-09-08T11:27:10.047,5.887,5.214,9.126,-65,RECENT_MOVEMENT,1
2026-09-08T11:27:10.552,4.099,5.214,9.126,-66,RECENT_MOVEMENT,1
2026-09-08T11:27:11.187,3.474,5.214,9.126,-66,RECENT_MOVEMENT,1
2026-09-08T11:27:11.808,3.163,5.214,9.126,-67,RECENT_MOVEMENT,1
2026-09-08T11:27:12.310,3.434,5.214,9.126,-65,RECENT_MOVEMENT,1
2026-09-08T11:27:12.856,3.342,5.214,9.126,-66,RECENT_MOVEMENT,1
2026-09-08T11:27:13.389,3.419,5.214,9.126,-66,RECENT_MOVEMENT,1
2026-09-08T11:27:13.908,4.380,5.214,9.126,-64,RECENT_MOVEMENT,1
2026-09-08T11:27:14.471,4.271,5.214,9.126,-65,RECENT_MOVEMENT,1
2026-09-08T11:27:15.085,4.271,5.214,9.126,-65,RECENT_MOVEMENT,1
2026-09-08T11:27:15.605,4.283,5.214,9.126,-67,NO_MOVEMENT,1
2026-09-08T11:27:16.108,3.806,5.214,9.126,-67,NO_MOVEMENT,1
2026-09-08T11:27:16.619,4.191,5.214,9.126,-65,NO_MOVEMENT,1
2026-09-08T11:27:17.225,4.097,5.214,9.126,-67,NO_MOVEMENT,1
2026-09-08T11:27:17.727,5.069,5.214,9.126,-77,NO_MOVEMENT,1
2026-09-08T11:27:18.239,6.868,5.214,9.126,-73,NO_MOVEMENT,1
2026-09-08T11:27:18.743,7.374,5.214,9.126,-68,NO_MOVEMENT,1
2026-09-08T11:27:19.365,7.374,5.214,9.126,-68,NO_MOVEMENT,1
2026-09-08T11:27:19.908,6.487,5.214,9.126,-69,NO_MOVEMENT,1
2026-09-08T11:27:20.425,5.945,5.214,9.126,-68,NO_MOVEMENT,1
2026-09-08T11:27:21.047,5.376,5.214,9.126,-64,NO_MOVEMENT,1
2026-09-08T11:27:21.571,4.602,5.214,9.126,-64,NO_MOVEMENT,1
2026-09-08T11:27:22.194,4.469,5.214,9.126,-65,NO_MOVEMENT,1
2026-09-08T11:27:22.760,4.470,5.214,9.126,-64,NO_MOVEMENT,1
2026-09-08T11:27:23.287,4.393,5.214,9.126,-65,NO_MOVEMENT,1
2026-09-08T11:27:23.855,3.647,5.214,9.126,-65,NO_MOVEMENT,1
2026-09-08T11:27:24.357,3.779,5.214,9.126,-66,NO_MOVEMENT,1
2026-09-08T11:27:24.863,3.594,5.214,9.126,-66,NO_MOVEMENT,1
2026-09-08T11:27:25.486,3.524,5.214,9.126,-66,NO_MOVEMENT,1
2026-09-08T11:27:26.101,3.426,5.214,9.126,-66,NO_MOVEMENT,1
2026-09-08T11:27:26.711,3.464,5.214,9.126,-65,NO_MOVEMENT,1
2026-09-08T11:27:27.215,3.978,5.214,9.126,-66,NO_MOVEMENT,1
2026-09-08T11:27:27.744,4.140,5.214,9.126,-68,NO_MOVEMENT,1
2026-09-08T11:27:28.251,4.222,5.214,9.126,-67,NO_MOVEMENT,1
2026-09-08T11:27:28.753,4.240,5.214,9.126,-68,NO_MOVEMENT,1
2026-09-08T11:27:29.259,4.941,5.214,9.126,-67,NO_MOVEMENT,1
2026-09-08T11:27:29.761,5.367,5.214,9.126,-70,NO_MOVEMENT,1
2026-09-08T11:27:30.265,5.680,5.214,9.126,-65,NO_MOVEMENT,1
2026-09-08T11:27:30.792,5.928,5.214,9.126,-65,NO_MOVEMENT,1
2026-09-08T11:27:31.303,6.409,5.214,9.126,-65,NO_MOVEMENT,1
2026-09-08T11:27:31.807,4.988,5.214,9.126,-66,NO_MOVEMENT,1
2026-09-08T11:27:32.429,4.142,5.214,9.126,-66,NO_MOVEMENT,1
2026-09-08T11:27:32.935,5.102,5.214,9.126,-67,NO_MOVEMENT,1
2026-09-08T11:27:33.450,5.772,5.214,9.126,-67,NO_MOVEMENT,1
2026-09-08T11:27:33.958,6.262,5.214,9.126,-66,NO_MOVEMENT,1
2026-09-08T11:27:34.572,6.262,5.214,9.126,-66,NO_MOVEMENT,1
2026-09-08T11:27:35.073,6.262,5.214,9.126,-66,NO_MOVEMENT,1
2026-09-08T11:27:35.693,5.361,5.214,9.126,-66,NO_MOVEMENT,1
2026-09-08T11:27:36.306,5.546,5.214,9.126,-66,NO_MOVEMENT,1
2026-09-08T11:27:36.809,4.750,5.214,9.126,-67,NO_MOVEMENT,1
2026-09-08T11:27:37.430,3.763,5.214,9.126,-67,NO_MOVEMENT,1
2026-09-08T11:27:38.053,6.540,5.214,9.126,-67,NO_MOVEMENT,1
2026-09-08T11:27:38.676,6.589,5.214,9.126,-67,NO_MOVEMENT,1
2026-09-08T11:27:39.182,6.145,5.214,9.126,-68,NO_MOVEMENT,1
2026-09-08T11:27:39.800,7.563,5.214,9.126,-67,NO_MOVEMENT,1
2026-09-08T11:27:40.325,7.407,5.214,9.126,-67,NO_MOVEMENT,1
2026-09-08T11:27:40.857,6.487,5.214,9.126,-66,NO_MOVEMENT,1
2026-09-08T11:27:41.388,5.452,5.214,9.126,-67,NO_MOVEMENT,1
2026-09-08T11:27:42.011,3.118,5.214,9.126,-67,NO_MOVEMENT,1
2026-09-08T11:27:42.624,3.101,5.214,9.126,-67,NO_MOVEMENT,1
2026-09-08T11:27:43.138,3.346,5.214,9.126,-66,NO_MOVEMENT,1
2026-09-08T11:27:43.737,3.224,5.214,9.126,-65,NO_MOVEMENT,1
2026-09-08T11:27:44.343,3.227,5.214,9.126,-66,NO_MOVEMENT,1
2026-09-08T11:27:44.932,3.226,5.214,9.126,-65,NO_MOVEMENT,1
2026-09-08T11:27:45.516,3.446,5.214,9.126,-65,NO_MOVEMENT,1
2026-09-08T11:27:46.116,3.791,5.214,9.126,-65,NO_MOVEMENT,1
2026-09-08T11:27:46.727,3.386,5.214,9.126,-64,NO_MOVEMENT,1
2026-09-08T11:27:47.244,3.636,5.214,9.126,-64,NO_MOVEMENT,1
2026-09-08T11:27:47.863,4.733,5.214,9.126,-66,NO_MOVEMENT,1
2026-09-08T11:27:48.382,5.521,5.214,9.126,-67,NO_MOVEMENT,1
2026-09-08T11:27:48.882,5.242,5.214,9.126,-67,NO_MOVEMENT,1
2026-09-08T11:27:49.482,5.029,5.214,9.126,-67,NO_MOVEMENT,1
2026-09-08T11:27:50.079,4.002,5.214,9.126,-67,NO_MOVEMENT,1
2026-09-08T11:27:50.674,5.073,5.214,9.126,-69,NO_MOVEMENT,1
2026-09-08T11:27:51.279,10.325,5.214,9.126,-69,MOVEMENT,2
2026-09-08T11:27:51.885,9.774,5.214,9.126,-70,MOVEMENT,2
2026-09-08T11:27:52.496,10.410,5.214,9.126,-67,MOVEMENT,2
2026-09-08T11:27:53.111,10.081,5.214,9.126,-68,MOVEMENT,2
2026-09-08T11:27:53.726,9.507,5.214,9.126,-68,MOVEMENT,2
2026-09-08T11:27:54.330,8.233,5.214,9.126,-67,RECENT_MOVEMENT,2
2026-09-08T11:27:54.949,5.564,5.214,9.126,-67,RECENT_MOVEMENT,2
2026-09-08T11:27:55.553,4.928,5.214,9.126,-68,RECENT_MOVEMENT,2
2026-09-08T11:27:56.168,4.915,5.214,9.126,-69,RECENT_MOVEMENT,2
2026-09-08T11:27:56.771,5.214,5.214,9.126,-69,RECENT_MOVEMENT,2
2026-09-08T11:27:57.369,5.501,5.214,9.126,-68,RECENT_MOVEMENT,2
2026-09-08T11:27:57.978,6.139,5.214,9.126,-69,RECENT_MOVEMENT,2
2026-09-08T11:27:58.598,6.296,5.214,9.126,-68,NO_MOVEMENT,2
2026-09-08T11:27:59.200,6.088,5.214,9.126,-68,NO_MOVEMENT,2
2026-09-08T11:27:59.818,4.765,5.214,9.126,-69,NO_MOVEMENT,2
2026-09-08T11:28:00.326,4.656,5.214,9.126,-68,NO_MOVEMENT,2
2026-09-08T11:28:00.949,4.028,5.214,9.126,-69,NO_MOVEMENT,2
2026-09-08T11:28:01.489,3.854,5.214,9.126,-68,NO_MOVEMENT,2
2026-09-08T11:28:02.089,4.619,5.214,9.126,-70,NO_MOVEMENT,2
2026-09-08T11:28:02.595,4.939,5.214,9.126,-68,NO_MOVEMENT,2
2026-09-08T11:28:03.194,5.225,5.214,9.126,-67,NO_MOVEMENT,2
2026-09-08T11:28:03.804,5.442,5.214,9.126,-66,NO_MOVEMENT,2
2026-09-08T11:28:04.416,7.906,5.214,9.126,-67,NO_MOVEMENT,2
2026-09-08T11:28:05.016,7.904,5.214,9.126,-67,NO_MOVEMENT,2
2026-09-08T11:28:05.628,6.757,5.214,9.126,-67,NO_MOVEMENT,2
2026-09-08T11:28:06.210,6.757,5.214,9.126,-67,NO_MOVEMENT,2
2026-09-08T11:28:06.825,6.709,5.214,9.126,-66,NO_MOVEMENT,2
2026-09-08T11:28:07.421,4.718,5.214,9.126,-66,NO_MOVEMENT,2
2026-09-08T11:28:08.021,4.909,5.214,9.126,-70,NO_MOVEMENT,2
2026-09-08T11:28:08.620,5.908,5.214,9.126,-69,NO_MOVEMENT,2
2026-09-08T11:28:09.235,12.733,5.214,9.126,-68,MOVEMENT,3
2026-09-08T11:28:09.853,13.229,5.214,9.126,-70,MOVEMENT,3
2026-09-08T11:28:10.357,13.327,5.214,9.126,-69,MOVEMENT,3
2026-09-08T11:28:10.966,13.327,5.214,9.126,-69,MOVEMENT,3
2026-09-08T11:28:11.470,13.340,5.214,9.126,-69,MOVEMENT,3
2026-09-08T11:28:12.082,13.340,5.214,9.126,-69,MOVEMENT,3
2026-09-08T11:28:12.709,6.094,5.214,9.126,-67,RECENT_MOVEMENT,3
2026-09-08T11:28:13.350,5.930,5.214,9.126,-68,RECENT_MOVEMENT,3
2026-09-08T11:28:13.868,5.445,5.214,9.126,-69,RECENT_MOVEMENT,3
2026-09-08T11:28:14.386,5.445,5.214,9.126,-69,RECENT_MOVEMENT,3
2026-09-08T11:28:15.001,4.932,5.214,9.126,-69,RECENT_MOVEMENT,3
2026-09-08T11:28:15.519,4.811,5.214,9.126,-70,RECENT_MOVEMENT,3
2026-09-08T11:28:16.033,4.907,5.214,9.126,-68,RECENT_MOVEMENT,3
2026-09-08T11:28:16.538,4.999,5.214,9.126,-67,RECENT_MOVEMENT,3
2026-09-08T11:28:17.039,5.301,5.214,9.126,-67,RECENT_MOVEMENT,3
2026-09-08T11:28:17.549,4.555,5.214,9.126,-67,RECENT_MOVEMENT,3
2026-09-08T11:28:18.053,4.281,5.214,9.126,-66,NO_MOVEMENT,3
2026-09-08T11:28:18.666,4.957,5.214,9.126,-69,NO_MOVEMENT,3
2026-09-08T11:28:19.295,5.518,5.214,9.126,-69,NO_MOVEMENT,3
2026-09-08T11:28:19.812,5.121,5.214,9.126,-68,NO_MOVEMENT,3
2026-09-08T11:28:20.325,6.874,5.214,9.126,-70,NO_MOVEMENT,3
2026-09-08T11:28:20.833,6.765,5.214,9.126,-69,NO_MOVEMENT,3
2026-09-08T11:28:21.380,6.935,5.214,9.126,-66,NO_MOVEMENT,3
2026-09-08T11:28:21.995,6.935,5.214,9.126,-66,NO_MOVEMENT,3
2026-09-08T11:28:22.507,6.591,5.214,9.126,-68,NO_MOVEMENT,3
2026-09-08T11:28:23.121,6.868,5.214,9.126,-68,NO_MOVEMENT,3
2026-09-08T11:28:23.622,5.731,5.214,9.126,-67,NO_MOVEMENT,3
2026-09-08T11:28:24.255,6.064,5.214,9.126,-68,NO_MOVEMENT,3
2026-09-08T11:28:24.876,5.912,5.214,9.126,-70,NO_MOVEMENT,3
2026-09-08T11:28:25.491,5.912,5.214,9.126,-70,NO_MOVEMENT,3
2026-09-08T11:28:25.992,5.405,5.214,9.126,-68,NO_MOVEMENT,3
2026-09-08T11:28:26.614,5.133,5.214,9.126,-69,NO_MOVEMENT,3
2026-09-08T11:28:27.226,5.025,5.214,9.126,-69,NO_MOVEMENT,3
2026-09-08T11:28:27.728,4.843,5.214,9.126,-69,NO_MOVEMENT,3
2026-09-08T11:28:28.231,4.288,5.214,9.126,-68,NO_MOVEMENT,3
2026-09-08T11:28:28.851,4.640,5.214,9.126,-67,NO_MOVEMENT,3
2026-09-08T11:28:29.473,4.640,5.214,9.126,-67,NO_MOVEMENT,3
2026-09-08T11:28:30.096,4.556,5.214,9.126,-67,NO_MOVEMENT,3
2026-09-08T11:28:30.599,4.425,5.214,9.126,-66,NO_MOVEMENT,3
2026-09-08T11:28:31.218,5.065,5.214,9.126,-66,NO_MOVEMENT,3
2026-09-08T11:28:31.718,5.065,5.214,9.126,-66,NO_MOVEMENT,3
2026-09-08T11:28:32.345,5.003,5.214,9.126,-69,NO_MOVEMENT,3
2026-09-08T11:28:32.953,4.982,5.214,9.126,-70,NO_MOVEMENT,3
2026-09-08T11:28:33.459,5.874,5.214,9.126,-72,NO_MOVEMENT,3
2026-09-08T11:28:34.031,5.693,5.214,9.126,-70,NO_MOVEMENT,3
2026-09-08T11:28:34.578,5.249,5.214,9.126,-68,NO_MOVEMENT,3
2026-09-08T11:28:35.122,5.210,5.214,9.126,-68,NO_MOVEMENT,3
2026-09-08T11:28:35.734,4.757,5.214,9.126,-67,NO_MOVEMENT,3
2026-09-08T11:28:36.235,4.719,5.214,9.126,-67,NO_MOVEMENT,3
2026-09-08T11:28:36.848,4.432,5.214,9.126,-65,NO_MOVEMENT,3
2026-09-08T11:28:37.467,4.162,5.214,9.126,-66,NO_MOVEMENT,3
2026-09-08T11:28:37.974,3.219,5.214,9.126,-66,NO_MOVEMENT,3
2026-09-08T11:28:38.593,5.539,5.214,9.126,-67,NO_MOVEMENT,3
2026-09-08T11:28:39.097,5.814,5.214,9.126,-69,NO_MOVEMENT,3
2026-09-08T11:28:39.710,6.293,5.214,9.126,-66,NO_MOVEMENT,3
2026-09-08T11:28:40.329,6.177,5.214,9.126,-66,NO_MOVEMENT,3
2026-09-08T11:28:40.831,5.982,5.214,9.126,-64,NO_MOVEMENT,3
2026-09-08T11:28:41.438,5.840,5.214,9.126,-63,NO_MOVEMENT,3
2026-09-08T11:28:42.055,6.142,5.214,9.126,-67,NO_MOVEMENT,3
2026-09-08T11:28:42.556,5.521,5.214,9.126,-66,NO_MOVEMENT,3
2026-09-08T11:28:43.166,5.592,5.214,9.126,-68,NO_MOVEMENT,3
2026-09-08T11:28:43.678,4.749,5.214,9.126,-67,NO_MOVEMENT,3
2026-09-08T11:28:44.184,4.077,5.214,9.126,-66,NO_MOVEMENT,3
2026-09-08T11:28:44.819,5.068,5.214,9.126,-65,NO_MOVEMENT,3
2026-09-08T11:28:45.331,5.186,5.214,9.126,-66,NO_MOVEMENT,3
2026-09-08T11:28:45.885,5.446,5.214,9.126,-66,NO_MOVEMENT,3
2026-09-08T11:28:46.505,5.779,5.214,9.126,-65,NO_MOVEMENT,3
2026-09-08T11:28:47.031,6.589,5.214,9.126,-64,NO_MOVEMENT,3
2026-09-08T11:28:47.636,6.589,5.214,9.126,-64,NO_MOVEMENT,3
2026-09-08T11:28:48.249,6.827,5.214,9.126,-64,NO_MOVEMENT,3
2026-09-08T11:28:48.839,4.175,5.214,9.126,-63,NO_MOVEMENT,3
2026-09-08T11:28:49.432,4.193,5.214,9.126,-63,NO_MOVEMENT,3
2026-09-08T11:28:50.051,3.328,5.214,9.126,-65,NO_MOVEMENT,3
2026-09-08T11:28:50.661,3.783,5.214,9.126,-65,NO_MOVEMENT,3
2026-09-08T11:28:51.279,4.120,5.214,9.126,-65,NO_MOVEMENT,3
2026-09-08T11:28:51.786,3.895,5.214,9.126,-65,NO_MOVEMENT,3
2026-09-08T11:28:52.408,3.987,5.214,9.126,-65,NO_MOVEMENT,3
2026-09-08T11:28:53.034,4.059,5.214,9.126,-70,NO_MOVEMENT,3
2026-09-08T11:28:53.538,7.951,5.214,9.126,-72,NO_MOVEMENT,3
2026-09-08T11:28:54.040,7.939,5.214,9.126,-71,NO_MOVEMENT,3
2026-09-08T11:28:54.654,7.713,5.214,9.126,-67,NO_MOVEMENT,3
2026-09-08T11:28:55.271,7.340,5.214,9.126,-65,NO_MOVEMENT,3
2026-09-08T11:28:55.886,7.340,5.214,9.126,-65,NO_MOVEMENT,3
2026-09-08T11:28:56.488,7.340,5.214,9.126,-65,NO_MOVEMENT,3
2026-09-08T11:28:57.095,7.340,5.214,9.126,-65,NO_MOVEMENT,3
2026-09-08T11:28:57.632,5.854,5.214,9.126,-66,NO_MOVEMENT,3
2026-09-08T11:28:58.133,4.900,5.214,9.126,-66,NO_MOVEMENT,3
2026-09-08T11:28:58.750,4.442,5.214,9.126,-67,NO_MOVEMENT,3
2026-09-08T11:28:59.375,4.167,5.214,9.126,-67,NO_MOVEMENT,3
2026-09-08T11:28:59.986,4.087,5.214,9.126,-66,NO_MOVEMENT,3
2026-09-08T11:29:00.487,4.057,5.214,9.126,-66,NO_MOVEMENT,3
2026-09-08T11:29:01.161,3.755,5.214,9.126,-66,NO_MOVEMENT,3
2026-09-08T11:29:01.708,3.763,5.214,9.126,-67,NO_MOVEMENT,3
2026-09-08T11:29:02.208,3.572,5.214,9.126,-67,NO_MOVEMENT,3
2026-09-08T11:29:02.827,3.389,5.214,9.126,-65,NO_MOVEMENT,3
2026-09-08T11:29:03.338,3.094,5.214,9.126,-66,NO_MOVEMENT,3
2026-09-08T11:29:03.868,3.027,5.214,9.126,-67,NO_MOVEMENT,3
2026-09-08T11:29:04.467,3.188,5.214,9.126,-67,NO_MOVEMENT,3
2026-09-08T11:29:04.984,3.215,5.214,9.126,-66,NO_MOVEMENT,3
2026-09-08T11:29:05.487,4.553,5.214,9.126,-65,NO_MOVEMENT,3
2026-09-08T11:29:05.990,4.765,5.214,9.126,-67,NO_MOVEMENT,3
2026-09-08T11:29:06.598,5.320,5.214,9.126,-66,NO_MOVEMENT,3
2026-09-08T11:29:07.212,5.508,5.214,9.126,-66,NO_MOVEMENT,3
2026-09-08T11:29:07.826,5.508,5.214,9.126,-66,NO_MOVEMENT,3
2026-09-08T11:29:08.391,4.542,5.214,9.126,-67,NO_MOVEMENT,3
2026-09-08T11:29:08.901,4.674,5.214,9.126,-68,NO_MOVEMENT,3
2026-09-08T11:29:09.419,4.674,5.214,9.126,-68,NO_MOVEMENT,3
2026-09-08T11:29:09.922,5.900,5.214,9.126,-66,NO_MOVEMENT,3
2026-09-08T11:29:10.461,6.432,5.214,9.126,-68,NO_MOVEMENT,3
2026-09-08T11:29:11.079,8.739,5.214,9.126,-68,NO_MOVEMENT,3
2026-09-08T11:29:11.598,8.739,5.214,9.126,-68,NO_MOVEMENT,3
2026-09-08T11:29:12.210,8.731,5.214,9.126,-67,NO_MOVEMENT,3
2026-09-08T11:29:12.741,9.105,5.214,9.126,-67,RECENT_MOVEMENT,4
2026-09-08T11:29:13.249,8.123,5.214,9.126,-68,RECENT_MOVEMENT,4
2026-09-08T11:29:13.816,5.560,5.214,9.126,-67,RECENT_MOVEMENT,4
2026-09-08T11:29:14.326,5.053,5.214,9.126,-67,RECENT_MOVEMENT,4
2026-09-08T11:29:14.833,3.165,5.214,9.126,-67,RECENT_MOVEMENT,4
2026-09-08T11:29:15.338,7.098,5.214,9.126,-66,RECENT_MOVEMENT,4
2026-09-08T11:29:15.840,7.509,5.214,9.126,-69,RECENT_MOVEMENT,4
2026-09-08T11:29:16.472,7.780,5.214,9.126,-68,RECENT_MOVEMENT,4
2026-09-08T11:29:17.077,7.893,5.214,9.126,-71,RECENT_MOVEMENT,4
2026-09-08T11:29:17.693,7.583,5.214,9.126,-71,RECENT_MOVEMENT,4
2026-09-08T11:29:18.193,9.939,5.214,9.126,-69,MOVEMENT,5
2026-09-08T11:29:18.694,9.780,5.214,9.126,-73,MOVEMENT,5
2026-09-08T11:29:19.271,7.720,5.214,9.126,-70,RECENT_MOVEMENT,5
2026-09-08T11:29:19.779,8.122,5.214,9.126,-69,RECENT_MOVEMENT,5
2026-09-08T11:29:20.285,7.876,5.214,9.126,-69,RECENT_MOVEMENT,5
2026-09-08T11:29:20.907,6.974,5.214,9.126,-69,RECENT_MOVEMENT,5
2026-09-08T11:29:21.522,6.193,5.214,9.126,-68,RECENT_MOVEMENT,5
2026-09-08T11:29:22.023,5.295,5.214,9.126,-66,RECENT_MOVEMENT,5
2026-09-08T11:29:22.628,5.180,5.214,9.126,-67,RECENT_MOVEMENT,5
2026-09-08T11:29:23.251,5.237,5.214,9.126,-67,RECENT_MOVEMENT,5
2026-09-08T11:29:23.801,4.679,5.214,9.126,-65,NO_MOVEMENT,5
2026-09-08T11:29:24.359,4.254,5.214,9.126,-67,NO_MOVEMENT,5
2026-09-08T11:29:24.887,3.752,5.214,9.126,-65,NO_MOVEMENT,5
2026-09-08T11:29:25.431,3.444,5.214,9.126,-65,NO_MOVEMENT,5
2026-09-08T11:29:26.022,3.476,5.214,9.126,-66,NO_MOVEMENT,5
2026-09-08T11:29:26.557,3.473,5.214,9.126,-67,NO_MOVEMENT,5
2026-09-08T11:29:27.068,4.901,5.214,9.126,-68,NO_MOVEMENT,5
2026-09-08T11:29:27.686,5.110,5.214,9.126,-68,NO_MOVEMENT,5
2026-09-08T11:29:28.248,4.984,5.214,9.126,-67,NO_MOVEMENT,5
2026-09-08T11:29:28.763,5.391,5.214,9.126,-66,NO_MOVEMENT,5
2026-09-08T11:29:29.304,5.110,5.214,9.126,-67,NO_MOVEMENT,5
2026-09-08T11:29:29.813,5.110,5.214,9.126,-67,NO_MOVEMENT,5
2026-09-08T11:29:30.331,5.457,5.214,9.126,-69,NO_MOVEMENT,5
2026-09-08T11:29:30.832,5.146,5.214,9.126,-69,NO_MOVEMENT,5
2026-09-08T11:29:31.334,5.369,5.214,9.126,-69,NO_MOVEMENT,5
2026-09-08T11:29:31.954,6.512,5.214,9.126,-64,NO_MOVEMENT,5
2026-09-08T11:29:32.477,6.512,5.214,9.126,-64,NO_MOVEMENT,5
2026-09-08T11:29:32.991,6.342,5.214,9.126,-66,NO_MOVEMENT,5
2026-09-08T11:29:33.498,6.732,5.214,9.126,-65,NO_MOVEMENT,5
2026-09-08T11:29:34.047,6.980,5.214,9.126,-65,NO_MOVEMENT,5
2026-09-08T11:29:34.580,6.175,5.214,9.126,-66,NO_MOVEMENT,5
2026-09-08T11:29:35.097,4.536,5.214,9.126,-67,NO_MOVEMENT,5
2026-09-08T11:29:35.628,4.069,5.214,9.126,-66,NO_MOVEMENT,5
2026-09-08T11:29:36.185,4.202,5.214,9.126,-66,NO_MOVEMENT,5
2026-09-08T11:29:36.731,4.115,5.214,9.126,-65,NO_MOVEMENT,5
2026-09-08T11:29:37.318,4.845,5.214,9.126,-66,NO_MOVEMENT,5
2026-09-08T11:29:37.871,5.121,5.214,9.126,-66,NO_MOVEMENT,5
2026-09-08T11:29:38.377,5.342,5.214,9.126,-67,NO_MOVEMENT,5
2026-09-08T11:29:38.877,5.426,5.214,9.126,-68,NO_MOVEMENT,5
2026-09-08T11:29:39.500,5.051,5.214,9.126,-67,NO_MOVEMENT,5
2026-09-08T11:29:40.134,5.180,5.214,9.126,-66,NO_MOVEMENT,5
2026-09-08T11:29:40.662,5.007,5.214,9.126,-65,NO_MOVEMENT,5
2026-09-08T11:29:41.168,5.007,5.214,9.126,-65,NO_MOVEMENT,5
2026-09-08T11:29:41.677,4.932,5.214,9.126,-66,NO_MOVEMENT,5
2026-09-08T11:29:42.197,4.160,5.214,9.126,-66,NO_MOVEMENT,5
2026-09-08T11:29:42.707,4.200,5.214,9.126,-65,NO_MOVEMENT,5
2026-09-08T11:29:43.213,4.200,5.214,9.126,-65,NO_MOVEMENT,5
2026-09-08T11:29:43.761,4.647,5.214,9.126,-65,NO_MOVEMENT,5
2026-09-08T11:29:44.299,3.989,5.214,9.126,-66,NO_MOVEMENT,5
2026-09-08T11:29:44.867,3.635,5.214,9.126,-67,NO_MOVEMENT,5
2026-09-08T11:29:45.505,4.325,5.214,9.126,-68,NO_MOVEMENT,5
2026-09-08T11:29:46.034,3.497,5.214,9.126,-68,NO_MOVEMENT,5
2026-09-08T11:29:46.586,3.626,5.214,9.126,-68,NO_MOVEMENT,5
2026-09-08T11:29:47.091,3.208,5.214,9.126,-68,NO_MOVEMENT,5
2026-09-08T11:29:47.601,3.177,5.214,9.126,-68,NO_MOVEMENT,5
2026-09-08T11:29:48.117,3.156,5.214,9.126,-68,NO_MOVEMENT,5
2026-09-08T11:29:48.644,2.934,5.214,9.126,-68,NO_MOVEMENT,5
2026-09-08T11:29:49.255,3.065,5.214,9.126,-68,NO_MOVEMENT,5
2026-09-08T11:29:49.863,3.264,5.214,9.126,-68,NO_MOVEMENT,5
2026-09-08T11:29:50.478,3.616,5.214,9.126,-69,NO_MOVEMENT,5
2026-09-08T11:29:50.979,3.844,5.214,9.126,-67,NO_MOVEMENT,5
2026-09-08T11:29:51.591,3.844,5.214,9.126,-67,NO_MOVEMENT,5
2026-09-08T11:29:52.224,4.427,5.214,9.126,-68,NO_MOVEMENT,5
2026-09-08T11:29:52.847,5.217,5.214,9.126,-71,NO_MOVEMENT,5
2026-09-08T11:29:53.364,5.299,5.214,9.126,-67,NO_MOVEMENT,5
2026-09-08T11:29:53.876,5.279,5.214,9.126,-68,NO_MOVEMENT,5
2026-09-08T11:29:54.388,5.842,5.214,9.126,-68,NO_MOVEMENT,5
2026-09-08T11:29:54.905,5.137,5.214,9.126,-68,NO_MOVEMENT,5
2026-09-08T11:29:55.433,5.104,5.214,9.126,-72,NO_MOVEMENT,5
2026-09-08T11:29:55.941,8.720,5.214,9.126,-74,NO_MOVEMENT,5
2026-09-08T11:29:56.467,8.578,5.214,9.126,-70,RECENT_MOVEMENT,6
2026-09-08T11:29:57.093,9.020,5.214,9.126,-69,RECENT_MOVEMENT,6
2026-09-08T11:29:57.606,9.092,5.214,9.126,-69,RECENT_MOVEMENT,6
2026-09-08T11:29:58.137,8.585,5.214,9.126,-68,RECENT_MOVEMENT,6
2026-09-08T11:29:58.696,7.140,5.214,9.126,-68,RECENT_MOVEMENT,6
2026-09-08T11:29:59.240,5.299,5.214,9.126,-67,RECENT_MOVEMENT,6
2026-09-08T11:29:59.769,5.731,5.214,9.126,-67,RECENT_MOVEMENT,6
2026-09-08T11:30:00.475,6.069,5.214,9.126,-67,RECENT_MOVEMENT,6
2026-09-08T11:30:01.130,6.814,5.214,9.126,-69,RECENT_MOVEMENT,6
2026-09-08T11:30:01.713,5.707,5.214,9.126,-67,NO_MOVEMENT,6
2026-09-08T11:30:02.260,4.088,5.214,9.126,-68,NO_MOVEMENT,6
2026-09-08T11:30:02.784,3.815,5.214,9.126,-68,NO_MOVEMENT,6
2026-09-08T11:30:03.396,3.590,5.214,9.126,-69,NO_MOVEMENT,6
2026-09-08T11:30:03.988,3.427,5.214,9.126,-70,NO_MOVEMENT,6
2026-09-08T11:30:04.524,4.031,5.214,9.126,-70,NO_MOVEMENT,6
2026-09-08T11:30:05.089,4.294,5.214,9.126,-70,NO_MOVEMENT,6
2026-09-08T11:30:05.625,6.172,5.214,9.126,-69,NO_MOVEMENT,6
2026-09-08T11:30:06.141,6.421,5.214,9.126,-70,NO_MOVEMENT,6
2026-09-08T11:30:06.668,6.977,5.214,9.126,-68,NO_MOVEMENT,6
2026-09-08T11:30:07.170,6.799,5.214,9.126,-68,NO_MOVEMENT,6
2026-09-08T11:30:07.737,7.568,5.214,9.126,-70,NO_MOVEMENT,6
2026-09-08T11:30:08.396,7.603,5.214,9.126,-66,NO_MOVEMENT,6
2026-09-08T11:30:08.959,5.600,5.214,9.126,-65,NO_MOVEMENT,6
2026-09-08T11:30:09.553,5.759,5.214,9.126,-68,NO_MOVEMENT,6
2026-09-08T11:30:10.124,5.758,5.214,9.126,-67,NO_MOVEMENT,6
2026-09-08T11:30:10.650,7.434,5.214,9.126,-69,NO_MOVEMENT,6
2026-09-08T11:30:11.188,7.056,5.214,9.126,-68,NO_MOVEMENT,6
2026-09-08T11:30:11.758,6.787,5.214,9.126,-71,NO_MOVEMENT,6
2026-09-08T11:30:12.283,9.677,5.214,9.126,-72,NO_MOVEMENT,6
2026-09-08T11:30:12.823,9.216,5.214,9.126,-73,MOVEMENT,7
2026-09-08T11:30:13.420,11.292,5.214,9.126,-71,MOVEMENT,7
2026-09-08T11:30:13.977,11.115,5.214,9.126,-69,MOVEMENT,7
2026-09-08T11:30:14.611,8.404,5.214,9.126,-66,RECENT_MOVEMENT,7
2026-09-08T11:30:15.136,6.357,5.214,9.126,-66,RECENT_MOVEMENT,7
2026-09-08T11:30:15.699,6.450,5.214,9.126,-66,RECENT_MOVEMENT,7
2026-09-08T11:30:16.232,4.506,5.214,9.126,-67,RECENT_MOVEMENT,7
2026-09-08T11:30:16.804,4.254,5.214,9.126,-71,RECENT_MOVEMENT,7
2026-09-08T11:30:17.380,7.218,5.214,9.126,-68,RECENT_MOVEMENT,7
2026-09-08T11:30:17.958,6.547,5.214,9.126,-69,RECENT_MOVEMENT,7
2026-09-08T11:30:18.603,8.107,5.214,9.126,-69,RECENT_MOVEMENT,7
2026-09-08T11:30:19.202,8.119,5.214,9.126,-68,RECENT_MOVEMENT,7
2026-09-08T11:30:19.826,7.023,5.214,9.126,-69,NO_MOVEMENT,7
2026-09-08T11:30:20.404,7.043,5.214,9.126,-69,NO_MOVEMENT,7
2026-09-08T11:30:21.002,4.664,5.214,9.126,-69,NO_MOVEMENT,7
2026-09-08T11:30:21.601,4.271,5.214,9.126,-67,NO_MOVEMENT,7
2026-09-08T11:30:22.151,3.291,5.214,9.126,-67,NO_MOVEMENT,7
2026-09-08T11:30:22.699,3.238,5.214,9.126,-67,NO_MOVEMENT,7
2026-09-08T11:30:23.272,7.096,5.214,9.126,-69,NO_MOVEMENT,7
2026-09-08T11:30:23.822,7.445,5.214,9.126,-69,NO_MOVEMENT,7
2026-09-08T11:30:24.437,7.886,5.214,9.126,-67,NO_MOVEMENT,7
2026-09-08T11:30:24.938,8.910,5.214,9.126,-67,NO_MOVEMENT,7
2026-09-08T11:30:25.526,9.005,5.214,9.126,-68,NO_MOVEMENT,7
2026-09-08T11:30:26.088,7.020,5.214,9.126,-68,NO_MOVEMENT,7
2026-09-08T11:30:26.754,6.637,5.214,9.126,-67,NO_MOVEMENT,7
2026-09-08T11:30:27.374,5.405,5.214,9.126,-67,NO_MOVEMENT,7
2026-09-08T11:30:27.917,5.735,5.214,9.126,-67,NO_MOVEMENT,7
2026-09-08T11:30:28.455,4.043,5.214,9.126,-67,NO_MOVEMENT,7
2026-09-08T11:30:29.008,4.069,5.214,9.126,-66,NO_MOVEMENT,7
2026-09-08T11:30:29.570,3.616,5.214,9.126,-67,NO_MOVEMENT,7
2026-09-08T11:30:30.086,3.681,5.214,9.126,-67,NO_MOVEMENT,7
2026-09-08T11:30:30.667,3.058,5.214,9.126,-67,NO_MOVEMENT,7
2026-09-08T11:30:31.295,4.115,5.214,9.126,-68,NO_MOVEMENT,7
2026-09-08T11:30:31.901,4.563,5.214,9.126,-68,NO_MOVEMENT,7
2026-09-08T11:30:32.516,3.950,5.214,9.126,-67,NO_MOVEMENT,7
2026-09-08T11:30:33.086,4.196,5.214,9.126,-68,NO_MOVEMENT,7
2026-09-08T11:30:33.667,4.164,5.214,9.126,-68,NO_MOVEMENT,7
2026-09-08T11:30:34.237,5.399,5.214,9.126,-66,NO_MOVEMENT,7
2026-09-08T11:30:34.828,5.451,5.214,9.126,-67,NO_MOVEMENT,7
2026-09-08T11:30:35.461,5.115,5.214,9.126,-67,NO_MOVEMENT,7
2026-09-08T11:30:35.976,7.053,5.214,9.126,-66,NO_MOVEMENT,7
2026-09-08T11:30:36.561,6.261,5.214,9.126,-66,NO_MOVEMENT,7
2026-09-08T11:30:37.081,5.981,5.214,9.126,-67,NO_MOVEMENT,7
2026-09-08T11:30:37.707,5.978,5.214,9.126,-67,NO_MOVEMENT,7
2026-09-08T11:30:38.256,3.977,5.214,9.126,-67,NO_MOVEMENT,7
2026-09-08T11:30:38.843,5.415,5.214,9.126,-67,NO_MOVEMENT,7
2026-09-08T11:30:39.392,5.961,5.214,9.126,-69,NO_MOVEMENT,7
2026-09-08T11:30:39.961,7.417,5.214,9.126,-68,NO_MOVEMENT,7
2026-09-08T11:30:40.540,7.468,5.214,9.126,-65,NO_MOVEMENT,7
2026-09-08T11:30:41.122,6.537,5.214,9.126,-66,NO_MOVEMENT,7
2026-09-08T11:30:41.730,7.564,5.214,9.126,-66,NO_MOVEMENT,7
2026-09-08T11:30:42.307,5.405,5.214,9.126,-67,NO_MOVEMENT,7
2026-09-08T11:30:42.855,5.405,5.214,9.126,-67,NO_MOVEMENT,7
2026-09-08T11:30:43.421,6.419,5.214,9.126,-67,NO_MOVEMENT,7
2026-09-08T11:30:44.000,7.501,5.214,9.126,-69,NO_MOVEMENT,7
2026-09-08T11:30:44.586,7.876,5.214,9.126,-64,NO_MOVEMENT,7
2026-09-08T11:30:45.168,7.472,5.214,9.126,-65,NO_MOVEMENT,7
2026-09-08T11:30:45.726,9.829,5.214,9.126,-65,NO_MOVEMENT,7
2026-09-08T11:30:46.304,9.299,5.214,9.126,-65,MOVEMENT,8
2026-09-08T11:30:46.875,9.383,5.214,9.126,-64,MOVEMENT,8
2026-09-08T11:30:47.415,8.468,5.214,9.126,-65,RECENT_MOVEMENT,8
2026-09-08T11:30:48.041,5.405,5.214,9.126,-65,RECENT_MOVEMENT,8
2026-09-08T11:30:48.547,3.314,5.214,9.126,-65,RECENT_MOVEMENT,8
2026-09-08T11:30:49.210,2.694,5.214,9.126,-64,RECENT_MOVEMENT,8
2026-09-08T11:30:49.757,3.151,5.214,9.126,-64,RECENT_MOVEMENT,8
2026-09-08T11:30:50.266,3.128,5.214,9.126,-65,RECENT_MOVEMENT,8
2026-09-08T11:30:50.799,3.638,5.214,9.126,-66,RECENT_MOVEMENT,8
2026-09-08T11:30:51.358,5.276,5.214,9.126,-66,RECENT_MOVEMENT,8
2026-09-08T11:30:51.905,5.268,5.214,9.126,-64,NO_MOVEMENT,8
2026-09-08T11:30:52.451,6.170,5.214,9.126,-67,NO_MOVEMENT,8
2026-09-08T11:30:53.141,6.124,5.214,9.126,-67,NO_MOVEMENT,8
2026-09-08T11:30:53.722,8.662,5.214,9.126,-68,NO_MOVEMENT,8
2026-09-08T11:30:54.304,8.363,5.214,9.126,-66,NO_MOVEMENT,8
2026-09-08T11:30:54.841,7.168,5.214,9.126,-66,NO_MOVEMENT,8
2026-09-08T11:30:55.380,6.198,5.214,9.126,-65,NO_MOVEMENT,8
2026-09-08T11:30:55.942,6.927,5.214,9.126,-64,NO_MOVEMENT,8
2026-09-08T11:30:56.445,6.821,5.214,9.126,-66,NO_MOVEMENT,8
2026-09-08T11:30:57.136,8.767,5.214,9.126,-64,NO_MOVEMENT,8
2026-09-08T11:30:57.798,7.606,5.214,9.126,-65,NO_MOVEMENT,8
2026-09-08T11:30:58.416,7.458,5.214,9.126,-65,NO_MOVEMENT,8
2026-09-08T11:30:59.039,4.255,5.214,9.126,-66,NO_MOVEMENT,8
2026-09-08T11:30:59.693,4.942,5.214,9.126,-65,NO_MOVEMENT,8
2026-09-08T11:31:00.349,5.228,5.214,9.126,-66,NO_MOVEMENT,8
2026-09-08T11:31:01.230,4.402,5.214,9.126,-64,NO_MOVEMENT,8
2026-09-08T11:31:01.883,4.720,5.214,9.126,-66,NO_MOVEMENT,8
2026-09-08T11:31:02.511,5.073,5.214,9.126,-66,NO_MOVEMENT,8
2026-09-08T11:31:03.139,7.044,5.214,9.126,-67,NO_MOVEMENT,8
2026-09-08T11:31:03.792,5.408,5.214,9.126,-67,NO_MOVEMENT,8
2026-09-08T11:31:04.496,6.385,5.214,9.126,-69,NO_MOVEMENT,8
2026-09-08T11:31:05.155,7.393,5.214,9.126,-65,NO_MOVEMENT,8
2026-09-08T11:31:05.831,9.164,5.214,9.126,-65,RECENT_MOVEMENT,9
2026-09-08T11:31:06.412,9.233,5.214,9.126,-68,MOVEMENT,10
2026-09-08T11:31:07.484,4.705,5.214,9.126,-66,RECENT_MOVEMENT,10
2026-09-08T11:31:08.103,4.820,5.214,9.126,-68,RECENT_MOVEMENT,10
2026-09-08T11:31:08.627,4.731,5.214,9.126,-66,RECENT_MOVEMENT,10
2026-09-08T11:31:09.235,7.728,5.214,9.126,-72,RECENT_MOVEMENT,10
2026-09-08T11:31:09.767,8.606,5.214,9.126,-68,RECENT_MOVEMENT,10
2026-09-08T11:31:10.313,8.689,5.214,9.126,-67,RECENT_MOVEMENT,10
2026-09-08T11:31:10.836,8.708,5.214,9.126,-68,RECENT_MOVEMENT,10
2026-09-08T11:31:11.385,6.522,5.214,9.126,-66,RECENT_MOVEMENT,10
2026-09-08T11:31:11.958,4.422,5.214,9.126,-63,NO_MOVEMENT,10
2026-09-08T11:31:12.474,4.452,5.214,9.126,-66,NO_MOVEMENT,10
2026-09-08T11:31:12.986,4.266,5.214,9.126,-64,NO_MOVEMENT,10
2026-09-08T11:31:13.493,4.697,5.214,9.126,-66,NO_MOVEMENT,10
2026-09-08T11:31:14.113,4.735,5.214,9.126,-66,NO_MOVEMENT,10
2026-09-08T11:31:15.039,5.050,5.214,9.126,-67,NO_MOVEMENT,10
2026-09-08T11:31:15.913,5.187,5.214,9.126,-65,NO_MOVEMENT,10
2026-09-08T11:31:16.471,4.902,5.214,9.126,-65,NO_MOVEMENT,10
2026-09-08T11:31:16.993,4.642,5.214,9.126,-64,NO_MOVEMENT,10
2026-09-08T11:31:17.549,4.628,5.214,9.126,-64,NO_MOVEMENT,10
2026-09-08T11:31:18.127,5.643,5.214,9.126,-64,NO_MOVEMENT,10
2026-09-08T11:31:18.914,5.563,5.214,9.126,-64,NO_MOVEMENT,10
2026-09-08T11:31:19.590,3.093,5.214,9.126,-66,NO_MOVEMENT,10
2026-09-08T11:31:20.221,3.478,5.214,9.126,-65,NO_MOVEMENT,10
2026-09-08T11:31:20.913,7.752,5.214,9.126,-65,NO_MOVEMENT,10
2026-09-08T11:31:21.547,7.667,5.214,9.126,-66,NO_MOVEMENT,10
2026-09-08T11:31:22.197,6.291,5.214,9.126,-64,NO_MOVEMENT,10
2026-09-08T11:31:22.813,5.839,5.214,9.126,-65,NO_MOVEMENT,10
2026-09-08T11:31:23.430,4.244,5.214,9.126,-65,NO_MOVEMENT,10
2026-09-08T11:31:24.003,4.083,5.214,9.126,-65,NO_MOVEMENT,10
2026-09-08T11:31:24.615,3.582,5.214,9.126,-65,NO_MOVEMENT,10
2026-09-08T11:31:25.215,5.345,5.214,9.126,-65,NO_MOVEMENT,10
2026-09-08T11:31:25.835,5.954,5.214,9.126,-66,NO_MOVEMENT,10
2026-09-08T11:31:26.462,4.543,5.214,9.126,-66,NO_MOVEMENT,10
2026-09-08T11:31:27.082,4.600,5.214,9.126,-66,NO_MOVEMENT,10
2026-09-08T11:31:27.704,4.257,5.214,9.126,-65,NO_MOVEMENT,10
2026-09-08T11:31:28.459,3.791,5.214,9.126,-66,NO_MOVEMENT,10
2026-09-08T11:31:29.104,3.326,5.214,9.126,-66,NO_MOVEMENT,10
2026-09-08T11:31:29.721,3.350,5.214,9.126,-66,NO_MOVEMENT,10
2026-09-08T11:31:30.412,3.333,5.214,9.126,-66,NO_MOVEMENT,10
2026-09-08T11:31:31.159,3.480,5.214,9.126,-66,NO_MOVEMENT,10
2026-09-08T11:31:31.687,3.255,5.214,9.126,-66,NO_MOVEMENT,10
2026-09-08T11:31:32.338,2.970,5.214,9.126,-66,NO_MOVEMENT,10
2026-09-08T11:31:32.998,3.324,5.214,9.126,-65,NO_MOVEMENT,10
2026-09-08T11:31:33.656,3.812,5.214,9.126,-66,NO_MOVEMENT,10
2026-09-08T11:31:34.269,3.532,5.214,9.126,-67,NO_MOVEMENT,10
2026-09-08T11:31:34.884,3.812,5.214,9.126,-66,NO_MOVEMENT,10
2026-09-08T11:31:35.489,4.154,5.214,9.126,-65,NO_MOVEMENT,10
2026-09-08T11:31:36.126,4.788,5.214,9.126,-64,NO_MOVEMENT,10
2026-09-08T11:31:36.745,3.998,5.214,9.126,-66,NO_MOVEMENT,10
2026-09-08T11:31:37.345,3.364,5.214,9.126,-66,NO_MOVEMENT,10
2026-09-08T11:31:38.015,5.130,5.214,9.126,-66,NO_MOVEMENT,10
2026-09-08T11:31:38.638,5.099,5.214,9.126,-66,NO_MOVEMENT,10
2026-09-08T11:31:39.244,3.781,5.214,9.126,-66,NO_MOVEMENT,10
2026-09-08T11:31:39.934,3.541,5.214,9.126,-65,NO_MOVEMENT,10
2026-09-08T11:31:40.608,3.797,5.214,9.126,-67,NO_MOVEMENT,10
2026-09-08T11:31:41.281,3.905,5.214,9.126,-66,NO_MOVEMENT,10
2026-09-08T11:31:41.933,3.552,5.214,9.126,-65,NO_MOVEMENT,10
2026-09-08T11:31:42.589,3.931,5.214,9.126,-66,NO_MOVEMENT,10
2026-09-08T11:31:43.242,4.721,5.214,9.126,-66,NO_MOVEMENT,10
2026-09-08T11:31:44.044,3.922,5.214,9.126,-66,NO_MOVEMENT,10
2026-09-08T11:31:44.729,3.967,5.214,9.126,-66,NO_MOVEMENT,10
2026-09-08T11:31:45.380,4.475,5.214,9.126,-67,NO_MOVEMENT,10
2026-09-08T11:31:46.040,4.098,5.214,9.126,-66,NO_MOVEMENT,10
2026-09-08T11:31:46.640,3.659,5.214,9.126,-66,NO_MOVEMENT,10
2026-09-08T11:31:47.256,3.746,5.214,9.126,-66,NO_MOVEMENT,10
2026-09-08T11:31:47.895,3.581,5.214,9.126,-65,NO_MOVEMENT,10
2026-09-08T11:31:48.445,3.763,5.214,9.126,-65,NO_MOVEMENT,10
2026-09-08T11:31:49.022,5.467,5.214,9.126,-65,NO_MOVEMENT,10
2026-09-08T11:31:49.551,6.864,5.214,9.126,-67,NO_MOVEMENT,10
2026-09-08T11:31:50.055,6.446,5.214,9.126,-67,NO_MOVEMENT,10
2026-09-08T11:31:50.607,3.651,5.214,9.126,-67,NO_MOVEMENT,10
2026-09-08T11:31:51.158,3.029,5.214,9.126,-67,NO_MOVEMENT,10
2026-09-08T11:31:51.749,4.658,5.214,9.126,-67,NO_MOVEMENT,10
2026-09-08T11:31:52.759,4.782,5.214,9.126,-66,NO_MOVEMENT,10
2026-09-08T11:31:53.766,3.921,5.214,9.126,-67,NO_MOVEMENT,10
2026-09-08T11:31:54.296,3.820,5.214,9.126,-66,NO_MOVEMENT,10
2026-09-08T11:31:54.859,3.822,5.214,9.126,-65,NO_MOVEMENT,10
2026-09-08T11:31:55.866,3.995,5.214,9.126,-66,NO_MOVEMENT,10
2026-09-08T11:31:56.402,3.814,5.214,9.126,-65,NO_MOVEMENT,10
2026-09-08T11:31:57.126,3.364,5.214,9.126,-66,NO_MOVEMENT,10
2026-09-08T11:31:57.836,3.228,5.214,9.126,-65,NO_MOVEMENT,10
2026-09-08T11:31:58.868,3.123,5.214,9.126,-67,NO_MOVEMENT,10
2026-09-08T11:31:59.399,3.304,5.214,9.126,-67,NO_MOVEMENT,10
2026-09-08T11:31:59.935,3.646,5.214,9.126,-67,NO_MOVEMENT,10
2026-09-08T11:32:00.520,3.785,5.214,9.126,-66,NO_MOVEMENT,10
2026-09-08T11:32:01.096,3.519,5.214,9.126,-66,NO_MOVEMENT,10
2026-09-08T11:32:01.641,3.733,5.214,9.126,-67,NO_MOVEMENT,10
2026-09-08T11:32:02.607,4.036,5.214,9.126,-66,NO_MOVEMENT,10
2026-09-08T11:32:03.128,3.773,5.214,9.126,-66,NO_MOVEMENT,10
2026-09-08T11:32:03.662,4.243,5.214,9.126,-66,NO_MOVEMENT,10
2026-09-08T11:32:04.604,4.586,5.214,9.126,-67,NO_MOVEMENT,10
2026-09-08T11:32:05.125,4.235,5.214,9.126,-66,NO_MOVEMENT,10
2026-09-08T11:32:07.065,3.357,5.214,9.126,-67,NO_MOVEMENT,10
2026-09-08T11:32:07.899,3.241,5.214,9.126,-67,NO_MOVEMENT,10
2026-09-08T11:32:08.415,3.394,5.214,9.126,-67,NO_MOVEMENT,10
2026-09-08T11:32:09.446,3.548,5.214,9.126,-67,NO_MOVEMENT,10
2026-09-08T11:32:09.975,6.170,5.214,9.126,-67,NO_MOVEMENT,10
2026-09-08T11:32:10.506,6.449,5.214,9.126,-67,NO_MOVEMENT,10
2026-09-08T11:32:11.008,7.176,5.214,9.126,-66,NO_MOVEMENT,10
2026-09-08T11:32:11.578,5.254,5.214,9.126,-66,NO_MOVEMENT,10
2026-09-08T11:32:12.097,4.823,5.214,9.126,-66,NO_MOVEMENT,10
2026-09-08T11:32:12.842,3.671,5.214,9.126,-66,NO_MOVEMENT,10
2026-09-08T11:32:14.210,5.272,5.214,9.126,-64,NO_MOVEMENT,10
2026-09-08T11:32:14.829,5.395,5.214,9.126,-66,NO_MOVEMENT,10
2026-09-08T11:32:15.381,5.965,5.214,9.126,-66,NO_MOVEMENT,10
2026-09-08T11:32:15.994,6.828,5.214,9.126,-65,NO_MOVEMENT,10
2026-09-08T11:32:16.972,5.590,5.214,9.126,-66,NO_MOVEMENT,10
2026-09-08T11:32:17.967,2.908,5.214,9.126,-65,NO_MOVEMENT,10
2026-09-08T11:32:18.637,2.938,5.214,9.126,-65,NO_MOVEMENT,10
2026-09-08T11:32:19.173,3.003,5.214,9.126,-65,NO_MOVEMENT,10
2026-09-08T11:32:19.737,3.034,5.214,9.126,-65,NO_MOVEMENT,10
2026-09-08T11:32:20.290,5.766,5.214,9.126,-65,NO_MOVEMENT,10
2026-09-08T11:32:20.863,5.850,5.214,9.126,-64,NO_MOVEMENT,10
2026-09-08T11:32:21.378,5.856,5.214,9.126,-64,NO_MOVEMENT,10
2026-09-08T11:32:21.899,5.962,5.214,9.126,-64,NO_MOVEMENT,10
2026-09-08T11:32:22.962,6.365,5.214,9.126,-64,NO_MOVEMENT,10
2026-09-08T11:32:24.044,4.275,5.214,9.126,-64,NO_MOVEMENT,10
2026-09-08T11:32:24.554,4.325,5.214,9.126,-63,NO_MOVEMENT,10
2026-09-08T11:32:25.114,5.677,5.214,9.126,-62,NO_MOVEMENT,10
2026-09-08T11:32:25.645,4.587,5.214,9.126,-63,NO_MOVEMENT,10
2026-09-08T11:32:26.212,5.360,5.214,9.126,-63,NO_MOVEMENT,10
2026-09-08T11:32:26.793,3.774,5.214,9.126,-63,NO_MOVEMENT,10
2026-09-08T11:32:27.367,3.946,5.214,9.126,-64,NO_MOVEMENT,10
2026-09-08T11:32:27.944,2.819,5.214,9.126,-64,NO_MOVEMENT,10
2026-09-08T11:32:28.514,5.142,5.214,9.126,-64,NO_MOVEMENT,10
2026-09-08T11:32:29.091,5.212,5.214,9.126,-64,NO_MOVEMENT,10
2026-09-08T11:32:29.805,3.682,5.214,9.126,-65,NO_MOVEMENT,10
2026-09-08T11:32:30.390,6.199,5.214,9.126,-65,NO_MOVEMENT,10
2026-09-08T11:32:30.977,6.584,5.214,9.126,-64,NO_MOVEMENT,10
2026-09-08T11:32:31.512,6.562,5.214,9.126,-64,NO_MOVEMENT,10
2026-09-08T11:32:32.086,6.719,5.214,9.126,-65,NO_MOVEMENT,10
2026-09-08T11:32:32.608,4.541,5.214,9.126,-66,NO_MOVEMENT,10
2026-09-08T11:32:33.149,3.708,5.214,9.126,-66,NO_MOVEMENT,10
2026-09-08T11:32:33.673,4.305,5.214,9.126,-66,NO_MOVEMENT,10
2026-09-08T11:32:34.202,4.213,5.214,9.126,-65,NO_MOVEMENT,10
2026-09-08T11:32:34.715,4.179,5.214,9.126,-65,NO_MOVEMENT,10
2026-09-08T11:32:35.766,3.811,5.214,9.126,-64,NO_MOVEMENT,10
2026-09-08T11:32:36.333,3.773,5.214,9.126,-64,NO_MOVEMENT,10
2026-09-08T11:32:36.896,3.793,5.214,9.126,-64,NO_MOVEMENT,10
2026-09-08T11:32:37.547,4.743,5.214,9.126,-65,NO_MOVEMENT,10
2026-09-08T11:32:38.097,7.693,5.214,9.126,-69,NO_MOVEMENT,10
2026-09-08T11:32:38.633,7.052,5.214,9.126,-65,NO_MOVEMENT,10
2026-09-08T11:32:39.207,5.517,5.214,9.126,-66,NO_MOVEMENT,10
2026-09-08T11:32:39.835,3.352,5.214,9.126,-66,NO_MOVEMENT,10
2026-09-08T11:32:40.838,3.782,5.214,9.126,-67,NO_MOVEMENT,10
2026-09-08T11:32:41.343,3.722,5.214,9.126,-65,NO_MOVEMENT,10
2026-09-08T11:32:41.873,3.658,5.214,9.126,-66,NO_MOVEMENT,10
2026-09-08T11:32:42.430,3.606,5.214,9.126,-65,NO_MOVEMENT,10
2026-09-08T11:32:43.011,3.870,5.214,9.126,-66,NO_MOVEMENT,10
2026-09-08T11:32:43.574,3.688,5.214,9.126,-66,NO_MOVEMENT,10
2026-09-08T11:32:44.123,3.987,5.214,9.126,-65,NO_MOVEMENT,10
2026-09-08T11:32:44.685,4.096,5.214,9.126,-66,NO_MOVEMENT,10
2026-09-08T11:32:45.273,4.270,5.214,9.126,-66,NO_MOVEMENT,10
2026-09-08T11:32:45.910,4.027,5.214,9.126,-66,NO_MOVEMENT,10
2026-09-08T11:32:46.479,3.884,5.214,9.126,-66,NO_MOVEMENT,10
2026-09-08T11:32:47.033,3.336,5.214,9.126,-66,NO_MOVEMENT,10
2026-09-08T11:32:47.633,3.806,5.214,9.126,-66,NO_MOVEMENT,10
2026-09-08T11:32:48.291,3.397,5.214,9.126,-66,NO_MOVEMENT,10
2026-09-08T11:32:48.864,2.997,5.214,9.126,-66,NO_MOVEMENT,10
2026-09-08T11:32:49.516,3.277,5.214,9.126,-66,NO_MOVEMENT,10
2026-09-08T11:32:50.149,3.120,5.214,9.126,-66,NO_MOVEMENT,10
2026-09-08T11:32:50.803,3.074,5.214,9.126,-66,NO_MOVEMENT,10
2026-09-08T11:32:51.528,3.663,5.214,9.126,-65,NO_MOVEMENT,10
2026-09-08T11:32:52.156,3.203,5.214,9.126,-65,NO_MOVEMENT,10
2026-09-08T11:32:52.731,3.338,5.214,9.126,-65,NO_MOVEMENT,10
2026-09-08T11:32:53.381,4.149,5.214,9.126,-65,NO_MOVEMENT,10
2026-09-08T11:32:53.971,3.996,5.214,9.126,-65,NO_MOVEMENT,10
2026-09-08T11:32:54.579,4.182,5.214,9.126,-65,NO_MOVEMENT,10
2026-09-08T11:32:55.178,3.676,5.214,9.126,-65,NO_MOVEMENT,10
2026-09-08T11:32:55.797,3.924,5.214,9.126,-64,NO_MOVEMENT,10
2026-09-08T11:32:56.387,3.646,5.214,9.126,-64,NO_MOVEMENT,10
2026-09-08T11:32:56.962,2.487,5.214,9.126,-64,NO_MOVEMENT,10
2026-09-08T11:32:57.536,2.552,5.214,9.126,-65,NO_MOVEMENT,10
2026-09-08T11:32:58.155,2.686,5.214,9.126,-65,NO_MOVEMENT,10
2026-09-08T11:32:58.788,2.794,5.214,9.126,-65,NO_MOVEMENT,10
2026-09-08T11:32:59.406,2.867,5.214,9.126,-64,NO_MOVEMENT,10
2026-09-08T11:33:00.112,2.867,5.214,9.126,-65,NO_MOVEMENT,10
2026-09-08T11:33:00.730,2.975,5.214,9.126,-64,NO_MOVEMENT,10
2026-09-08T11:33:01.448,4.843,5.214,9.126,-64,NO_MOVEMENT,10
2026-09-08T11:33:02.079,4.631,5.214,9.126,-66,NO_MOVEMENT,10
2026-09-08T11:33:02.666,5.559,5.214,9.126,-67,NO_MOVEMENT,10
2026-09-08T11:33:03.495,4.430,5.214,9.126,-66,NO_MOVEMENT,10
2026-09-08T11:33:04.056,4.440,5.214,9.126,-65,NO_MOVEMENT,10
2026-09-08T11:33:04.608,3.650,5.214,9.126,-66,NO_MOVEMENT,10
2026-09-08T11:33:05.217,3.815,5.214,9.126,-65,NO_MOVEMENT,10
2026-09-08T11:33:05.815,4.956,5.214,9.126,-64,NO_MOVEMENT,10
2026-09-08T11:33:06.366,4.848,5.214,9.126,-67,NO_MOVEMENT,10
2026-09-08T11:33:06.985,4.628,5.214,9.126,-65,NO_MOVEMENT,10
2026-09-08T11:33:07.614,5.003,5.214,9.126,-66,NO_MOVEMENT,10
2026-09-08T11:33:08.203,5.693,5.214,9.126,-65,NO_MOVEMENT,10
2026-09-08T11:33:08.791,5.272,5.214,9.126,-66,NO_MOVEMENT,10
2026-09-08T11:33:09.332,3.903,5.214,9.126,-66,NO_MOVEMENT,10
2026-09-08T11:33:09.947,3.857,5.214,9.126,-66,NO_MOVEMENT,10
2026-09-08T11:33:10.448,4.450,5.214,9.126,-66,NO_MOVEMENT,10
2026-09-08T11:33:11.018,5.938,5.214,9.126,-69,NO_MOVEMENT,10
2026-09-08T11:33:11.587,5.296,5.214,9.126,-67,NO_MOVEMENT,10
2026-09-08T11:33:12.163,4.599,5.214,9.126,-67,NO_MOVEMENT,10
2026-09-08T11:33:13.203,4.128,5.214,9.126,-67,NO_MOVEMENT,10
2026-09-08T11:33:13.817,6.235,5.214,9.126,-68,NO_MOVEMENT,10
2026-09-08T11:33:14.453,6.293,5.214,9.126,-67,NO_MOVEMENT,10
2026-09-08T11:33:15.176,5.019,5.214,9.126,-63,NO_MOVEMENT,10
2026-09-08T11:33:15.753,6.025,5.214,9.126,-64,NO_MOVEMENT,10
2026-09-08T11:33:16.342,5.672,5.214,9.126,-64,NO_MOVEMENT,10
2026-09-08T11:33:16.878,5.599,5.214,9.126,-64,NO_MOVEMENT,10
2026-09-08T11:33:17.437,3.154,5.214,9.126,-66,NO_MOVEMENT,10
2026-09-08T11:33:18.010,3.581,5.214,9.126,-65,NO_MOVEMENT,10
2026-09-08T11:33:18.601,5.302,5.214,9.126,-64,NO_MOVEMENT,10
2026-09-08T11:33:19.254,6.579,5.214,9.126,-64,NO_MOVEMENT,10
2026-09-08T11:33:19.884,6.389,5.214,9.126,-65,NO_MOVEMENT,10
2026-09-08T11:33:20.452,3.511,5.214,9.126,-66,NO_MOVEMENT,10
2026-09-08T11:33:20.977,7.329,5.214,9.126,-67,NO_MOVEMENT,10
2026-09-08T11:33:21.534,7.612,5.214,9.126,-66,NO_MOVEMENT,10
2026-09-08T11:33:22.128,6.717,5.214,9.126,-65,NO_MOVEMENT,10
2026-09-08T11:33:22.726,7.743,5.214,9.126,-66,NO_MOVEMENT,10
2026-09-08T11:33:23.309,7.315,5.214,9.126,-65,NO_MOVEMENT,10
2026-09-08T11:33:23.812,6.958,5.214,9.126,-66,NO_MOVEMENT,10
2026-09-08T11:33:24.383,5.077,5.214,9.126,-65,NO_MOVEMENT,10
2026-09-08T11:33:24.947,5.093,5.214,9.126,-65,NO_MOVEMENT,10
2026-09-08T11:33:25.491,3.542,5.214,9.126,-66,NO_MOVEMENT,10
2026-09-08T11:33:26.086,3.565,5.214,9.126,-66,NO_MOVEMENT,10
2026-09-08T11:33:26.807,3.612,5.214,9.126,-66,NO_MOVEMENT,10
2026-09-08T11:33:27.362,4.044,5.214,9.126,-67,NO_MOVEMENT,10
2026-09-08T11:33:27.876,4.359,5.214,9.126,-67,NO_MOVEMENT,10
2026-09-08T11:33:28.438,4.445,5.214,9.126,-67,NO_MOVEMENT,10
2026-09-08T11:33:28.974,5.683,5.214,9.126,-70,NO_MOVEMENT,10
2026-09-08T11:33:29.499,5.743,5.214,9.126,-67,NO_MOVEMENT,10
2026-09-08T11:33:30.096,5.410,5.214,9.126,-67,NO_MOVEMENT,10
2026-09-08T11:33:30.646,3.362,5.214,9.126,-66,NO_MOVEMENT,10
2026-09-08T11:33:31.196,6.368,5.214,9.126,-66,NO_MOVEMENT,10
2026-09-08T11:33:31.722,7.477,5.214,9.126,-66,NO_MOVEMENT,10
2026-09-08T11:33:32.264,7.900,5.214,9.126,-65,NO_MOVEMENT,10
2026-09-08T11:33:32.827,4.392,5.214,9.126,-66,NO_MOVEMENT,10
2026-09-08T11:33:33.393,5.657,5.214,9.126,-65,NO_MOVEMENT,10
2026-09-08T11:33:33.923,7.381,5.214,9.126,-65,NO_MOVEMENT,10
2026-09-08T11:33:34.457,6.701,5.214,9.126,-66,NO_MOVEMENT,10
2026-09-08T11:33:34.978,6.607,5.214,9.126,-66,NO_MOVEMENT,10
2026-09-08T11:33:35.502,6.232,5.214,9.126,-66,NO_MOVEMENT,10
2026-09-08T11:33:36.065,4.374,5.214,9.126,-66,NO_MOVEMENT,10
2026-09-08T11:33:36.686,4.495,5.214,9.126,-65,NO_MOVEMENT,10
2026-09-08T11:33:37.248,4.295,5.214,9.126,-66,NO_MOVEMENT,10
2026-09-08T11:33:37.890,4.492,5.214,9.126,-66,NO_MOVEMENT,10
2026-09-08T11:33:38.449,4.391,5.214,9.126,-66,NO_MOVEMENT,10
2026-09-08T11:33:39.003,3.618,5.214,9.126,-66,NO_MOVEMENT,10
2026-09-08T11:33:39.543,3.548,5.214,9.126,-66,NO_MOVEMENT,10
2026-09-08T11:33:40.086,3.622,5.214,9.126,-66,NO_MOVEMENT,10
2026-09-08T11:33:40.651,3.715,5.214,9.126,-65,NO_MOVEMENT,10
2026-09-08T11:33:41.244,9.140,5.214,9.126,-66,MOVEMENT,11
2026-09-08T11:33:41.771,9.145,5.214,9.126,-66,MOVEMENT,12
2026-09-08T11:33:42.320,9.038,5.214,9.126,-66,RECENT_MOVEMENT,12
2026-09-08T11:33:42.864,9.970,5.214,9.126,-66,MOVEMENT,13
2026-09-08T11:33:43.494,7.597,5.214,9.126,-66,RECENT_MOVEMENT,13
2026-09-08T11:33:44.025,7.483,5.214,9.126,-65,RECENT_MOVEMENT,13
2026-09-08T11:33:44.531,6.504,5.214,9.126,-66,RECENT_MOVEMENT,13
2026-09-08T11:33:45.063,3.869,5.214,9.126,-66,RECENT_MOVEMENT,13
2026-09-08T11:33:45.567,4.908,5.214,9.126,-64,RECENT_MOVEMENT,13
2026-09-08T11:33:46.094,6.330,5.214,9.126,-68,RECENT_MOVEMENT,13
2026-09-08T11:33:46.604,7.242,5.214,9.126,-69,RECENT_MOVEMENT,13
2026-09-08T11:33:47.644,5.933,5.214,9.126,-67,RECENT_MOVEMENT,13
2026-09-08T11:33:48.184,6.320,5.214,9.126,-68,RECENT_MOVEMENT,13
2026-09-08T11:33:48.861,5.579,5.214,9.126,-66,NO_MOVEMENT,13
2026-09-08T11:33:49.447,7.198,5.214,9.126,-68,NO_MOVEMENT,13
2026-09-08T11:33:50.056,6.989,5.214,9.126,-65,NO_MOVEMENT,13
2026-09-08T11:33:50.614,6.066,5.214,9.126,-65,NO_MOVEMENT,13
2026-09-08T11:33:51.223,7.273,5.214,9.126,-66,NO_MOVEMENT,13
2026-09-08T11:33:51.776,7.054,5.214,9.126,-66,NO_MOVEMENT,13
2026-09-08T11:33:52.278,7.407,5.214,9.126,-66,NO_MOVEMENT,13
2026-09-08T11:33:52.823,3.578,5.214,9.126,-66,NO_MOVEMENT,13
2026-09-08T11:33:53.330,5.187,5.214,9.126,-66,NO_MOVEMENT,13
2026-09-08T11:33:53.837,4.981,5.214,9.126,-66,NO_MOVEMENT,13
2026-09-08T11:33:54.419,4.649,5.214,9.126,-69,NO_MOVEMENT,13
2026-09-08T11:33:55.014,5.036,5.214,9.126,-70,NO_MOVEMENT,13
2026-09-08T11:33:55.659,4.492,5.214,9.126,-68,NO_MOVEMENT,13
2026-09-08T11:33:56.197,4.194,5.214,9.126,-68,NO_MOVEMENT,13
2026-09-08T11:33:56.771,4.120,5.214,9.126,-68,NO_MOVEMENT,13
2026-09-08T11:33:57.324,4.434,5.214,9.126,-69,NO_MOVEMENT,13
2026-09-08T11:33:57.908,4.475,5.214,9.126,-69,NO_MOVEMENT,13
2026-09-08T11:33:58.433,6.361,5.214,9.126,-68,NO_MOVEMENT,13
2026-09-08T11:33:59.036,5.927,5.214,9.126,-68,NO_MOVEMENT,13
2026-09-08T11:33:59.700,7.156,5.214,9.126,-68,NO_MOVEMENT,13
2026-09-08T11:34:00.661,5.479,5.214,9.126,-67,NO_MOVEMENT,13
2026-09-08T11:34:01.640,3.675,5.214,9.126,-67,NO_MOVEMENT,13
2026-09-08T11:34:02.173,3.268,5.214,9.126,-67,NO_MOVEMENT,13
2026-09-08T11:34:02.680,3.434,5.214,9.126,-67,NO_MOVEMENT,13
2026-09-08T11:34:03.279,5.991,5.214,9.126,-68,NO_MOVEMENT,13
2026-09-08T11:34:03.789,6.773,5.214,9.126,-68,NO_MOVEMENT,13
2026-09-08T11:34:04.395,7.310,5.214,9.126,-66,NO_MOVEMENT,13
2026-09-08T11:34:04.960,10.392,5.214,9.126,-66,NO_MOVEMENT,13
2026-09-08T11:34:05.527,7.800,5.214,9.126,-66,RECENT_MOVEMENT,14
2026-09-08T11:34:06.090,7.622,5.214,9.126,-67,RECENT_MOVEMENT,14
2026-09-08T11:34:06.635,7.020,5.214,9.126,-66,RECENT_MOVEMENT,14
2026-09-08T11:34:07.214,6.433,5.214,9.126,-66,RECENT_MOVEMENT,14
2026-09-08T11:34:07.719,4.145,5.214,9.126,-66,RECENT_MOVEMENT,14
2026-09-08T11:34:08.339,4.995,5.214,9.126,-66,RECENT_MOVEMENT,14
2026-09-08T11:34:08.966,7.531,5.214,9.126,-68,RECENT_MOVEMENT,14
2026-09-08T11:34:09.554,7.082,5.214,9.126,-69,RECENT_MOVEMENT,14
2026-09-08T11:34:10.146,7.192,5.214,9.126,-65,RECENT_MOVEMENT,14
2026-09-08T11:34:10.696,6.674,5.214,9.126,-65,NO_MOVEMENT,14
2026-09-08T11:34:11.314,6.824,5.214,9.126,-65,NO_MOVEMENT,14
2026-09-08T11:34:12.042,4.582,5.214,9.126,-66,NO_MOVEMENT,14
2026-09-08T11:34:12.596,4.316,5.214,9.126,-66,NO_MOVEMENT,14
2026-09-08T11:34:13.139,4.690,5.214,9.126,-66,NO_MOVEMENT,14
2026-09-08T11:34:13.678,3.600,5.214,9.126,-66,NO_MOVEMENT,14
2026-09-08T11:34:14.253,4.300,5.214,9.126,-66,NO_MOVEMENT,14
2026-09-08T11:34:14.838,4.263,5.214,9.126,-66,NO_MOVEMENT,14
2026-09-08T11:34:15.367,5.632,5.214,9.126,-66,NO_MOVEMENT,14
2026-09-08T11:34:15.991,4.890,5.214,9.126,-66,NO_MOVEMENT,14
2026-09-08T11:34:16.582,3.709,5.214,9.126,-66,NO_MOVEMENT,14
2026-09-08T11:34:17.166,4.012,5.214,9.126,-65,NO_MOVEMENT,14
2026-09-08T11:34:17.758,8.205,5.214,9.126,-65,NO_MOVEMENT,14
2026-09-08T11:34:18.270,7.926,5.214,9.126,-65,NO_MOVEMENT,14
2026-09-08T11:34:18.792,8.204,5.214,9.126,-65,NO_MOVEMENT,14
2026-09-08T11:34:19.326,4.041,5.214,9.126,-65,NO_MOVEMENT,14
2026-09-08T11:34:19.844,4.439,5.214,9.126,-65,NO_MOVEMENT,14
2026-09-08T11:34:20.434,7.560,5.214,9.126,-65,NO_MOVEMENT,14
2026-09-08T11:34:21.041,6.605,5.214,9.126,-66,NO_MOVEMENT,14
2026-09-08T11:34:21.574,7.370,5.214,9.126,-65,NO_MOVEMENT,14
2026-09-08T11:34:22.087,8.937,5.214,9.126,-67,NO_MOVEMENT,14
2026-09-08T11:34:22.733,7.275,5.214,9.126,-65,NO_MOVEMENT,14
2026-09-08T11:34:23.331,7.896,5.214,9.126,-65,NO_MOVEMENT,14
2026-09-08T11:34:23.964,6.575,5.214,9.126,-65,NO_MOVEMENT,14
2026-09-08T11:34:24.595,5.899,5.214,9.126,-66,NO_MOVEMENT,14
2026-09-08T11:34:25.172,4.092,5.214,9.126,-66,NO_MOVEMENT,14
2026-09-08T11:34:25.714,6.294,5.214,9.126,-66,NO_MOVEMENT,14
2026-09-08T11:34:26.258,6.063,5.214,9.126,-67,NO_MOVEMENT,14
2026-09-08T11:34:27.256,7.220,5.214,9.126,-66,NO_MOVEMENT,14
2026-09-08T11:34:28.177,5.862,5.214,9.126,-66,NO_MOVEMENT,14
2026-09-08T11:34:28.695,5.943,5.214,9.126,-66,NO_MOVEMENT,14
2026-09-08T11:34:29.297,5.980,5.214,9.126,-66,NO_MOVEMENT,14
2026-09-08T11:34:29.870,6.863,5.214,9.126,-66,NO_MOVEMENT,14
2026-09-08T11:34:30.462,7.630,5.214,9.126,-66,NO_MOVEMENT,14
2026-09-08T11:34:31.070,8.141,5.214,9.126,-66,NO_MOVEMENT,14
2026-09-08T11:34:31.668,7.611,5.214,9.126,-67,NO_MOVEMENT,14
2026-09-08T11:34:32.231,6.187,5.214,9.126,-65,NO_MOVEMENT,14
2026-09-08T11:34:32.818,6.520,5.214,9.126,-66,NO_MOVEMENT,14
2026-09-08T11:34:33.536,8.449,5.214,9.126,-67,NO_MOVEMENT,14
2026-09-08T11:34:34.126,6.408,5.214,9.126,-67,NO_MOVEMENT,14
2026-09-08T11:34:35.363,4.538,5.214,9.126,-69,NO_MOVEMENT,14
2026-09-08T11:34:35.927,4.377,5.214,9.126,-67,NO_MOVEMENT,14
2026-09-08T11:34:36.966,4.511,5.214,9.126,-66,NO_MOVEMENT,14
2026-09-08T11:34:39.064,6.289,5.214,9.126,-65,NO_MOVEMENT,14
2026-09-08T11:34:40.318,4.739,5.214,9.126,-66,NO_MOVEMENT,14
2026-09-08T11:34:41.043,4.622,5.214,9.126,-67,NO_MOVEMENT,14
2026-09-08T11:34:41.785,3.525,5.214,9.126,-67,NO_MOVEMENT,14
2026-09-08T11:34:44.172,5.799,5.214,9.126,-67,NO_MOVEMENT,14
2026-09-08T11:34:45.250,6.680,5.214,9.126,-65,NO_MOVEMENT,14
2026-09-08T11:34:45.981,7.486,5.214,9.126,-67,NO_MOVEMENT,14
2026-09-08T11:34:46.599,5.468,5.214,9.126,-69,NO_MOVEMENT,14
2026-09-08T11:34:47.105,5.430,5.214,9.126,-69,NO_MOVEMENT,14
2026-09-08T11:34:47.607,6.612,5.214,9.126,-69,NO_MOVEMENT,14
2026-09-08T11:34:48.697,5.851,5.214,9.126,-70,NO_MOVEMENT,14
2026-09-08T11:34:49.703,7.891,5.214,9.126,-69,NO_MOVEMENT,14
2026-09-08T11:34:50.227,8.261,5.214,9.126,-65,NO_MOVEMENT,14
2026-09-08T11:34:50.861,8.628,5.214,9.126,-67,NO_MOVEMENT,14
2026-09-08T11:34:51.875,9.477,5.214,9.126,-67,MOVEMENT,15
2026-09-08T11:34:52.422,9.660,5.214,9.126,-67,MOVEMENT,15
2026-09-08T11:34:52.965,11.914,5.214,9.126,-66,RECENT_MOVEMENT,15
2026-09-08T11:34:53.634,11.551,5.214,9.126,-69,MOVEMENT,16
2026-09-08T11:34:54.558,8.556,5.214,9.126,-69,RECENT_MOVEMENT,16
2026-09-08T11:34:55.133,10.391,5.214,9.126,-71,MOVEMENT,17
2026-09-08T11:34:55.738,10.105,5.214,9.126,-69,MOVEMENT,17
2026-09-08T11:34:56.353,10.761,5.214,9.126,-68,MOVEMENT,17
2026-09-08T11:34:56.902,5.060,5.214,9.126,-68,RECENT_MOVEMENT,17
2026-09-08T11:34:57.464,6.275,5.214,9.126,-69,RECENT_MOVEMENT,17
2026-09-08T11:34:58.090,6.957,5.214,9.126,-67,RECENT_MOVEMENT,17
2026-09-08T11:34:58.661,6.346,5.214,9.126,-67,RECENT_MOVEMENT,17
2026-09-08T11:34:59.298,4.717,5.214,9.126,-67,RECENT_MOVEMENT,17
2026-09-08T11:34:59.839,4.246,5.214,9.126,-67,RECENT_MOVEMENT,17
2026-09-08T11:35:00.368,4.274,5.214,9.126,-67,RECENT_MOVEMENT,17
2026-09-08T11:35:01.180,4.266,5.214,9.126,-66,RECENT_MOVEMENT,17
2026-09-08T11:35:01.709,3.938,5.214,9.126,-66,RECENT_MOVEMENT,17
2026-09-08T11:35:02.262,3.873,5.214,9.126,-66,NO_MOVEMENT,17
2026-09-08T11:35:03.248,3.444,5.214,9.126,-66,NO_MOVEMENT,17
2026-09-08T11:35:03.771,3.943,5.214,9.126,-66,NO_MOVEMENT,17
2026-09-08T11:35:04.799,3.211,5.214,9.126,-66,NO_MOVEMENT,17
2026-09-08T11:35:05.386,3.416,5.214,9.126,-66,NO_MOVEMENT,17
2026-09-08T11:35:05.966,3.398,5.214,9.126,-66,NO_MOVEMENT,17
2026-09-08T11:35:06.624,3.366,5.214,9.126,-66,NO_MOVEMENT,17
2026-09-08T11:35:07.196,3.406,5.214,9.126,-66,NO_MOVEMENT,17
2026-09-08T11:35:07.731,3.371,5.214,9.126,-67,NO_MOVEMENT,17
2026-09-08T11:35:08.309,4.004,5.214,9.126,-67,NO_MOVEMENT,17
2026-09-08T11:35:08.861,4.652,5.214,9.126,-66,NO_MOVEMENT,17
2026-09-08T11:35:09.408,4.762,5.214,9.126,-66,NO_MOVEMENT,17
2026-09-08T11:35:10.007,4.757,5.214,9.126,-67,NO_MOVEMENT,17
2026-09-08T11:35:10.536,4.922,5.214,9.126,-68,NO_MOVEMENT,17
2026-09-08T11:35:11.077,5.180,5.214,9.126,-69,NO_MOVEMENT,17
2026-09-08T11:35:12.130,4.379,5.214,9.126,-69,NO_MOVEMENT,17
2026-09-08T11:35:12.681,4.241,5.214,9.126,-68,NO_MOVEMENT,17
2026-09-08T11:35:13.604,4.695,5.214,9.126,-69,NO_MOVEMENT,17
2026-09-08T11:35:14.504,6.097,5.214,9.126,-68,NO_MOVEMENT,17
2026-09-08T11:35:15.137,7.148,5.214,9.126,-68,NO_MOVEMENT,17
2026-09-08T11:35:15.669,4.827,5.214,9.126,-68,NO_MOVEMENT,17
2026-09-08T11:35:16.614,4.372,5.214,9.126,-68,NO_MOVEMENT,17
2026-09-08T11:35:17.158,3.399,5.214,9.126,-68,NO_MOVEMENT,17
2026-09-08T11:35:17.809,3.206,5.214,9.126,-68,NO_MOVEMENT,17
2026-09-08T11:35:18.348,2.948,5.214,9.126,-69,NO_MOVEMENT,17
2026-09-08T11:35:18.913,5.083,5.214,9.126,-70,NO_MOVEMENT,17
2026-09-08T11:35:19.510,5.690,5.214,9.126,-69,NO_MOVEMENT,17
2026-09-08T11:35:20.045,5.833,5.214,9.126,-70,NO_MOVEMENT,17
2026-09-08T11:35:20.578,5.820,5.214,9.126,-70,NO_MOVEMENT,17
2026-09-08T11:35:21.213,4.312,5.214,9.126,-70,NO_MOVEMENT,17
2026-09-08T11:35:21.787,3.846,5.214,9.126,-68,NO_MOVEMENT,17
2026-09-08T11:35:22.427,3.959,5.214,9.126,-67,NO_MOVEMENT,17
2026-09-08T11:35:23.028,3.749,5.214,9.126,-68,NO_MOVEMENT,17
2026-09-08T11:35:23.758,4.231,5.214,9.126,-68,NO_MOVEMENT,17
2026-09-08T11:35:24.391,4.297,5.214,9.126,-68,NO_MOVEMENT,17
2026-09-08T11:35:25.111,3.450,5.214,9.126,-67,NO_MOVEMENT,17
2026-09-08T11:35:25.742,8.846,5.214,9.126,-67,NO_MOVEMENT,17
2026-09-08T11:35:26.355,8.556,5.214,9.126,-67,NO_MOVEMENT,17
2026-09-08T11:35:26.994,8.374,5.214,9.126,-69,NO_MOVEMENT,17
2026-09-08T11:35:27.573,9.322,5.214,9.126,-70,MOVEMENT,18
2026-09-08T11:35:28.176,7.772,5.214,9.126,-70,RECENT_MOVEMENT,18
2026-09-08T11:35:28.787,6.842,5.214,9.126,-70,RECENT_MOVEMENT,18
2026-09-08T11:35:29.344,4.343,5.214,9.126,-71,RECENT_MOVEMENT,18
2026-09-08T11:35:29.891,7.489,5.214,9.126,-69,RECENT_MOVEMENT,18
2026-09-08T11:35:30.478,8.180,5.214,9.126,-70,RECENT_MOVEMENT,18
2026-09-08T11:35:31.077,7.609,5.214,9.126,-69,RECENT_MOVEMENT,18
2026-09-08T11:35:31.686,6.713,5.214,9.126,-69,RECENT_MOVEMENT,18
2026-09-08T11:35:32.291,6.170,5.214,9.126,-69,RECENT_MOVEMENT,18
2026-09-08T11:35:32.904,4.619,5.214,9.126,-68,RECENT_MOVEMENT,18
2026-09-08T11:35:33.462,5.901,5.214,9.126,-69,NO_MOVEMENT,18
2026-09-08T11:35:34.030,5.379,5.214,9.126,-67,NO_MOVEMENT,18
2026-09-08T11:35:34.634,4.886,5.214,9.126,-70,NO_MOVEMENT,18
2026-09-08T11:35:35.196,5.329,5.214,9.126,-67,NO_MOVEMENT,18
2026-09-08T11:35:35.764,7.452,5.214,9.126,-67,NO_MOVEMENT,18
2026-09-08T11:35:36.387,6.891,5.214,9.126,-68,NO_MOVEMENT,18
2026-09-08T11:35:37.145,7.578,5.214,9.126,-68,NO_MOVEMENT,18
2026-09-08T11:35:37.717,7.368,5.214,9.126,-69,NO_MOVEMENT,18
2026-09-08T11:35:38.274,5.577,5.214,9.126,-69,NO_MOVEMENT,18
2026-09-08T11:35:38.795,6.936,5.214,9.126,-67,NO_MOVEMENT,18
2026-09-08T11:35:39.344,7.162,5.214,9.126,-68,NO_MOVEMENT,18
2026-09-08T11:35:39.960,7.604,5.214,9.126,-68,NO_MOVEMENT,18
2026-09-08T11:35:40.495,7.626,5.214,9.126,-69,NO_MOVEMENT,18
2026-09-08T11:35:41.058,5.369,5.214,9.126,-70,NO_MOVEMENT,18
2026-09-08T11:35:41.664,4.158,5.214,9.126,-70,NO_MOVEMENT,18
2026-09-08T11:35:42.249,5.031,5.214,9.126,-68,NO_MOVEMENT,18
2026-09-08T11:35:42.844,5.359,5.214,9.126,-68,NO_MOVEMENT,18
2026-09-08T11:35:43.386,5.254,5.214,9.126,-68,NO_MOVEMENT,18
2026-09-08T11:35:43.935,5.016,5.214,9.126,-68,NO_MOVEMENT,18
2026-09-08T11:35:44.489,3.963,5.214,9.126,-69,NO_MOVEMENT,18
2026-09-08T11:35:45.050,5.373,5.214,9.126,-68,NO_MOVEMENT,18
2026-09-08T11:35:45.588,5.879,5.214,9.126,-69,NO_MOVEMENT,18
2026-09-08T11:35:46.151,6.598,5.214,9.126,-70,NO_MOVEMENT,18
2026-09-08T11:35:46.742,6.759,5.214,9.126,-69,NO_MOVEMENT,18
2026-09-08T11:35:47.317,4.841,5.214,9.126,-68,NO_MOVEMENT,18
2026-09-08T11:35:47.909,4.874,5.214,9.126,-68,NO_MOVEMENT,18
2026-09-08T11:35:48.608,4.770,5.214,9.126,-68,NO_MOVEMENT,18
2026-09-08T11:35:49.171,9.141,5.214,9.126,-68,MOVEMENT,19
2026-09-08T11:35:49.743,9.664,5.214,9.126,-68,MOVEMENT,19
2026-09-08T11:35:50.344,10.082,5.214,9.126,-67,MOVEMENT,19
2026-09-08T11:35:50.921,10.639,5.214,9.126,-67,MOVEMENT,19
2026-09-08T11:35:51.503,5.839,5.214,9.126,-67,RECENT_MOVEMENT,19
2026-09-08T11:35:52.118,5.439,5.214,9.126,-67,RECENT_MOVEMENT,19
2026-09-08T11:35:52.628,4.758,5.214,9.126,-67,RECENT_MOVEMENT,19
2026-09-08T11:35:53.284,4.968,5.214,9.126,-69,RECENT_MOVEMENT,19
2026-09-08T11:35:54.283,6.996,5.214,9.126,-67,RECENT_MOVEMENT,19
2026-09-08T11:35:54.861,8.211,5.214,9.126,-72,RECENT_MOVEMENT,19
2026-09-08T11:35:55.862,8.383,5.214,9.126,-70,RECENT_MOVEMENT,19
2026-09-08T11:35:56.427,9.344,5.214,9.126,-70,RECENT_MOVEMENT,19
2026-09-08T11:35:56.961,7.903,5.214,9.126,-69,NO_MOVEMENT,19
2026-09-08T11:35:57.958,6.320,5.214,9.126,-69,NO_MOVEMENT,19
2026-09-08T11:35:58.504,6.697,5.214,9.126,-69,NO_MOVEMENT,19
2026-09-08T11:35:59.028,6.817,5.214,9.126,-68,NO_MOVEMENT,19
2026-09-08T11:35:59.562,7.171,5.214,9.126,-67,NO_MOVEMENT,19
2026-09-08T11:36:00.158,5.975,5.214,9.126,-67,NO_MOVEMENT,19
2026-09-08T11:36:00.868,6.169,5.214,9.126,-70,NO_MOVEMENT,19
2026-09-08T11:36:01.470,6.821,5.214,9.126,-67,NO_MOVEMENT,19
2026-09-08T11:36:02.022,7.446,5.214,9.126,-68,NO_MOVEMENT,19
2026-09-08T11:36:02.548,7.877,5.214,9.126,-67,NO_MOVEMENT,19
2026-09-08T11:36:03.116,6.656,5.214,9.126,-68,NO_MOVEMENT,19
2026-09-08T11:36:03.750,7.304,5.214,9.126,-67,NO_MOVEMENT,19
2026-09-08T11:36:04.309,8.555,5.214,9.126,-66,NO_MOVEMENT,19
2026-09-08T11:36:04.852,8.570,5.214,9.126,-66,NO_MOVEMENT,19
2026-09-08T11:36:05.408,9.002,5.214,9.126,-65,RECENT_MOVEMENT,20
2026-09-08T11:36:06.052,7.896,5.214,9.126,-66,RECENT_MOVEMENT,20
2026-09-08T11:36:06.652,8.027,5.214,9.126,-66,RECENT_MOVEMENT,20
2026-09-08T11:36:07.166,9.594,5.214,9.126,-66,RECENT_MOVEMENT,20
2026-09-08T11:36:08.297,7.415,5.214,9.126,-67,RECENT_MOVEMENT,21
2026-09-08T11:36:08.849,7.085,5.214,9.126,-66,RECENT_MOVEMENT,21
2026-09-08T11:36:09.383,3.846,5.214,9.126,-66,RECENT_MOVEMENT,21
2026-09-08T11:36:09.991,5.567,5.214,9.126,-67,RECENT_MOVEMENT,21
2026-09-08T11:36:10.531,7.649,5.214,9.126,-68,RECENT_MOVEMENT,21
2026-09-08T11:36:11.042,8.640,5.214,9.126,-68,RECENT_MOVEMENT,21
2026-09-08T11:36:11.570,7.022,5.214,9.126,-68,RECENT_MOVEMENT,21
2026-09-08T11:36:12.149,7.105,5.214,9.126,-68,RECENT_MOVEMENT,21
2026-09-08T11:36:12.849,8.101,5.214,9.126,-69,RECENT_MOVEMENT,21
2026-09-08T11:36:13.365,7.206,5.214,9.126,-67,NO_MOVEMENT,21
2026-09-08T11:36:13.999,8.155,5.214,9.126,-68,NO_MOVEMENT,21
2026-09-08T11:36:14.519,5.650,5.214,9.126,-67,NO_MOVEMENT,21
2026-09-08T11:36:15.061,5.441,5.214,9.126,-67,NO_MOVEMENT,21
2026-09-08T11:36:15.659,4.695,5.214,9.126,-68,NO_MOVEMENT,21
2026-09-08T11:36:16.271,3.994,5.214,9.126,-69,NO_MOVEMENT,21
2026-09-08T11:36:16.873,3.836,5.214,9.126,-66,NO_MOVEMENT,21
2026-09-08T11:36:17.480,7.140,5.214,9.126,-65,NO_MOVEMENT,21
2026-09-08T11:36:18.134,7.135,5.214,9.126,-65,NO_MOVEMENT,21
2026-09-08T11:36:18.744,6.834,5.214,9.126,-66,NO_MOVEMENT,21
2026-09-08T11:36:19.337,6.481,5.214,9.126,-66,NO_MOVEMENT,21
2026-09-08T11:36:19.962,8.494,5.214,9.126,-66,NO_MOVEMENT,21
2026-09-08T11:36:20.778,7.795,5.214,9.126,-65,NO_MOVEMENT,21
2026-09-08T11:36:21.483,7.997,5.214,9.126,-66,NO_MOVEMENT,21
2026-09-08T11:36:22.069,3.375,5.214,9.126,-66,NO_MOVEMENT,21
2026-09-08T11:36:22.655,3.121,5.214,9.126,-66,NO_MOVEMENT,21
2026-09-08T11:36:23.221,3.328,5.214,9.126,-66,NO_MOVEMENT,21
2026-09-08T11:36:23.757,2.858,5.214,9.126,-66,NO_MOVEMENT,21
2026-09-08T11:36:24.296,2.999,5.214,9.126,-67,NO_MOVEMENT,21
2026-09-08T11:36:24.915,3.255,5.214,9.126,-66,NO_MOVEMENT,21
2026-09-08T11:36:25.499,3.370,5.214,9.126,-66,NO_MOVEMENT,21
2026-09-08T11:36:26.027,3.489,5.214,9.126,-66,NO_MOVEMENT,21
2026-09-08T11:36:26.593,4.235,5.214,9.126,-66,NO_MOVEMENT,21
2026-09-08T11:36:27.111,5.137,5.214,9.126,-66,NO_MOVEMENT,21
2026-09-08T11:36:28.042,5.472,5.214,9.126,-66,NO_MOVEMENT,21
2026-09-08T11:36:29.024,9.059,5.214,9.126,-66,RECENT_MOVEMENT,22
2026-09-08T11:36:29.733,10.257,5.214,9.126,-66,MOVEMENT,23
2026-09-08T11:36:30.337,11.638,5.214,9.126,-66,MOVEMENT,23
2026-09-08T11:36:30.933,10.380,5.214,9.126,-66,MOVEMENT,23
2026-09-08T11:36:31.488,8.668,5.214,9.126,-66,RECENT_MOVEMENT,23
2026-09-08T11:36:32.032,5.951,5.214,9.126,-67,RECENT_MOVEMENT,23
2026-09-08T11:36:32.559,5.695,5.214,9.126,-68,RECENT_MOVEMENT,23
2026-09-08T11:36:33.291,4.032,5.214,9.126,-65,RECENT_MOVEMENT,23
2026-09-08T11:36:33.890,6.346,5.214,9.126,-65,RECENT_MOVEMENT,23
2026-09-08T11:36:34.501,7.081,5.214,9.126,-67,RECENT_MOVEMENT,23
2026-09-08T11:36:35.090,7.595,5.214,9.126,-67,RECENT_MOVEMENT,23
2026-09-08T11:36:35.712,6.283,5.214,9.126,-67,RECENT_MOVEMENT,23
2026-09-08T11:36:36.341,3.940,5.214,9.126,-67,NO_MOVEMENT,23
2026-09-08T11:36:36.954,5.712,5.214,9.126,-66,NO_MOVEMENT,23
2026-09-08T11:36:37.523,7.350,5.214,9.126,-65,NO_MOVEMENT,23
2026-09-08T11:36:38.129,7.201,5.214,9.126,-66,NO_MOVEMENT,23
2026-09-08T11:36:38.705,7.316,5.214,9.126,-66,NO_MOVEMENT,23
2026-09-08T11:36:39.313,5.548,5.214,9.126,-66,NO_MOVEMENT,23
2026-09-08T11:36:39.893,3.107,5.214,9.126,-66,NO_MOVEMENT,23
2026-09-08T11:36:40.496,3.047,5.214,9.126,-67,NO_MOVEMENT,23
2026-09-08T11:36:41.067,2.668,5.214,9.126,-66,NO_MOVEMENT,23
2026-09-08T11:36:41.636,3.146,5.214,9.126,-66,NO_MOVEMENT,23
2026-09-08T11:36:42.140,3.362,5.214,9.126,-66,NO_MOVEMENT,23
2026-09-08T11:36:42.696,5.514,5.214,9.126,-67,NO_MOVEMENT,23
2026-09-08T11:36:43.223,5.775,5.214,9.126,-66,NO_MOVEMENT,23
2026-09-08T11:36:44.124,5.662,5.214,9.126,-67,NO_MOVEMENT,23
2026-09-08T11:36:44.696,7.392,5.214,9.126,-66,NO_MOVEMENT,23
2026-09-08T11:36:45.371,5.608,5.214,9.126,-67,NO_MOVEMENT,23
2026-09-08T11:36:46.014,3.672,5.214,9.126,-67,NO_MOVEMENT,23
2026-09-08T11:36:46.621,4.097,5.214,9.126,-67,NO_MOVEMENT,23
2026-09-08T11:36:47.181,6.619,5.214,9.126,-68,NO_MOVEMENT,23
2026-09-08T11:36:47.787,6.711,5.214,9.126,-66,NO_MOVEMENT,23
2026-09-08T11:36:48.382,6.630,5.214,9.126,-66,NO_MOVEMENT,23
2026-09-08T11:36:48.963,6.554,5.214,9.126,-67,NO_MOVEMENT,23
2026-09-08T11:36:49.557,3.862,5.214,9.126,-69,NO_MOVEMENT,23
2026-09-08T11:36:50.174,3.605,5.214,9.126,-67,NO_MOVEMENT,23
2026-09-08T11:36:50.811,5.662,5.214,9.126,-67,NO_MOVEMENT,23
2026-09-08T11:36:51.440,6.365,5.214,9.126,-67,NO_MOVEMENT,23
2026-09-08T11:36:52.090,6.964,5.214,9.126,-68,NO_MOVEMENT,23
2026-09-08T11:36:52.731,6.356,5.214,9.126,-67,NO_MOVEMENT,23
2026-09-08T11:36:53.358,5.663,5.214,9.126,-67,NO_MOVEMENT,23
2026-09-08T11:36:53.985,5.749,5.214,9.126,-68,NO_MOVEMENT,23
2026-09-08T11:36:54.536,4.938,5.214,9.126,-67,NO_MOVEMENT,23
2026-09-08T11:36:55.111,4.812,5.214,9.126,-67,NO_MOVEMENT,23
2026-09-08T11:36:55.887,4.246,5.214,9.126,-68,NO_MOVEMENT,23
2026-09-08T11:36:56.503,4.545,5.214,9.126,-67,NO_MOVEMENT,23
2026-09-08T11:36:57.100,4.300,5.214,9.126,-68,NO_MOVEMENT,23
2026-09-08T11:36:57.653,4.039,5.214,9.126,-69,NO_MOVEMENT,23
2026-09-08T11:36:58.197,4.133,5.214,9.126,-67,NO_MOVEMENT,23
2026-09-08T11:36:58.768,4.380,5.214,9.126,-66,NO_MOVEMENT,23
2026-09-08T11:36:59.358,4.133,5.214,9.126,-67,NO_MOVEMENT,23
2026-09-08T11:36:59.951,6.268,5.214,9.126,-69,NO_MOVEMENT,23
2026-09-08T11:37:00.596,6.383,5.214,9.126,-69,NO_MOVEMENT,23
2026-09-08T11:37:01.189,6.050,5.214,9.126,-69,NO_MOVEMENT,23
2026-09-08T11:37:01.755,6.967,5.214,9.126,-70,NO_MOVEMENT,23
2026-09-08T11:37:02.276,6.351,5.214,9.126,-70,NO_MOVEMENT,23
2026-09-08T11:37:02.862,7.878,5.214,9.126,-69,NO_MOVEMENT,23
2026-09-08T11:37:03.460,7.077,5.214,9.126,-69,NO_MOVEMENT,23
2026-09-08T11:37:04.012,5.217,5.214,9.126,-69,NO_MOVEMENT,23
2026-09-08T11:37:05.015,8.198,5.214,9.126,-70,NO_MOVEMENT,23
2026-09-08T11:37:05.551,8.262,5.214,9.126,-68,NO_MOVEMENT,23
2026-09-08T11:37:06.594,9.057,5.214,9.126,-70,RECENT_MOVEMENT,24
2026-09-08T11:37:07.194,8.078,5.214,9.126,-69,RECENT_MOVEMENT,24
2026-09-08T11:37:07.888,7.504,5.214,9.126,-65,RECENT_MOVEMENT,24
2026-09-08T11:37:08.462,7.557,5.214,9.126,-67,RECENT_MOVEMENT,24
2026-09-08T11:37:09.082,6.191,5.214,9.126,-66,RECENT_MOVEMENT,24
2026-09-08T11:37:09.669,6.244,5.214,9.126,-67,RECENT_MOVEMENT,24
2026-09-08T11:37:10.256,4.621,5.214,9.126,-65,RECENT_MOVEMENT,24
2026-09-08T11:37:10.863,6.090,5.214,9.126,-67,RECENT_MOVEMENT,24
2026-09-08T11:37:11.410,8.319,5.214,9.126,-68,RECENT_MOVEMENT,24
2026-09-08T11:37:12.016,9.620,5.214,9.126,-70,MOVEMENT,25
2026-09-08T11:37:12.575,9.744,5.214,9.126,-66,MOVEMENT,25
2026-09-08T11:37:13.136,8.836,5.214,9.126,-66,RECENT_MOVEMENT,25
2026-09-08T11:37:13.699,11.571,5.214,9.126,-68,MOVEMENT,26
2026-09-08T11:37:14.299,10.726,5.214,9.126,-71,MOVEMENT,26
2026-09-08T11:37:14.884,11.107,5.214,9.126,-67,MOVEMENT,26
2026-09-08T11:37:15.428,8.889,5.214,9.126,-69,RECENT_MOVEMENT,26
2026-09-08T11:37:16.046,9.246,5.214,9.126,-68,MOVEMENT,27
2026-09-08T11:37:16.731,6.651,5.214,9.126,-68,RECENT_MOVEMENT,27
2026-09-08T11:37:17.358,6.609,5.214,9.126,-67,RECENT_MOVEMENT,27
2026-09-08T11:37:17.984,6.523,5.214,9.126,-66,RECENT_MOVEMENT,27
2026-09-08T11:37:18.609,6.278,5.214,9.126,-67,RECENT_MOVEMENT,27
2026-09-08T11:37:19.339,6.068,5.214,9.126,-68,RECENT_MOVEMENT,27
2026-09-08T11:37:20.008,6.501,5.214,9.126,-66,RECENT_MOVEMENT,27
2026-09-08T11:37:20.625,6.876,5.214,9.126,-67,RECENT_MOVEMENT,27
2026-09-08T11:37:21.211,8.570,5.214,9.126,-68,NO_MOVEMENT,27
2026-09-08T11:37:21.799,8.049,5.214,9.126,-69,NO_MOVEMENT,27
2026-09-08T11:37:22.411,6.636,5.214,9.126,-66,NO_MOVEMENT,27
2026-09-08T11:37:22.937,6.794,5.214,9.126,-68,NO_MOVEMENT,27
2026-09-08T11:37:23.520,4.976,5.214,9.126,-70,NO_MOVEMENT,27
2026-09-08T11:37:24.160,4.769,5.214,9.126,-71,NO_MOVEMENT,27
2026-09-08T11:37:24.679,6.703,5.214,9.126,-76,NO_MOVEMENT,27
2026-09-08T11:37:25.734,8.410,5.214,9.126,-77,NO_MOVEMENT,27
2026-09-08T11:37:26.272,8.495,5.214,9.126,-73,NO_MOVEMENT,27
2026-09-08T11:37:26.868,9.078,5.214,9.126,-79,NO_MOVEMENT,27
2026-09-08T11:37:27.481,10.327,5.214,9.126,-70,MOVEMENT,28
2026-09-08T11:37:28.164,8.439,5.214,9.126,-69,RECENT_MOVEMENT,28
2026-09-08T11:37:28.813,5.129,5.214,9.126,-71,RECENT_MOVEMENT,28
2026-09-08T11:37:29.445,7.025,5.214,9.126,-71,RECENT_MOVEMENT,28
2026-09-08T11:37:30.078,7.100,5.214,9.126,-73,RECENT_MOVEMENT,28
2026-09-08T11:37:30.627,6.588,5.214,9.126,-73,RECENT_MOVEMENT,28
2026-09-08T11:37:31.396,5.987,5.214,9.126,-72,RECENT_MOVEMENT,28
2026-09-08T11:37:32.035,6.470,5.214,9.126,-73,RECENT_MOVEMENT,28
2026-09-08T11:37:32.660,6.067,5.214,9.126,-71,RECENT_MOVEMENT,28
2026-09-08T11:37:33.326,5.225,5.214,9.126,-72,NO_MOVEMENT,28
2026-09-08T11:37:33.921,4.860,5.214,9.126,-72,NO_MOVEMENT,28
2026-09-08T11:37:34.487,4.713,5.214,9.126,-71,NO_MOVEMENT,28
2026-09-08T11:37:35.060,4.556,5.214,9.126,-70,NO_MOVEMENT,28
2026-09-08T11:37:35.611,6.572,5.214,9.126,-67,NO_MOVEMENT,28
2026-09-08T11:37:36.175,6.531,5.214,9.126,-67,NO_MOVEMENT,28
2026-09-08T11:37:36.698,5.060,5.214,9.126,-68,NO_MOVEMENT,28
2026-09-08T11:37:37.208,4.225,5.214,9.126,-69,NO_MOVEMENT,28
2026-09-08T11:37:37.769,4.567,5.214,9.126,-68,NO_MOVEMENT,28
2026-09-08T11:37:38.270,4.734,5.214,9.126,-67,NO_MOVEMENT,28
2026-09-08T11:37:38.823,4.119,5.214,9.126,-67,NO_MOVEMENT,28
2026-09-08T11:37:39.367,2.888,5.214,9.126,-67,NO_MOVEMENT,28
2026-09-08T11:37:39.978,3.120,5.214,9.126,-67,NO_MOVEMENT,28
2026-09-08T11:37:40.592,3.745,5.214,9.126,-69,NO_MOVEMENT,28
2026-09-08T11:37:41.134,5.201,5.214,9.126,-72,NO_MOVEMENT,28
2026-09-08T11:37:41.661,6.506,5.214,9.126,-71,NO_MOVEMENT,28
2026-09-08T11:37:42.751,5.831,5.214,9.126,-74,NO_MOVEMENT,28
2026-09-08T11:37:43.456,8.112,5.214,9.126,-72,NO_MOVEMENT,28
2026-09-08T11:37:44.025,7.950,5.214,9.126,-68,NO_MOVEMENT,28
2026-09-08T11:37:44.605,7.700,5.214,9.126,-68,NO_MOVEMENT,28
2026-09-08T11:37:45.645,5.611,5.214,9.126,-67,NO_MOVEMENT,28
2026-09-08T11:37:46.254,5.513,5.214,9.126,-66,NO_MOVEMENT,28
2026-09-08T11:37:46.795,5.111,5.214,9.126,-65,NO_MOVEMENT,28
2026-09-08T11:37:47.764,4.134,5.214,9.126,-67,NO_MOVEMENT,28
2026-09-08T11:37:48.299,3.902,5.214,9.126,-65,NO_MOVEMENT,28
2026-09-08T11:37:48.858,4.256,5.214,9.126,-66,NO_MOVEMENT,28
2026-09-08T11:37:49.386,4.285,5.214,9.126,-67,NO_MOVEMENT,28
2026-09-08T11:37:49.957,4.259,5.214,9.126,-66,NO_MOVEMENT,28
2026-09-08T11:37:50.609,4.302,5.214,9.126,-65,NO_MOVEMENT,28
2026-09-08T11:37:51.358,9.773,5.214,9.126,-62,NO_MOVEMENT,28
2026-09-08T11:37:51.989,9.564,5.214,9.126,-65,MOVEMENT,29
2026-09-08T11:37:52.572,9.362,5.214,9.126,-66,MOVEMENT,29
2026-09-08T11:37:53.314,4.393,5.214,9.126,-67,RECENT_MOVEMENT,29
2026-09-08T11:37:53.934,4.324,5.214,9.126,-66,RECENT_MOVEMENT,29
2026-09-08T11:37:54.486,4.117,5.214,9.126,-67,RECENT_MOVEMENT,29
2026-09-08T11:37:55.006,5.064,5.214,9.126,-68,RECENT_MOVEMENT,29
2026-09-08T11:37:55.722,6.315,5.214,9.126,-67,RECENT_MOVEMENT,29
2026-09-08T11:37:56.285,5.407,5.214,9.126,-68,RECENT_MOVEMENT,29
2026-09-08T11:37:57.291,5.024,5.214,9.126,-67,RECENT_MOVEMENT,29
2026-09-08T11:37:57.859,3.565,5.214,9.126,-66,NO_MOVEMENT,29
2026-09-08T11:37:58.432,3.653,5.214,9.126,-66,NO_MOVEMENT,29
2026-09-08T11:37:58.988,4.349,5.214,9.126,-66,NO_MOVEMENT,29
2026-09-08T11:37:59.590,4.145,5.214,9.126,-66,NO_MOVEMENT,29
2026-09-08T11:38:00.146,4.200,5.214,9.126,-65,NO_MOVEMENT,29
2026-09-08T11:38:00.720,3.786,5.214,9.126,-65,NO_MOVEMENT,29
2026-09-08T11:38:01.331,3.491,5.214,9.126,-65,NO_MOVEMENT,29
2026-09-08T11:38:01.840,3.599,5.214,9.126,-65,NO_MOVEMENT,29
2026-09-08T11:38:02.366,3.585,5.214,9.126,-66,NO_MOVEMENT,29
2026-09-08T11:38:02.961,3.468,5.214,9.126,-65,NO_MOVEMENT,29
2026-09-08T11:38:04.027,5.691,5.214,9.126,-65,NO_MOVEMENT,29
2026-09-08T11:38:04.609,5.655,5.214,9.126,-66,NO_MOVEMENT,29
2026-09-08T11:38:05.135,4.779,5.214,9.126,-65,NO_MOVEMENT,29
2026-09-08T11:38:05.720,2.930,5.214,9.126,-65,NO_MOVEMENT,29
2026-09-08T11:38:06.324,3.151,5.214,9.126,-65,NO_MOVEMENT,29
2026-09-08T11:38:06.900,3.132,5.214,9.126,-65,NO_MOVEMENT,29
2026-09-08T11:38:07.525,3.997,5.214,9.126,-65,NO_MOVEMENT,29
2026-09-08T11:38:08.290,4.170,5.214,9.126,-66,NO_MOVEMENT,29
2026-09-08T11:38:08.840,3.902,5.214,9.126,-66,NO_MOVEMENT,29
2026-09-08T11:38:09.392,3.957,5.214,9.126,-66,NO_MOVEMENT,29
2026-09-08T11:38:09.975,3.204,5.214,9.126,-65,NO_MOVEMENT,29
2026-09-08T11:38:10.571,3.214,5.214,9.126,-65,NO_MOVEMENT,29
2026-09-08T11:38:11.171,3.474,5.214,9.126,-66,NO_MOVEMENT,29
2026-09-08T11:38:11.750,2.977,5.214,9.126,-65,NO_MOVEMENT,29
2026-09-08T11:38:12.340,2.869,5.214,9.126,-65,NO_MOVEMENT,29
2026-09-08T11:38:12.962,3.049,5.214,9.126,-65,NO_MOVEMENT,29
2026-09-08T11:38:13.546,3.355,5.214,9.126,-66,NO_MOVEMENT,29
2026-09-08T11:38:14.140,2.891,5.214,9.126,-65,NO_MOVEMENT,29
2026-09-08T11:38:14.800,3.142,5.214,9.126,-64,NO_MOVEMENT,29
2026-09-08T11:38:15.394,3.516,5.214,9.126,-65,NO_MOVEMENT,29
2026-09-08T11:38:15.999,3.576,5.214,9.126,-65,NO_MOVEMENT,29
2026-09-08T11:38:16.598,3.208,5.214,9.126,-65,NO_MOVEMENT,29
2026-09-08T11:38:17.143,2.964,5.214,9.126,-64,NO_MOVEMENT,29
2026-09-08T11:38:17.753,3.455,5.214,9.126,-65,NO_MOVEMENT,29
2026-09-08T11:38:18.392,3.121,5.214,9.126,-64,NO_MOVEMENT,29
2026-09-08T11:38:18.931,3.115,5.214,9.126,-64,NO_MOVEMENT,29
2026-09-08T11:38:19.644,2.993,5.214,9.126,-65,NO_MOVEMENT,29
2026-09-08T11:38:20.228,3.187,5.214,9.126,-65,NO_MOVEMENT,29
2026-09-08T11:38:20.832,3.009,5.214,9.126,-65,NO_MOVEMENT,29
2026-09-08T11:38:21.369,3.145,5.214,9.126,-64,NO_MOVEMENT,29
2026-09-08T11:38:21.939,4.616,5.214,9.126,-64,NO_MOVEMENT,29
2026-09-08T11:38:22.516,4.383,5.214,9.126,-63,NO_MOVEMENT,29
2026-09-08T11:38:23.050,4.438,5.214,9.126,-63,NO_MOVEMENT,29
2026-09-08T11:38:23.681,2.554,5.214,9.126,-63,NO_MOVEMENT,29
2026-09-08T11:38:24.249,2.546,5.214,9.126,-64,NO_MOVEMENT,29
2026-09-08T11:38:24.833,2.586,5.214,9.126,-65,NO_MOVEMENT,29
2026-09-08T11:38:25.460,2.719,5.214,9.126,-65,NO_MOVEMENT,29
2026-09-08T11:38:26.078,2.810,5.214,9.126,-65,NO_MOVEMENT,29
2026-09-08T11:38:26.743,3.590,5.214,9.126,-65,NO_MOVEMENT,29
2026-09-08T11:38:27.407,3.843,5.214,9.126,-64,NO_MOVEMENT,29
2026-09-08T11:38:27.990,4.174,5.214,9.126,-65,NO_MOVEMENT,29
2026-09-08T11:38:28.504,4.144,5.214,9.126,-65,NO_MOVEMENT,29
2026-09-08T11:38:29.064,3.596,5.214,9.126,-67,NO_MOVEMENT,29
2026-09-08T11:38:29.692,5.328,5.214,9.126,-66,NO_MOVEMENT,29
2026-09-08T11:38:30.292,4.631,5.214,9.126,-65,NO_MOVEMENT,29
2026-09-08T11:38:30.914,4.343,5.214,9.126,-66,NO_MOVEMENT,29
2026-09-08T11:38:31.601,4.759,5.214,9.126,-65,NO_MOVEMENT,29
2026-09-08T11:38:32.173,4.906,5.214,9.126,-68,NO_MOVEMENT,29
2026-09-08T11:38:32.782,5.946,5.214,9.126,-67,NO_MOVEMENT,29
2026-09-08T11:38:33.485,5.495,5.214,9.126,-66,NO_MOVEMENT,29
2026-09-08T11:38:34.051,3.672,5.214,9.126,-66,NO_MOVEMENT,29
2026-09-08T11:38:34.689,3.545,5.214,9.126,-68,NO_MOVEMENT,29
2026-09-08T11:38:35.213,3.941,5.214,9.126,-69,NO_MOVEMENT,29
2026-09-08T11:38:35.732,4.102,5.214,9.126,-67,NO_MOVEMENT,29
2026-09-08T11:38:36.308,4.326,5.214,9.126,-66,NO_MOVEMENT,29
2026-09-08T11:38:36.951,3.971,5.214,9.126,-67,NO_MOVEMENT,29
2026-09-08T11:38:37.588,3.263,5.214,9.126,-67,NO_MOVEMENT,29
2026-09-08T11:38:38.256,3.278,5.214,9.126,-67,NO_MOVEMENT,29
2026-09-08T11:38:38.910,3.140,5.214,9.126,-67,NO_MOVEMENT,29
2026-09-08T11:38:39.555,2.684,5.214,9.126,-67,NO_MOVEMENT,29
2026-09-08T11:38:40.168,2.907,5.214,9.126,-67,NO_MOVEMENT,29
2026-09-08T11:38:40.787,3.159,5.214,9.126,-67,NO_MOVEMENT,29
2026-09-08T11:38:41.438,3.504,5.214,9.126,-67,NO_MOVEMENT,29
2026-09-08T11:38:42.128,3.756,5.214,9.126,-67,NO_MOVEMENT,29
2026-09-08T11:38:42.784,4.072,5.214,9.126,-67,NO_MOVEMENT,29
2026-09-08T11:38:43.440,3.310,5.214,9.126,-68,NO_MOVEMENT,29
2026-09-08T11:38:44.186,3.311,5.214,9.126,-68,NO_MOVEMENT,29
2026-09-08T11:38:44.793,3.280,5.214,9.126,-67,NO_MOVEMENT,29
2026-09-08T11:38:45.420,3.351,5.214,9.126,-68,NO_MOVEMENT,29
2026-09-08T11:38:46.074,4.039,5.214,9.126,-67,NO_MOVEMENT,29
2026-09-08T11:38:46.909,5.124,5.214,9.126,-67,NO_MOVEMENT,29
2026-09-08T11:38:47.574,5.474,5.214,9.126,-68,NO_MOVEMENT,29
2026-09-08T11:38:48.241,5.225,5.214,9.126,-67,NO_MOVEMENT,29
2026-09-08T11:38:48.872,4.003,5.214,9.126,-67,NO_MOVEMENT,29
2026-09-08T11:38:49.539,5.270,5.214,9.126,-67,NO_MOVEMENT,29
2026-09-08T11:38:50.179,4.457,5.214,9.126,-67,NO_MOVEMENT,29
2026-09-08T11:38:50.822,4.151,5.214,9.126,-66,NO_MOVEMENT,29
2026-09-08T11:38:51.455,5.410,5.214,9.126,-67,NO_MOVEMENT,29
2026-09-08T11:38:52.056,5.064,5.214,9.126,-65,NO_MOVEMENT,29
2026-09-08T11:38:52.594,5.512,5.214,9.126,-65,NO_MOVEMENT,29
2026-09-08T11:38:53.178,4.755,5.214,9.126,-65,NO_MOVEMENT,29
2026-09-08T11:38:53.744,3.430,5.214,9.126,-66,NO_MOVEMENT,29
2026-09-08T11:38:54.338,3.288,5.214,9.126,-66,NO_MOVEMENT,29
2026-09-08T11:38:54.990,3.576,5.214,9.126,-67,NO_MOVEMENT,29
2026-09-08T11:38:55.600,4.040,5.214,9.126,-66,NO_MOVEMENT,29
2026-09-08T11:38:56.374,3.405,5.214,9.126,-67,NO_MOVEMENT,29
2026-09-08T11:38:57.023,3.555,5.214,9.126,-67,NO_MOVEMENT,29
2026-09-08T11:38:57.680,3.639,5.214,9.126,-67,NO_MOVEMENT,29
2026-09-08T11:38:58.259,4.146,5.214,9.126,-68,NO_MOVEMENT,29
2026-09-08T11:38:58.800,5.050,5.214,9.126,-68,NO_MOVEMENT,29
2026-09-08T11:38:59.350,5.469,5.214,9.126,-67,NO_MOVEMENT,29
2026-09-08T11:39:00.014,4.191,5.214,9.126,-67,NO_MOVEMENT,29
2026-09-08T11:39:00.760,4.352,5.214,9.126,-67,NO_MOVEMENT,29
2026-09-08T11:39:01.451,3.626,5.214,9.126,-68,NO_MOVEMENT,29
2026-09-08T11:39:02.117,3.606,5.214,9.126,-68,NO_MOVEMENT,29
2026-09-08T11:39:02.727,3.714,5.214,9.126,-67,NO_MOVEMENT,29
2026-09-08T11:39:03.302,3.905,5.214,9.126,-68,NO_MOVEMENT,29
2026-09-08T11:39:03.841,3.905,5.214,9.126,-67,NO_MOVEMENT,29
2026-09-08T11:39:04.363,3.608,5.214,9.126,-67,NO_MOVEMENT,29
2026-09-08T11:39:04.962,3.371,5.214,9.126,-67,NO_MOVEMENT,29
2026-09-08T11:39:05.559,3.190,5.214,9.126,-67,NO_MOVEMENT,29
2026-09-08T11:39:06.499,3.497,5.214,9.126,-67,NO_MOVEMENT,29
2026-09-08T11:39:07.028,5.268,5.214,9.126,-68,NO_MOVEMENT,29
2026-09-08T11:39:07.633,7.080,5.214,9.126,-68,NO_MOVEMENT,29
2026-09-08T11:39:08.161,7.090,5.214,9.126,-68,NO_MOVEMENT,29
2026-09-08T11:39:08.830,5.298,5.214,9.126,-67,NO_MOVEMENT,29
2026-09-08T11:39:09.428,4.615,5.214,9.126,-69,NO_MOVEMENT,29
2026-09-08T11:39:10.064,4.211,5.214,9.126,-68,NO_MOVEMENT,29
2026-09-08T11:39:10.710,5.252,5.214,9.126,-68,NO_MOVEMENT,29
2026-09-08T11:39:11.312,5.411,5.214,9.126,-68,NO_MOVEMENT,29
2026-09-08T11:39:11.930,5.650,5.214,9.126,-69,NO_MOVEMENT,29
2026-09-08T11:39:12.512,5.025,5.214,9.126,-69,NO_MOVEMENT,29
2026-09-08T11:39:13.125,5.265,5.214,9.126,-69,NO_MOVEMENT,29
2026-09-08T11:39:13.759,6.884,5.214,9.126,-71,NO_MOVEMENT,29
2026-09-08T11:39:14.390,5.799,5.214,9.126,-68,NO_MOVEMENT,29
2026-09-08T11:39:14.976,6.931,5.214,9.126,-68,NO_MOVEMENT,29
2026-09-08T11:39:15.494,5.485,5.214,9.126,-67,NO_MOVEMENT,29
2026-09-08T11:39:16.082,5.683,5.214,9.126,-66,NO_MOVEMENT,29
2026-09-08T11:39:16.629,17.082,5.214,9.126,-72,MOVEMENT,30
2026-09-08T11:39:17.238,17.562,5.214,9.126,-68,MOVEMENT,30
2026-09-08T11:39:17.817,18.093,5.214,9.126,-66,MOVEMENT,30
2026-09-08T11:39:18.402,5.214,5.214,9.126,-66,RECENT_MOVEMENT,30
2026-09-08T11:39:19.030,6.353,5.214,9.126,-69,RECENT_MOVEMENT,30
2026-09-08T11:39:19.631,4.976,5.214,9.126,-67,RECENT_MOVEMENT,30
2026-09-08T11:39:20.327,5.252,5.214,9.126,-68,RECENT_MOVEMENT,30
2026-09-08T11:39:20.842,7.438,5.214,9.126,-73,RECENT_MOVEMENT,30
2026-09-08T11:39:21.444,8.344,5.214,9.126,-72,RECENT_MOVEMENT,30
2026-09-08T11:39:22.033,8.748,5.214,9.126,-66,RECENT_MOVEMENT,30
2026-09-08T11:39:22.693,5.302,5.214,9.126,-67,RECENT_MOVEMENT,30
2026-09-08T11:39:23.373,5.224,5.214,9.126,-65,NO_MOVEMENT,30
2026-09-08T11:39:24.016,6.111,5.214,9.126,-64,NO_MOVEMENT,30
2026-09-08T11:39:24.644,5.361,5.214,9.126,-67,NO_MOVEMENT,30
2026-09-08T11:39:25.190,5.512,5.214,9.126,-70,NO_MOVEMENT,30
2026-09-08T11:39:25.801,5.105,5.214,9.126,-66,NO_MOVEMENT,30
2026-09-08T11:39:26.367,5.331,5.214,9.126,-65,NO_MOVEMENT,30
2026-09-08T11:39:26.885,4.581,5.214,9.126,-65,NO_MOVEMENT,30
2026-09-08T11:39:27.395,3.835,5.214,9.126,-64,NO_MOVEMENT,30
2026-09-08T11:39:27.948,4.331,5.214,9.126,-69,NO_MOVEMENT,30
2026-09-08T11:39:28.538,5.166,5.214,9.126,-72,NO_MOVEMENT,30
2026-09-08T11:39:29.144,10.964,5.214,9.126,-67,MOVEMENT,31
2026-09-08T11:39:29.774,10.729,5.214,9.126,-65,MOVEMENT,31
2026-09-08T11:39:30.804,5.386,5.214,9.126,-66,RECENT_MOVEMENT,31
2026-09-08T11:39:31.471,5.517,5.214,9.126,-69,RECENT_MOVEMENT,31
2026-09-08T11:39:32.061,5.709,5.214,9.126,-72,RECENT_MOVEMENT,31
2026-09-08T11:39:32.624,6.601,5.214,9.126,-71,RECENT_MOVEMENT,31
2026-09-08T11:39:33.263,7.679,5.214,9.126,-72,RECENT_MOVEMENT,31
2026-09-08T11:39:33.881,8.606,5.214,9.126,-70,RECENT_MOVEMENT,31
2026-09-08T11:39:34.478,11.311,5.214,9.126,-75,RECENT_MOVEMENT,31
2026-09-08T11:39:35.030,16.101,5.214,9.126,-77,MOVEMENT,32
2026-09-08T11:39:35.632,27.367,5.214,9.126,-72,MOVEMENT,32
2026-09-08T11:39:36.232,24.932,5.214,9.126,-70,MOVEMENT,32
2026-09-08T11:39:36.854,15.418,5.214,9.126,-69,MOVEMENT,32
2026-09-08T11:39:37.496,5.622,5.214,9.126,-66,RECENT_MOVEMENT,32
2026-09-08T11:39:38.368,19.999,5.214,9.126,-77,MOVEMENT,33
2026-09-08T11:39:38.999,25.778,5.214,9.126,-83,MOVEMENT,33
2026-09-08T11:39:39.686,27.314,5.214,9.126,-76,MOVEMENT,33
2026-09-08T11:39:40.342,38.459,5.214,9.126,-79,MOVEMENT,33
2026-09-08T11:39:40.937,45.604,5.214,9.126,-75,MOVEMENT,33
2026-09-08T11:39:41.546,35.034,5.214,9.126,-81,MOVEMENT,33
2026-09-08T11:39:42.094,23.928,5.214,9.126,-74,MOVEMENT,33
2026-09-08T11:39:42.691,36.417,5.214,9.126,-84,MOVEMENT,33
2026-09-08T11:39:43.492,31.928,5.214,9.126,-82,MOVEMENT,33
2026-09-08T11:39:44.066,30.636,5.214,9.126,-79,MOVEMENT,33
2026-09-08T11:39:44.688,19.478,5.214,9.126,-78,MOVEMENT,33
2026-09-08T11:39:45.300,24.371,5.214,9.126,-77,MOVEMENT,33
2026-09-08T11:39:45.916,25.731,5.214,9.126,-82,MOVEMENT,33
2026-09-08T11:39:46.560,45.330,5.214,9.126,-82,MOVEMENT,33
2026-09-08T11:39:47.122,43.147,5.214,9.126,-79,MOVEMENT,33
2026-09-08T11:39:47.795,36.789,5.214,9.126,-80,MOVEMENT,33
2026-09-08T11:39:48.450,33.769,5.214,9.126,-77,MOVEMENT,33
2026-09-08T11:39:49.081,36.161,5.214,9.126,-77,MOVEMENT,33
2026-09-08T11:39:49.668,37.803,5.214,9.126,-79,MOVEMENT,33
2026-09-08T11:39:50.224,27.790,5.214,9.126,-79,MOVEMENT,33
2026-09-08T11:39:50.735,27.943,5.214,9.126,-71,MOVEMENT,33
2026-09-08T11:39:51.307,12.658,5.214,9.126,-73,MOVEMENT,33
2026-09-08T11:39:51.812,12.246,5.214,9.126,-74,MOVEMENT,33
2026-09-08T11:39:52.449,7.113,5.214,9.126,-73,RECENT_MOVEMENT,33
2026-09-08T11:39:53.118,6.757,5.214,9.126,-77,RECENT_MOVEMENT,33
2026-09-08T11:39:53.672,9.057,5.214,9.126,-73,RECENT_MOVEMENT,33
2026-09-08T11:39:54.233,10.224,5.214,9.126,-73,MOVEMENT,34
2026-09-08T11:39:55.011,11.505,5.214,9.126,-79,MOVEMENT,34
2026-09-08T11:39:55.564,19.302,5.214,9.126,-84,MOVEMENT,34
2026-09-08T11:39:56.172,20.712,5.214,9.126,-77,MOVEMENT,34
2026-09-08T11:39:56.835,24.335,5.214,9.126,-77,MOVEMENT,34
2026-09-08T11:39:57.499,36.822,5.214,9.126,-82,MOVEMENT,34
2026-09-08T11:39:58.124,32.708,5.214,9.126,-76,MOVEMENT,34
2026-09-08T11:39:58.708,33.933,5.214,9.126,-82,MOVEMENT,34
2026-09-08T11:39:59.304,32.670,5.214,9.126,-82,MOVEMENT,34
2026-09-08T11:39:59.958,31.711,5.214,9.126,-77,MOVEMENT,34
2026-09-08T11:40:00.527,31.658,5.214,9.126,-76,MOVEMENT,34
2026-09-08T11:40:01.228,13.858,5.214,9.126,-75,MOVEMENT,34
2026-09-08T11:40:01.899,9.819,5.214,9.126,-72,MOVEMENT,34
2026-09-08T11:40:02.570,8.563,5.214,9.126,-73,RECENT_MOVEMENT,34
2026-09-08T11:40:03.247,6.213,5.214,9.126,-75,RECENT_MOVEMENT,34
2026-09-08T11:40:03.864,16.981,5.214,9.126,-79,MOVEMENT,35
2026-09-08T11:40:04.529,16.225,5.214,9.126,-77,MOVEMENT,35
2026-09-08T11:40:05.152,13.843,5.214,9.126,-78,MOVEMENT,35
2026-09-08T11:40:05.827,11.291,5.214,9.126,-74,MOVEMENT,35
2026-09-08T11:40:06.529,9.040,5.214,9.126,-74,RECENT_MOVEMENT,35
2026-09-08T11:40:07.194,6.189,5.214,9.126,-74,RECENT_MOVEMENT,35
2026-09-08T11:40:08.109,6.572,5.214,9.126,-72,RECENT_MOVEMENT,35
2026-09-08T11:40:08.792,8.016,5.214,9.126,-72,RECENT_MOVEMENT,35
2026-09-08T11:40:09.457,7.591,5.214,9.126,-72,RECENT_MOVEMENT,35
2026-09-08T11:40:10.135,5.455,5.214,9.126,-70,RECENT_MOVEMENT,35
2026-09-08T11:40:10.763,6.024,5.214,9.126,-73,RECENT_MOVEMENT,35
2026-09-08T11:40:11.398,6.352,5.214,9.126,-72,RECENT_MOVEMENT,35
2026-09-08T11:40:12.025,5.758,5.214,9.126,-71,NO_MOVEMENT,35
2026-09-08T11:40:12.631,4.859,5.214,9.126,-72,NO_MOVEMENT,35
2026-09-08T11:40:13.283,5.732,5.214,9.126,-74,NO_MOVEMENT,35
2026-09-08T11:40:13.882,7.180,5.214,9.126,-73,NO_MOVEMENT,35
2026-09-08T11:40:14.481,17.414,5.214,9.126,-76,MOVEMENT,36
2026-09-08T11:40:15.108,17.694,5.214,9.126,-73,MOVEMENT,36
2026-09-08T11:40:15.748,18.370,5.214,9.126,-80,MOVEMENT,36
2026-09-08T11:40:16.405,34.219,5.214,9.126,-82,MOVEMENT,36
2026-09-08T11:40:16.999,34.857,5.214,9.126,-79,MOVEMENT,36
2026-09-08T11:40:17.658,34.337,5.214,9.126,-77,MOVEMENT,36
2026-09-08T11:40:18.311,35.188,5.214,9.126,-81,MOVEMENT,36
2026-09-08T11:40:19.004,36.774,5.214,9.126,-71,MOVEMENT,36
2026-09-08T11:40:19.629,33.195,5.214,9.126,-70,MOVEMENT,36
2026-09-08T11:40:20.450,14.548,5.214,9.126,-82,MOVEMENT,36
2026-09-08T11:40:20.994,13.561,5.214,9.126,-76,MOVEMENT,36
2026-09-08T11:40:21.616,12.268,5.214,9.126,-71,MOVEMENT,36
2026-09-08T11:40:22.254,12.339,5.214,9.126,-72,MOVEMENT,36
2026-09-08T11:40:22.916,11.008,5.214,9.126,-74,MOVEMENT,36
2026-09-08T11:40:23.531,10.589,5.214,9.126,-71,MOVEMENT,36
2026-09-08T11:40:24.162,10.733,5.214,9.126,-72,MOVEMENT,36
2026-09-08T11:40:24.827,14.509,5.214,9.126,-83,MOVEMENT,37
2026-09-08T11:40:25.491,34.607,5.214,9.126,-80,MOVEMENT,37
2026-09-08T11:40:26.077,54.220,5.214,9.126,-79,MOVEMENT,37
2026-09-08T11:40:26.696,43.742,5.214,9.126,-78,MOVEMENT,37
2026-09-08T11:40:27.323,37.943,5.214,9.126,-77,MOVEMENT,37
2026-09-08T11:40:27.989,48.667,5.214,9.126,-77,MOVEMENT,37
2026-09-08T11:40:28.619,49.417,5.214,9.126,-77,MOVEMENT,37
2026-09-08T11:40:29.193,19.097,5.214,9.126,-77,MOVEMENT,37
2026-09-08T11:40:29.834,17.498,5.214,9.126,-77,MOVEMENT,37
2026-09-08T11:40:30.420,17.015,5.214,9.126,-77,MOVEMENT,37
2026-09-08T11:40:30.991,37.872,5.214,9.126,-77,MOVEMENT,37
2026-09-08T11:40:31.615,37.559,5.214,9.126,-78,MOVEMENT,37
2026-09-08T11:40:32.209,27.999,5.214,9.126,-80,MOVEMENT,37
2026-09-08T11:40:33.012,25.476,5.214,9.126,-71,MOVEMENT,37
2026-09-08T11:40:33.651,21.523,5.214,9.126,-74,MOVEMENT,37
2026-09-08T11:40:34.244,21.920,5.214,9.126,-75,MOVEMENT,37
2026-09-08T11:40:34.897,21.271,5.214,9.126,-73,MOVEMENT,37
2026-09-08T11:40:35.533,11.418,5.214,9.126,-74,MOVEMENT,37
2026-09-08T11:40:36.153,11.239,5.214,9.126,-77,MOVEMENT,37
2026-09-08T11:40:36.735,12.545,5.214,9.126,-78,MOVEMENT,37
2026-09-08T11:40:37.407,24.339,5.214,9.126,-78,MOVEMENT,37
2026-09-08T11:40:37.990,25.606,5.214,9.126,-80,MOVEMENT,37
2026-09-08T11:40:38.564,18.119,5.214,9.126,-77,MOVEMENT,37
2026-09-08T11:40:39.158,21.092,5.214,9.126,-79,MOVEMENT,37
2026-09-08T11:40:39.729,27.578,5.214,9.126,-74,MOVEMENT,37
2026-09-08T11:40:40.325,20.208,5.214,9.126,-71,MOVEMENT,37
2026-09-08T11:40:40.916,15.842,5.214,9.126,-73,MOVEMENT,37
2026-09-08T11:40:41.758,11.963,5.214,9.126,-73,MOVEMENT,37
2026-09-08T11:40:42.365,10.260,5.214,9.126,-75,RECENT_MOVEMENT,37
2026-09-08T11:40:42.936,10.527,5.214,9.126,-73,MOVEMENT,38
2026-09-08T11:40:43.546,11.617,5.214,9.126,-77,MOVEMENT,38
2026-09-08T11:40:44.119,13.799,5.214,9.126,-72,MOVEMENT,38
2026-09-08T11:40:44.858,19.175,5.214,9.126,-74,MOVEMENT,38
2026-09-08T11:40:45.490,15.218,5.214,9.126,-73,MOVEMENT,38
2026-09-08T11:40:46.074,10.317,5.214,9.126,-73,MOVEMENT,38
2026-09-08T11:40:46.588,9.857,5.214,9.126,-72,MOVEMENT,38
2026-09-08T11:40:47.151,9.370,5.214,9.126,-72,RECENT_MOVEMENT,38
2026-09-08T11:40:47.751,9.725,5.214,9.126,-74,MOVEMENT,39
2026-09-08T11:40:48.439,9.018,5.214,9.126,-73,RECENT_MOVEMENT,40
2026-09-08T11:40:48.947,8.074,5.214,9.126,-73,RECENT_MOVEMENT,40
2026-09-08T11:40:49.555,11.028,5.214,9.126,-77,MOVEMENT,41
2026-09-08T11:40:50.133,10.932,5.214,9.126,-79,MOVEMENT,41
2026-09-08T11:40:50.684,22.752,5.214,9.126,-79,MOVEMENT,41
2026-09-08T11:40:51.284,21.737,5.214,9.126,-79,MOVEMENT,41
2026-09-08T11:40:51.939,21.705,5.214,9.126,-80,MOVEMENT,41
2026-09-08T11:40:52.543,20.372,5.214,9.126,-76,MOVEMENT,41
2026-09-08T11:40:53.181,24.601,5.214,9.126,-78,MOVEMENT,41
2026-09-08T11:40:53.795,20.724,5.214,9.126,-79,MOVEMENT,41
2026-09-08T11:40:54.420,21.474,5.214,9.126,-80,MOVEMENT,41
2026-09-08T11:40:55.048,12.721,5.214,9.126,-79,MOVEMENT,41
2026-09-08T11:40:55.654,13.489,5.214,9.126,-76,MOVEMENT,41
2026-09-08T11:40:56.367,20.574,5.214,9.126,-71,MOVEMENT,41
2026-09-08T11:40:56.953,24.842,5.214,9.126,-73,MOVEMENT,41
2026-09-08T11:40:57.533,24.725,5.214,9.126,-73,MOVEMENT,41
2026-09-08T11:40:58.142,20.789,5.214,9.126,-72,MOVEMENT,41
2026-09-08T11:40:58.778,10.667,5.214,9.126,-77,MOVEMENT,41
2026-09-08T11:40:59.351,11.422,5.214,9.126,-75,MOVEMENT,41
2026-09-08T11:40:59.947,14.291,5.214,9.126,-73,MOVEMENT,41
2026-09-08T11:41:00.601,16.876,5.214,9.126,-76,MOVEMENT,41
2026-09-08T11:41:01.202,17.010,5.214,9.126,-75,MOVEMENT,41
2026-09-08T11:41:01.801,14.281,5.214,9.126,-73,MOVEMENT,41
2026-09-08T11:41:02.412,9.485,5.214,9.126,-73,MOVEMENT,41
2026-09-08T11:41:03.015,7.827,5.214,9.126,-72,RECENT_MOVEMENT,41
2026-09-08T11:41:03.625,8.598,5.214,9.126,-70,RECENT_MOVEMENT,41
2026-09-08T11:41:04.235,12.341,5.214,9.126,-73,MOVEMENT,42
2026-09-08T11:41:04.874,14.805,5.214,9.126,-73,MOVEMENT,42
2026-09-08T11:41:05.428,17.635,5.214,9.126,-75,MOVEMENT,42
2026-09-08T11:41:05.993,20.337,5.214,9.126,-72,MOVEMENT,42
2026-09-08T11:41:06.692,20.194,5.214,9.126,-70,MOVEMENT,42
2026-09-08T11:41:07.226,11.849,5.214,9.126,-72,MOVEMENT,42
2026-09-08T11:41:08.195,11.444,5.214,9.126,-71,MOVEMENT,42
2026-09-08T11:41:08.785,9.164,5.214,9.126,-70,MOVEMENT,42
2026-09-08T11:41:09.330,6.812,5.214,9.126,-71,RECENT_MOVEMENT,42
2026-09-08T11:41:09.890,10.092,5.214,9.126,-71,RECENT_MOVEMENT,42
2026-09-08T11:41:10.483,11.572,5.214,9.126,-68,MOVEMENT,43
2026-09-08T11:41:11.059,8.565,5.214,9.126,-68,RECENT_MOVEMENT,43
2026-09-08T11:41:11.593,5.290,5.214,9.126,-67,RECENT_MOVEMENT,43
2026-09-08T11:41:12.151,4.787,5.214,9.126,-69,RECENT_MOVEMENT,43
2026-09-08T11:41:12.759,5.516,5.214,9.126,-70,RECENT_MOVEMENT,43
2026-09-08T11:41:13.392,7.601,5.214,9.126,-69,RECENT_MOVEMENT,43
2026-09-08T11:41:13.949,9.828,5.214,9.126,-69,MOVEMENT,44
2026-09-08T11:41:14.590,8.155,5.214,9.126,-68,RECENT_MOVEMENT,44
2026-09-08T11:41:15.168,6.026,5.214,9.126,-68,RECENT_MOVEMENT,44
2026-09-08T11:41:15.754,6.944,5.214,9.126,-67,RECENT_MOVEMENT,44
2026-09-08T11:41:16.408,4.910,5.214,9.126,-68,RECENT_MOVEMENT,44
2026-09-08T11:41:16.965,5.632,5.214,9.126,-72,RECENT_MOVEMENT,44
2026-09-08T11:41:17.519,6.243,5.214,9.126,-67,RECENT_MOVEMENT,44
2026-09-08T11:41:18.158,7.249,5.214,9.126,-69,RECENT_MOVEMENT,44
2026-09-08T11:41:18.955,6.279,5.214,9.126,-69,RECENT_MOVEMENT,44
2026-09-08T11:41:19.519,5.933,5.214,9.126,-68,NO_MOVEMENT,44
2026-09-08T11:41:20.516,4.960,5.214,9.126,-68,NO_MOVEMENT,44
2026-09-08T11:41:21.122,5.553,5.214,9.126,-68,NO_MOVEMENT,44
2026-09-08T11:41:21.688,12.622,5.214,9.126,-75,MOVEMENT,45
2026-09-08T11:41:22.234,16.009,5.214,9.126,-71,MOVEMENT,45
2026-09-08T11:41:22.777,16.770,5.214,9.126,-75,MOVEMENT,45
2026-09-08T11:41:23.387,17.902,5.214,9.126,-75,MOVEMENT,45
2026-09-08T11:41:23.937,18.709,5.214,9.126,-74,MOVEMENT,45
2026-09-08T11:41:24.486,20.820,5.214,9.126,-76,MOVEMENT,45
2026-09-08T11:41:25.040,20.137,5.214,9.126,-70,MOVEMENT,45
2026-09-08T11:41:25.605,14.708,5.214,9.126,-72,MOVEMENT,45
2026-09-08T11:41:26.481,10.331,5.214,9.126,-74,MOVEMENT,45
2026-09-08T11:41:27.096,10.453,5.214,9.126,-70,MOVEMENT,45
2026-09-08T11:41:28.169,9.339,5.214,9.126,-75,RECENT_MOVEMENT,45
2026-09-08T11:41:28.699,15.475,5.214,9.126,-78,MOVEMENT,46
2026-09-08T11:41:29.274,15.562,5.214,9.126,-72,MOVEMENT,46
2026-09-08T11:41:29.946,18.867,5.214,9.126,-72,MOVEMENT,46
2026-09-08T11:41:30.559,13.398,5.214,9.126,-74,MOVEMENT,46
2026-09-08T11:41:31.246,11.300,5.214,9.126,-77,MOVEMENT,46
2026-09-08T11:41:31.842,11.490,5.214,9.126,-75,MOVEMENT,46
2026-09-08T11:41:32.414,11.064,5.214,9.126,-73,MOVEMENT,46
2026-09-08T11:41:33.047,8.492,5.214,9.126,-72,RECENT_MOVEMENT,46
2026-09-08T11:41:33.675,6.341,5.214,9.126,-74,RECENT_MOVEMENT,46
2026-09-08T11:41:34.212,13.300,5.214,9.126,-79,MOVEMENT,47
2026-09-08T11:41:34.808,14.568,5.214,9.126,-84,MOVEMENT,47
2026-09-08T11:41:35.820,27.323,5.214,9.126,-83,MOVEMENT,47
2026-09-08T11:41:36.830,36.077,5.214,9.126,-85,MOVEMENT,47
2026-09-08T11:41:37.876,21.340,5.214,9.126,-80,MOVEMENT,47
2026-09-08T11:41:38.437,22.550,5.214,9.126,-83,MOVEMENT,47
2026-09-08T11:41:39.022,34.972,5.214,9.126,-85,MOVEMENT,47
2026-09-08T11:41:39.539,44.809,5.214,9.126,-82,MOVEMENT,47
2026-09-08T11:41:40.481,35.508,5.214,9.126,-85,MOVEMENT,47
2026-09-08T11:41:41.052,33.589,5.214,9.126,-81,MOVEMENT,47
2026-09-08T11:41:41.561,31.753,5.214,9.126,-83,MOVEMENT,47
2026-09-08T11:41:42.093,34.633,5.214,9.126,-85,MOVEMENT,47
2026-09-08T11:41:42.663,33.696,5.214,9.126,-81,MOVEMENT,47
2026-09-08T11:41:43.272,28.345,5.214,9.126,-78,MOVEMENT,47
2026-09-08T11:41:43.784,27.803,5.214,9.126,-76,MOVEMENT,47
2026-09-08T11:41:44.465,15.697,5.214,9.126,-74,MOVEMENT,47
2026-09-08T11:41:45.008,13.650,5.214,9.126,-75,MOVEMENT,47
2026-09-08T11:41:45.664,12.439,5.214,9.126,-77,MOVEMENT,47
2026-09-08T11:41:46.230,12.149,5.214,9.126,-74,MOVEMENT,47
2026-09-08T11:41:46.832,11.407,5.214,9.126,-73,MOVEMENT,47
2026-09-08T11:41:47.455,10.030,5.214,9.126,-72,MOVEMENT,47
2026-09-08T11:41:48.055,8.124,5.214,9.126,-72,RECENT_MOVEMENT,47
2026-09-08T11:41:48.624,9.171,5.214,9.126,-73,RECENT_MOVEMENT,47
2026-09-08T11:41:49.188,8.840,5.214,9.126,-73,RECENT_MOVEMENT,48
2026-09-08T11:41:49.745,9.493,5.214,9.126,-76,RECENT_MOVEMENT,48
2026-09-08T11:41:50.260,10.401,5.214,9.126,-75,MOVEMENT,49
2026-09-08T11:41:50.851,13.759,5.214,9.126,-76,MOVEMENT,49
2026-09-08T11:41:51.456,15.468,5.214,9.126,-79,MOVEMENT,49
2026-09-08T11:41:52.012,14.830,5.214,9.126,-84,MOVEMENT,49
2026-09-08T11:41:52.550,17.053,5.214,9.126,-79,MOVEMENT,49
2026-09-08T11:41:53.127,15.459,5.214,9.126,-77,MOVEMENT,49
2026-09-08T11:41:53.726,16.833,5.214,9.126,-78,MOVEMENT,49
2026-09-08T11:41:54.730,16.292,5.214,9.126,-78,MOVEMENT,49
2026-09-08T11:41:55.294,15.520,5.214,9.126,-76,MOVEMENT,49
2026-09-08T11:41:56.041,11.130,5.214,9.126,-75,MOVEMENT,49
2026-09-08T11:41:56.646,13.062,5.214,9.126,-76,MOVEMENT,49
2026-09-08T11:41:57.246,10.688,5.214,9.126,-80,MOVEMENT,49
2026-09-08T11:41:57.833,10.490,5.214,9.126,-78,MOVEMENT,49
2026-09-08T11:41:58.494,9.798,5.214,9.126,-72,MOVEMENT,49
2026-09-08T11:41:59.107,7.638,5.214,9.126,-74,RECENT_MOVEMENT,49
2026-09-08T11:41:59.678,6.806,5.214,9.126,-75,RECENT_MOVEMENT,49
2026-09-08T11:42:00.220,8.647,5.214,9.126,-72,RECENT_MOVEMENT,49
2026-09-08T11:42:00.815,7.851,5.214,9.126,-73,RECENT_MOVEMENT,49
2026-09-08T11:42:01.349,8.630,5.214,9.126,-70,RECENT_MOVEMENT,49
2026-09-08T11:42:01.919,6.483,5.214,9.126,-72,RECENT_MOVEMENT,49
2026-09-08T11:42:02.508,5.662,5.214,9.126,-72,RECENT_MOVEMENT,49
2026-09-08T11:42:03.056,5.569,5.214,9.126,-71,RECENT_MOVEMENT,49
2026-09-08T11:42:03.657,5.989,5.214,9.126,-70,RECENT_MOVEMENT,49
2026-09-08T11:42:04.277,5.466,5.214,9.126,-71,NO_MOVEMENT,49
2026-09-08T11:42:04.840,5.663,5.214,9.126,-69,NO_MOVEMENT,49
2026-09-08T11:42:05.369,5.529,5.214,9.126,-70,NO_MOVEMENT,49
2026-09-08T11:42:06.419,5.146,5.214,9.126,-73,NO_MOVEMENT,49
2026-09-08T11:42:07.488,6.595,5.214,9.126,-72,NO_MOVEMENT,49
2026-09-08T11:42:08.100,6.299,5.214,9.126,-71,NO_MOVEMENT,49
2026-09-08T11:42:08.964,8.982,5.214,9.126,-71,NO_MOVEMENT,49
2026-09-08T11:42:09.531,7.430,5.214,9.126,-74,NO_MOVEMENT,49
2026-09-08T11:42:10.166,6.293,5.214,9.126,-69,NO_MOVEMENT,49
2026-09-08T11:42:10.813,6.993,5.214,9.126,-72,NO_MOVEMENT,49
2026-09-08T11:42:11.416,7.428,5.214,9.126,-72,NO_MOVEMENT,49
2026-09-08T11:42:12.072,6.012,5.214,9.126,-71,NO_MOVEMENT,49
2026-09-08T11:42:12.684,7.381,5.214,9.126,-74,NO_MOVEMENT,49
2026-09-08T11:42:13.332,5.710,5.214,9.126,-71,NO_MOVEMENT,49
2026-09-08T11:42:13.947,5.333,5.214,9.126,-72,NO_MOVEMENT,49
2026-09-08T11:42:14.553,6.419,5.214,9.126,-70,NO_MOVEMENT,49
2026-09-08T11:42:15.201,16.615,5.214,9.126,-75,MOVEMENT,50
2026-09-08T11:42:15.776,21.360,5.214,9.126,-75,MOVEMENT,50
2026-09-08T11:42:16.344,19.928,5.214,9.126,-76,MOVEMENT,50
2026-09-08T11:42:16.977,17.293,5.214,9.126,-71,MOVEMENT,50
2026-09-08T11:42:17.675,16.162,5.214,9.126,-68,MOVEMENT,50
2026-09-08T11:42:18.253,7.346,5.214,9.126,-70,RECENT_MOVEMENT,50
2026-09-08T11:42:18.828,5.828,5.214,9.126,-71,RECENT_MOVEMENT,50
2026-09-08T11:42:19.416,5.913,5.214,9.126,-70,RECENT_MOVEMENT,50
2026-09-08T11:42:20.188,9.252,5.214,9.126,-72,RECENT_MOVEMENT,50
2026-09-08T11:42:20.750,9.932,5.214,9.126,-72,MOVEMENT,51
2026-09-08T11:42:21.311,10.181,5.214,9.126,-72,MOVEMENT,51
2026-09-08T11:42:21.818,10.377,5.214,9.126,-74,MOVEMENT,51
2026-09-08T11:42:22.336,11.023,5.214,9.126,-70,MOVEMENT,51
2026-09-08T11:42:22.943,11.667,5.214,9.126,-68,MOVEMENT,51
2026-09-08T11:42:23.503,9.722,5.214,9.126,-69,MOVEMENT,51
2026-09-08T11:42:24.029,8.523,5.214,9.126,-68,RECENT_MOVEMENT,51
2026-09-08T11:42:24.620,6.158,5.214,9.126,-68,RECENT_MOVEMENT,51
2026-09-08T11:42:25.167,5.983,5.214,9.126,-68,RECENT_MOVEMENT,51
2026-09-08T11:42:25.714,5.738,5.214,9.126,-68,RECENT_MOVEMENT,51
2026-09-08T11:42:26.259,4.932,5.214,9.126,-69,RECENT_MOVEMENT,51
2026-09-08T11:42:26.816,5.146,5.214,9.126,-67,RECENT_MOVEMENT,51
2026-09-08T11:42:27.423,4.920,5.214,9.126,-68,RECENT_MOVEMENT,51
2026-09-08T11:42:27.994,4.435,5.214,9.126,-66,RECENT_MOVEMENT,51
2026-09-08T11:42:28.604,4.061,5.214,9.126,-68,NO_MOVEMENT,51
2026-09-08T11:42:29.166,4.289,5.214,9.126,-70,NO_MOVEMENT,51
2026-09-08T11:42:30.143,4.383,5.214,9.126,-68,NO_MOVEMENT,51
2026-09-08T11:42:30.765,4.864,5.214,9.126,-68,NO_MOVEMENT,51
2026-09-08T11:42:31.643,5.368,5.214,9.126,-67,NO_MOVEMENT,51
2026-09-08T11:42:32.258,8.156,5.214,9.126,-69,NO_MOVEMENT,51
2026-09-08T11:42:32.759,7.959,5.214,9.126,-69,NO_MOVEMENT,51
2026-09-08T11:42:33.321,7.790,5.214,9.126,-66,NO_MOVEMENT,51
2026-09-08T11:42:33.928,5.733,5.214,9.126,-67,NO_MOVEMENT,51
2026-09-08T11:42:34.536,5.385,5.214,9.126,-69,NO_MOVEMENT,51
2026-09-08T11:42:35.118,4.740,5.214,9.126,-67,NO_MOVEMENT,51
2026-09-08T11:42:35.769,4.161,5.214,9.126,-68,NO_MOVEMENT,51
2026-09-08T11:42:36.713,8.104,5.214,9.126,-72,NO_MOVEMENT,51
2026-09-08T11:42:37.301,8.970,5.214,9.126,-71,RECENT_MOVEMENT,52
2026-09-08T11:42:37.856,8.776,5.214,9.126,-72,RECENT_MOVEMENT,52
2026-09-08T11:42:38.458,17.979,5.214,9.126,-79,MOVEMENT,53
2026-09-08T11:42:39.060,15.703,5.214,9.126,-74,MOVEMENT,53
2026-09-08T11:42:39.611,16.299,5.214,9.126,-79,MOVEMENT,53
2026-09-08T11:42:40.170,25.027,5.214,9.126,-78,MOVEMENT,53
2026-09-08T11:42:40.754,26.145,5.214,9.126,-76,MOVEMENT,53
2026-09-08T11:42:41.369,27.125,5.214,9.126,-69,MOVEMENT,53
2026-09-08T11:42:41.946,17.323,5.214,9.126,-72,MOVEMENT,53
2026-09-08T11:42:42.508,11.615,5.214,9.126,-71,MOVEMENT,53
2026-09-08T11:42:43.079,6.032,5.214,9.126,-71,RECENT_MOVEMENT,53
2026-09-08T11:42:43.633,6.661,5.214,9.126,-72,RECENT_MOVEMENT,53
2026-09-08T11:42:44.362,6.236,5.214,9.126,-73,RECENT_MOVEMENT,53
2026-09-08T11:42:44.954,5.403,5.214,9.126,-71,RECENT_MOVEMENT,53
2026-09-08T11:42:45.581,6.745,5.214,9.126,-74,RECENT_MOVEMENT,53
2026-09-08T11:42:46.200,7.831,5.214,9.126,-76,RECENT_MOVEMENT,53
2026-09-08T11:42:46.784,8.247,5.214,9.126,-77,RECENT_MOVEMENT,53
2026-09-08T11:42:47.338,9.685,5.214,9.126,-79,MOVEMENT,54
2026-09-08T11:42:47.887,12.191,5.214,9.126,-80,MOVEMENT,54
2026-09-08T11:42:48.450,13.208,5.214,9.126,-82,MOVEMENT,54
2026-09-08T11:42:48.984,17.371,5.214,9.126,-79,MOVEMENT,54
2026-09-08T11:42:50.010,15.189,5.214,9.126,-69,MOVEMENT,54
2026-09-08T11:42:50.608,11.648,5.214,9.126,-69,MOVEMENT,54
2026-09-08T11:42:51.213,5.160,5.214,9.126,-69,RECENT_MOVEMENT,54
2026-09-08T11:42:51.779,6.390,5.214,9.126,-69,RECENT_MOVEMENT,54
2026-09-08T11:42:52.330,6.276,5.214,9.126,-68,RECENT_MOVEMENT,54
2026-09-08T11:42:52.877,6.623,5.214,9.126,-72,RECENT_MOVEMENT,54
2026-09-08T11:42:53.437,6.197,5.214,9.126,-67,RECENT_MOVEMENT,54
2026-09-08T11:42:54.059,8.238,5.214,9.126,-72,RECENT_MOVEMENT,54
2026-09-08T11:42:54.665,9.388,5.214,9.126,-77,RECENT_MOVEMENT,54
2026-09-08T11:42:55.304,12.733,5.214,9.126,-76,MOVEMENT,55
2026-09-08T11:42:56.096,17.554,5.214,9.126,-68,MOVEMENT,55
2026-09-08T11:42:56.692,21.991,5.214,9.126,-67,MOVEMENT,55
2026-09-08T11:42:57.320,17.044,5.214,9.126,-70,MOVEMENT,55
2026-09-08T11:42:57.902,5.520,5.214,9.126,-69,RECENT_MOVEMENT,55
2026-09-08T11:42:58.543,5.157,5.214,9.126,-68,RECENT_MOVEMENT,55
2026-09-08T11:42:59.149,5.175,5.214,9.126,-68,RECENT_MOVEMENT,55
2026-09-08T11:42:59.719,5.971,5.214,9.126,-66,RECENT_MOVEMENT,55
2026-09-08T11:43:00.327,5.480,5.214,9.126,-68,RECENT_MOVEMENT,55
2026-09-08T11:43:00.846,5.558,5.214,9.126,-68,RECENT_MOVEMENT,55
2026-09-08T11:43:01.414,4.726,5.214,9.126,-69,RECENT_MOVEMENT,55
2026-09-08T11:43:02.042,4.583,5.214,9.126,-68,RECENT_MOVEMENT,55
2026-09-08T11:43:02.621,4.742,5.214,9.126,-67,RECENT_MOVEMENT,55
2026-09-08T11:43:03.225,4.328,5.214,9.126,-66,NO_MOVEMENT,55
2026-09-08T11:43:03.794,3.598,5.214,9.126,-67,NO_MOVEMENT,55
2026-09-08T11:43:04.803,4.701,5.214,9.126,-65,NO_MOVEMENT,55
2026-09-08T11:43:05.432,5.022,5.214,9.126,-67,NO_MOVEMENT,55
2026-09-08T11:43:06.024,4.739,5.214,9.126,-65,NO_MOVEMENT,55
2026-09-08T11:43:06.580,5.056,5.214,9.126,-65,NO_MOVEMENT,55
2026-09-08T11:43:07.130,3.867,5.214,9.126,-64,NO_MOVEMENT,55
2026-09-08T11:43:07.645,3.574,5.214,9.126,-65,NO_MOVEMENT,55
2026-09-08T11:43:08.247,3.832,5.214,9.126,-65,NO_MOVEMENT,55
2026-09-08T11:43:08.812,5.005,5.214,9.126,-64,NO_MOVEMENT,55
2026-09-08T11:43:09.336,5.271,5.214,9.126,-65,NO_MOVEMENT,55
2026-09-08T11:43:09.842,5.376,5.214,9.126,-64,NO_MOVEMENT,55
2026-09-08T11:43:10.359,5.282,5.214,9.126,-66,NO_MOVEMENT,55
2026-09-08T11:43:10.871,4.644,5.214,9.126,-69,NO_MOVEMENT,55
2026-09-08T11:43:11.378,4.928,5.214,9.126,-68,NO_MOVEMENT,55
2026-09-08T11:43:11.934,4.521,5.214,9.126,-66,NO_MOVEMENT,55
2026-09-08T11:43:12.530,4.830,5.214,9.126,-66,NO_MOVEMENT,55
2026-09-08T11:43:13.100,4.405,5.214,9.126,-65,NO_MOVEMENT,55
2026-09-08T11:43:13.731,4.323,5.214,9.126,-67,NO_MOVEMENT,55
2026-09-08T11:43:14.326,3.539,5.214,9.126,-66,NO_MOVEMENT,55
2026-09-08T11:43:14.906,3.580,5.214,9.126,-67,NO_MOVEMENT,55
2026-09-08T11:43:15.483,3.613,5.214,9.126,-66,NO_MOVEMENT,55
2026-09-08T11:43:16.043,4.111,5.214,9.126,-67,NO_MOVEMENT,55
2026-09-08T11:43:16.650,5.491,5.214,9.126,-66,NO_MOVEMENT,55
2026-09-08T11:43:17.285,5.465,5.214,9.126,-66,NO_MOVEMENT,55
2026-09-08T11:43:17.825,4.129,5.214,9.126,-66,NO_MOVEMENT,55
2026-09-08T11:43:18.789,3.617,5.214,9.126,-65,NO_MOVEMENT,55
2026-09-08T11:43:19.374,4.003,5.214,9.126,-66,NO_MOVEMENT,55
2026-09-08T11:43:20.104,4.492,5.214,9.126,-66,NO_MOVEMENT,55
2026-09-08T11:43:20.681,4.159,5.214,9.126,-67,NO_MOVEMENT,55
2026-09-08T11:43:21.353,4.048,5.214,9.126,-67,NO_MOVEMENT,55
2026-09-08T11:43:21.975,4.826,5.214,9.126,-66,NO_MOVEMENT,55
2026-09-08T11:43:22.622,4.990,5.214,9.126,-67,NO_MOVEMENT,55
2026-09-08T11:43:23.289,4.105,5.214,9.126,-66,NO_MOVEMENT,55
2026-09-08T11:43:23.922,3.766,5.214,9.126,-68,NO_MOVEMENT,55
2026-09-08T11:43:24.536,4.288,5.214,9.126,-68,NO_MOVEMENT,55
2026-09-08T11:43:25.135,4.431,5.214,9.126,-67,NO_MOVEMENT,55
2026-09-08T11:43:25.764,4.372,5.214,9.126,-68,NO_MOVEMENT,55
2026-09-08T11:43:26.483,4.368,5.214,9.126,-67,NO_MOVEMENT,55
2026-09-08T11:43:27.167,8.573,5.214,9.126,-68,NO_MOVEMENT,55
2026-09-08T11:43:27.822,8.536,5.214,9.126,-68,NO_MOVEMENT,55
2026-09-08T11:43:28.456,7.898,5.214,9.126,-69,NO_MOVEMENT,55
2026-09-08T11:43:29.057,3.784,5.214,9.126,-67,NO_MOVEMENT,55
2026-09-08T11:43:29.738,4.539,5.214,9.126,-68,NO_MOVEMENT,55
2026-09-08T11:43:30.396,4.128,5.214,9.126,-67,NO_MOVEMENT,55
2026-09-08T11:43:30.980,3.930,5.214,9.126,-66,NO_MOVEMENT,55
2026-09-08T11:43:31.514,4.720,5.214,9.126,-71,NO_MOVEMENT,55
2026-09-08T11:43:32.253,5.360,5.214,9.126,-70,NO_MOVEMENT,55
2026-09-08T11:43:32.871,5.254,5.214,9.126,-69,NO_MOVEMENT,55
2026-09-08T11:43:33.446,4.636,5.214,9.126,-66,NO_MOVEMENT,55
2026-09-08T11:43:34.102,4.241,5.214,9.126,-68,NO_MOVEMENT,55
2026-09-08T11:43:34.610,4.285,5.214,9.126,-68,NO_MOVEMENT,55
2026-09-08T11:43:35.159,6.303,5.214,9.126,-67,NO_MOVEMENT,55
2026-09-08T11:43:35.715,6.806,5.214,9.126,-67,NO_MOVEMENT,55
2026-09-08T11:43:36.350,6.159,5.214,9.126,-67,NO_MOVEMENT,55
2026-09-08T11:43:36.930,5.556,5.214,9.126,-67,NO_MOVEMENT,55
2026-09-08T11:43:37.504,4.537,5.214,9.126,-72,NO_MOVEMENT,55
2026-09-08T11:43:38.099,4.465,5.214,9.126,-69,NO_MOVEMENT,55
2026-09-08T11:43:38.743,4.849,5.214,9.126,-67,NO_MOVEMENT,55
2026-09-08T11:43:39.426,4.316,5.214,9.126,-65,NO_MOVEMENT,55
2026-09-08T11:43:39.983,6.637,5.214,9.126,-72,NO_MOVEMENT,55
2026-09-08T11:43:40.554,6.585,5.214,9.126,-67,NO_MOVEMENT,55
2026-09-08T11:43:41.157,6.648,5.214,9.126,-69,NO_MOVEMENT,55
2026-09-08T11:43:41.773,3.478,5.214,9.126,-68,NO_MOVEMENT,55
2026-09-08T11:43:42.406,3.745,5.214,9.126,-66,NO_MOVEMENT,55
2026-09-08T11:43:43.024,4.034,5.214,9.126,-66,NO_MOVEMENT,55
2026-09-08T11:43:43.616,4.041,5.214,9.126,-66,NO_MOVEMENT,55
2026-09-08T11:43:44.365,4.274,5.214,9.126,-68,NO_MOVEMENT,55
2026-09-08T11:43:44.981,8.152,5.214,9.126,-71,NO_MOVEMENT,55
2026-09-08T11:43:45.634,8.953,5.214,9.126,-68,RECENT_MOVEMENT,56
2026-09-08T11:43:46.246,6.035,5.214,9.126,-72,RECENT_MOVEMENT,56
2026-09-08T11:43:46.856,5.467,5.214,9.126,-74,RECENT_MOVEMENT,56
2026-09-08T11:43:47.471,7.564,5.214,9.126,-72,RECENT_MOVEMENT,56
2026-09-08T11:43:48.097,7.877,5.214,9.126,-68,RECENT_MOVEMENT,56
2026-09-08T11:43:48.727,8.061,5.214,9.126,-67,RECENT_MOVEMENT,56
2026-09-08T11:43:49.320,7.116,5.214,9.126,-67,RECENT_MOVEMENT,56
2026-09-08T11:43:49.948,5.299,5.214,9.126,-69,RECENT_MOVEMENT,56
2026-09-08T11:43:50.544,5.353,5.214,9.126,-72,RECENT_MOVEMENT,56
2026-09-08T11:43:51.152,5.645,5.214,9.126,-72,NO_MOVEMENT,56
2026-09-08T11:43:51.781,7.656,5.214,9.126,-75,NO_MOVEMENT,56
2026-09-08T11:43:52.395,7.354,5.214,9.126,-70,NO_MOVEMENT,56
2026-09-08T11:43:53.055,7.331,5.214,9.126,-72,NO_MOVEMENT,56
2026-09-08T11:43:53.671,5.802,5.214,9.126,-72,NO_MOVEMENT,56
2026-09-08T11:43:54.247,6.130,5.214,9.126,-72,NO_MOVEMENT,56
2026-09-08T11:43:54.888,5.981,5.214,9.126,-72,NO_MOVEMENT,56
2026-09-08T11:43:55.564,5.093,5.214,9.126,-71,NO_MOVEMENT,56
2026-09-08T11:43:56.259,5.897,5.214,9.126,-70,NO_MOVEMENT,56
2026-09-08T11:43:56.931,4.970,5.214,9.126,-71,NO_MOVEMENT,56
2026-09-08T11:43:57.594,4.801,5.214,9.126,-71,NO_MOVEMENT,56
2026-09-08T11:43:58.215,5.279,5.214,9.126,-72,NO_MOVEMENT,56
2026-09-08T11:43:58.845,5.432,5.214,9.126,-71,NO_MOVEMENT,56
2026-09-08T11:43:59.482,4.903,5.214,9.126,-71,NO_MOVEMENT,56
2026-09-08T11:44:00.132,5.771,5.214,9.126,-69,NO_MOVEMENT,56
2026-09-08T11:44:00.822,6.055,5.214,9.126,-69,NO_MOVEMENT,56
2026-09-08T11:44:01.519,5.216,5.214,9.126,-71,NO_MOVEMENT,56
2026-09-08T11:44:02.182,5.773,5.214,9.126,-74,NO_MOVEMENT,56
2026-09-08T11:44:02.799,5.758,5.214,9.126,-69,NO_MOVEMENT,56
2026-09-08T11:44:03.421,5.801,5.214,9.126,-71,NO_MOVEMENT,56
2026-09-08T11:44:04.054,6.266,5.214,9.126,-71,NO_MOVEMENT,56
2026-09-08T11:44:04.731,6.603,5.214,9.126,-72,NO_MOVEMENT,56
2026-09-08T11:44:05.345,5.034,5.214,9.126,-71,NO_MOVEMENT,56
2026-09-08T11:44:05.973,4.403,5.214,9.126,-71,NO_MOVEMENT,56
2026-09-08T11:44:06.597,4.444,5.214,9.126,-72,NO_MOVEMENT,56
2026-09-08T11:44:07.198,4.545,5.214,9.126,-72,NO_MOVEMENT,56
2026-09-08T11:44:07.832,5.537,5.214,9.126,-71,NO_MOVEMENT,56
2026-09-08T11:44:08.445,7.178,5.214,9.126,-69,NO_MOVEMENT,56
2026-09-08T11:44:09.223,6.250,5.214,9.126,-70,NO_MOVEMENT,56
2026-09-08T11:44:09.844,5.456,5.214,9.126,-71,NO_MOVEMENT,56
2026-09-08T11:44:10.456,6.184,5.214,9.126,-70,NO_MOVEMENT,56
2026-09-08T11:44:11.005,6.058,5.214,9.126,-70,NO_MOVEMENT,56
2026-09-08T11:44:12.060,5.989,5.214,9.126,-69,NO_MOVEMENT,56
2026-09-08T11:44:12.618,5.663,5.214,9.126,-73,NO_MOVEMENT,56
2026-09-08T11:44:13.188,5.179,5.214,9.126,-71,NO_MOVEMENT,56
2026-09-08T11:44:13.771,5.048,5.214,9.126,-71,NO_MOVEMENT,56
2026-09-08T11:44:14.322,4.951,5.214,9.126,-69,NO_MOVEMENT,56
2026-09-08T11:44:14.881,5.322,5.214,9.126,-67,NO_MOVEMENT,56
2026-09-08T11:44:15.420,5.443,5.214,9.126,-68,NO_MOVEMENT,56
2026-09-08T11:44:15.960,4.157,5.214,9.126,-67,NO_MOVEMENT,56
2026-09-08T11:44:16.539,4.464,5.214,9.126,-67,NO_MOVEMENT,56
2026-09-08T11:44:17.045,5.205,5.214,9.126,-67,NO_MOVEMENT,56
2026-09-08T11:44:17.649,5.845,5.214,9.126,-68,NO_MOVEMENT,56
2026-09-08T11:44:18.275,5.479,5.214,9.126,-67,NO_MOVEMENT,56
2026-09-08T11:44:18.869,5.656,5.214,9.126,-67,NO_MOVEMENT,56
2026-09-08T11:44:19.450,3.775,5.214,9.126,-67,NO_MOVEMENT,56
2026-09-08T11:44:20.056,3.394,5.214,9.126,-67,NO_MOVEMENT,56
2026-09-08T11:44:20.722,4.842,5.214,9.126,-67,NO_MOVEMENT,56
2026-09-08T11:44:21.361,4.676,5.214,9.126,-67,NO_MOVEMENT,56
2026-09-08T11:44:21.904,6.697,5.214,9.126,-70,NO_MOVEMENT,56
2026-09-08T11:44:22.478,5.588,5.214,9.126,-67,NO_MOVEMENT,56
2026-09-08T11:44:23.056,7.236,5.214,9.126,-68,NO_MOVEMENT,56
2026-09-08T11:44:23.661,7.239,5.214,9.126,-68,NO_MOVEMENT,56
2026-09-08T11:44:24.220,5.275,5.214,9.126,-69,NO_MOVEMENT,56
2026-09-08T11:44:24.799,4.479,5.214,9.126,-69,NO_MOVEMENT,56
2026-09-08T11:44:25.795,4.433,5.214,9.126,-70,NO_MOVEMENT,56
2026-09-08T11:44:26.297,3.975,5.214,9.126,-69,NO_MOVEMENT,56
2026-09-08T11:44:26.844,4.339,5.214,9.126,-69,NO_MOVEMENT,56
2026-09-08T11:44:27.454,5.124,5.214,9.126,-70,NO_MOVEMENT,56
2026-09-08T11:44:28.149,5.192,5.214,9.126,-70,NO_MOVEMENT,56
2026-09-08T11:44:28.780,4.742,5.214,9.126,-68,NO_MOVEMENT,56
2026-09-08T11:44:29.346,4.237,5.214,9.126,-69,NO_MOVEMENT,56
2026-09-08T11:44:29.961,4.569,5.214,9.126,-68,NO_MOVEMENT,56
2026-09-08T11:44:30.590,4.618,5.214,9.126,-69,NO_MOVEMENT,56
2026-09-08T11:44:31.174,3.180,5.214,9.126,-67,NO_MOVEMENT,56
2026-09-08T11:44:32.155,3.300,5.214,9.126,-66,NO_MOVEMENT,56
2026-09-08T11:44:32.782,3.707,5.214,9.126,-67,NO_MOVEMENT,56
2026-09-08T11:44:33.286,3.853,5.214,9.126,-67,NO_MOVEMENT,56
2026-09-08T11:44:33.813,3.654,5.214,9.126,-67,NO_MOVEMENT,56
2026-09-08T11:44:34.351,3.312,5.214,9.126,-66,NO_MOVEMENT,56
2026-09-08T11:44:35.354,3.848,5.214,9.126,-68,NO_MOVEMENT,56
2026-09-08T11:44:35.903,4.007,5.214,9.126,-66,NO_MOVEMENT,56
2026-09-08T11:44:36.416,4.068,5.214,9.126,-68,NO_MOVEMENT,56
2026-09-08T11:44:36.953,4.496,5.214,9.126,-67,NO_MOVEMENT,56
2026-09-08T11:44:37.885,4.847,5.214,9.126,-70,NO_MOVEMENT,56
2026-09-08T11:44:38.853,6.655,5.214,9.126,-70,NO_MOVEMENT,56
2026-09-08T11:44:39.398,6.153,5.214,9.126,-71,NO_MOVEMENT,56
2026-09-08T11:44:39.921,7.130,5.214,9.126,-70,NO_MOVEMENT,56
2026-09-08T11:44:40.458,6.124,5.214,9.126,-70,NO_MOVEMENT,56
2026-09-08T11:44:41.011,5.752,5.214,9.126,-70,NO_MOVEMENT,56
2026-09-08T11:44:42.007,5.602,5.214,9.126,-70,NO_MOVEMENT,56
2026-09-08T11:44:42.940,4.821,5.214,9.126,-68,NO_MOVEMENT,56
2026-09-08T11:44:43.460,3.614,5.214,9.126,-68,NO_MOVEMENT,56
2026-09-08T11:44:43.992,3.699,5.214,9.126,-69,NO_MOVEMENT,56
2026-09-08T11:44:44.663,3.678,5.214,9.126,-69,NO_MOVEMENT,56
2026-09-08T11:44:45.639,7.378,5.214,9.126,-72,NO_MOVEMENT,56
2026-09-08T11:44:46.206,7.788,5.214,9.126,-71,NO_MOVEMENT,56
2026-09-08T11:44:46.741,7.135,5.214,9.126,-66,NO_MOVEMENT,56
2026-09-08T11:44:47.248,8.145,5.214,9.126,-72,NO_MOVEMENT,56
2026-09-08T11:44:48.176,8.875,5.214,9.126,-71,NO_MOVEMENT,56
2026-09-08T11:44:48.695,7.723,5.214,9.126,-70,NO_MOVEMENT,56
2026-09-08T11:44:49.659,8.064,5.214,9.126,-72,NO_MOVEMENT,56
2026-09-08T11:44:50.546,7.294,5.214,9.126,-70,NO_MOVEMENT,56
2026-09-08T11:44:51.509,5.059,5.214,9.126,-71,NO_MOVEMENT,56
2026-09-08T11:44:52.011,5.820,5.214,9.126,-72,NO_MOVEMENT,56
2026-09-08T11:44:52.959,7.104,5.214,9.126,-72,NO_MOVEMENT,56
2026-09-08T11:44:53.951,8.138,5.214,9.126,-68,NO_MOVEMENT,56
2026-09-08T11:44:54.461,6.033,5.214,9.126,-69,NO_MOVEMENT,56
2026-09-08T11:44:54.966,3.820,5.214,9.126,-69,NO_MOVEMENT,56
2026-09-08T11:44:56.057,3.158,5.214,9.126,-68,NO_MOVEMENT,56
2026-09-08T11:44:56.563,2.900,5.214,9.126,-70,NO_MOVEMENT,56
2026-09-08T11:44:57.539,7.021,5.214,9.126,-70,NO_MOVEMENT,56
2026-09-08T11:44:58.551,5.935,5.214,9.126,-71,NO_MOVEMENT,56
2026-09-08T11:44:59.161,5.635,5.214,9.126,-70,NO_MOVEMENT,56
2026-09-08T11:45:00.101,5.774,5.214,9.126,-72,NO_MOVEMENT,56
2026-09-08T11:45:00.670,5.699,5.214,9.126,-71,NO_MOVEMENT,56
2026-09-08T11:45:01.184,7.670,5.214,9.126,-70,NO_MOVEMENT,56
2026-09-08T11:45:02.129,9.480,5.214,9.126,-71,MOVEMENT,57
2026-09-08T11:45:03.128,7.813,5.214,9.126,-71,RECENT_MOVEMENT,57
2026-09-08T11:45:04.097,4.787,5.214,9.126,-69,RECENT_MOVEMENT,57
2026-09-08T11:45:05.025,4.194,5.214,9.126,-70,RECENT_MOVEMENT,57
2026-09-08T11:45:05.935,4.468,5.214,9.126,-69,RECENT_MOVEMENT,57
2026-09-08T11:45:06.876,4.584,5.214,9.126,-69,RECENT_MOVEMENT,57
2026-09-08T11:45:07.866,3.910,5.214,9.126,-70,NO_MOVEMENT,57
2026-09-08T11:45:08.839,6.012,5.214,9.126,-69,NO_MOVEMENT,57
2026-09-08T11:45:09.374,5.948,5.214,9.126,-70,NO_MOVEMENT,57
2026-09-08T11:45:10.418,3.155,5.214,9.126,-68,NO_MOVEMENT,57
2026-09-08T11:45:11.462,3.297,5.214,9.126,-69,NO_MOVEMENT,57
2026-09-08T11:45:12.014,3.460,5.214,9.126,-69,NO_MOVEMENT,57
2026-09-08T11:45:12.530,3.351,5.214,9.126,-69,NO_MOVEMENT,57
2026-09-08T11:45:13.053,3.804,5.214,9.126,-69,NO_MOVEMENT,57
2026-09-08T11:45:13.757,3.961,5.214,9.126,-69,NO_MOVEMENT,57
2026-09-08T11:45:14.266,4.062,5.214,9.126,-69,NO_MOVEMENT,57
2026-09-08T11:45:15.211,6.019,5.214,9.126,-70,NO_MOVEMENT,57
2026-09-08T11:45:16.144,5.797,5.214,9.126,-70,NO_MOVEMENT,57
2026-09-08T11:45:17.094,10.246,5.214,9.126,-73,NO_MOVEMENT,57
2026-09-08T11:45:18.087,10.593,5.214,9.126,-70,MOVEMENT,58
2026-09-08T11:45:18.633,10.282,5.214,9.126,-69,MOVEMENT,58
2026-09-08T11:45:19.591,5.079,5.214,9.126,-70,RECENT_MOVEMENT,58
2026-09-08T11:45:20.117,5.612,5.214,9.126,-72,RECENT_MOVEMENT,58
2026-09-08T11:45:21.134,6.290,5.214,9.126,-74,RECENT_MOVEMENT,58
2026-09-08T11:45:21.662,7.169,5.214,9.126,-71,RECENT_MOVEMENT,58
2026-09-08T11:45:22.212,8.672,5.214,9.126,-72,RECENT_MOVEMENT,58
2026-09-08T11:45:23.231,7.814,5.214,9.126,-69,RECENT_MOVEMENT,58
2026-09-08T11:45:24.217,6.816,5.214,9.126,-72,NO_MOVEMENT,58
2026-09-08T11:45:25.243,7.047,5.214,9.126,-66,NO_MOVEMENT,58
2026-09-08T11:45:25.745,9.004,5.214,9.126,-67,NO_MOVEMENT,58
2026-09-08T11:45:26.260,6.642,5.214,9.126,-66,NO_MOVEMENT,58
2026-09-08T11:45:27.158,5.108,5.214,9.126,-68,NO_MOVEMENT,58
2026-09-08T11:45:27.928,5.993,5.214,9.126,-68,NO_MOVEMENT,58
2026-09-08T11:45:28.709,5.555,5.214,9.126,-68,NO_MOVEMENT,58
2026-09-08T11:45:29.558,4.857,5.214,9.126,-68,NO_MOVEMENT,58
2026-09-08T11:45:30.482,5.480,5.214,9.126,-68,NO_MOVEMENT,58
2026-09-08T11:45:31.013,5.006,5.214,9.126,-68,NO_MOVEMENT,58
2026-09-08T11:45:31.590,5.048,5.214,9.126,-69,NO_MOVEMENT,58
2026-09-08T11:45:32.172,5.278,5.214,9.126,-67,NO_MOVEMENT,58
2026-09-08T11:45:32.712,5.341,5.214,9.126,-66,NO_MOVEMENT,58
2026-09-08T11:45:33.310,5.122,5.214,9.126,-67,NO_MOVEMENT,58
2026-09-08T11:45:34.029,4.962,5.214,9.126,-69,NO_MOVEMENT,58
2026-09-08T11:45:34.649,4.626,5.214,9.126,-70,NO_MOVEMENT,58
2026-09-08T11:45:35.247,4.594,5.214,9.126,-68,NO_MOVEMENT,58
2026-09-08T11:45:35.773,4.367,5.214,9.126,-69,NO_MOVEMENT,58
2026-09-08T11:45:36.314,3.843,5.214,9.126,-67,NO_MOVEMENT,58
2026-09-08T11:45:36.892,3.508,5.214,9.126,-67,NO_MOVEMENT,58
2026-09-08T11:45:37.399,4.898,5.214,9.126,-68,NO_MOVEMENT,58
2026-09-08T11:45:37.951,4.824,5.214,9.126,-70,NO_MOVEMENT,58
2026-09-08T11:45:38.525,5.381,5.214,9.126,-70,NO_MOVEMENT,58
2026-09-08T11:45:39.087,7.672,5.214,9.126,-68,NO_MOVEMENT,58
2026-09-08T11:45:39.647,6.883,5.214,9.126,-73,NO_MOVEMENT,58
2026-09-08T11:45:40.196,7.530,5.214,9.126,-72,NO_MOVEMENT,58
2026-09-08T11:45:40.757,5.938,5.214,9.126,-69,NO_MOVEMENT,58
2026-09-08T11:45:41.268,6.006,5.214,9.126,-71,NO_MOVEMENT,58
2026-09-08T11:45:41.966,6.269,5.214,9.126,-71,NO_MOVEMENT,58
2026-09-08T11:45:42.637,4.974,5.214,9.126,-72,NO_MOVEMENT,58
2026-09-08T11:45:43.193,5.008,5.214,9.126,-71,NO_MOVEMENT,58
2026-09-08T11:45:43.768,6.545,5.214,9.126,-74,NO_MOVEMENT,58
2026-09-08T11:45:44.319,7.571,5.214,9.126,-72,NO_MOVEMENT,58
2026-09-08T11:45:44.908,8.615,5.214,9.126,-73,NO_MOVEMENT,58
2026-09-08T11:45:45.534,7.052,5.214,9.126,-70,NO_MOVEMENT,58
2026-09-08T11:45:46.085,4.922,5.214,9.126,-66,NO_MOVEMENT,58
2026-09-08T11:45:46.632,4.932,5.214,9.126,-68,NO_MOVEMENT,58
2026-09-08T11:45:47.147,5.452,5.214,9.126,-66,NO_MOVEMENT,58
2026-09-08T11:45:47.734,5.891,5.214,9.126,-67,NO_MOVEMENT,58
2026-09-08T11:45:48.315,5.585,5.214,9.126,-66,NO_MOVEMENT,58
2026-09-08T11:45:49.265,4.483,5.214,9.126,-67,NO_MOVEMENT,58
2026-09-08T11:45:49.819,3.029,5.214,9.126,-68,NO_MOVEMENT,58
2026-09-08T11:45:50.393,4.580,5.214,9.126,-68,NO_MOVEMENT,58
2026-09-08T11:45:50.938,5.634,5.214,9.126,-68,NO_MOVEMENT,58
2026-09-08T11:45:51.480,6.265,5.214,9.126,-66,NO_MOVEMENT,58
2026-09-08T11:45:52.007,6.265,5.214,9.126,-66,NO_MOVEMENT,58
2026-09-08T11:45:52.544,5.738,5.214,9.126,-66,NO_MOVEMENT,58
2026-09-08T11:45:53.120,6.338,5.214,9.126,-66,NO_MOVEMENT,58
2026-09-08T11:45:53.889,5.981,5.214,9.126,-66,NO_MOVEMENT,58
2026-09-08T11:45:54.457,3.686,5.214,9.126,-66,NO_MOVEMENT,58
2026-09-08T11:45:55.073,4.322,5.214,9.126,-69,NO_MOVEMENT,58
2026-09-08T11:45:55.644,4.461,5.214,9.126,-67,NO_MOVEMENT,58
2026-09-08T11:45:56.203,4.567,5.214,9.126,-66,NO_MOVEMENT,58
2026-09-08T11:45:56.769,5.203,5.214,9.126,-66,NO_MOVEMENT,58
2026-09-08T11:45:57.349,5.428,5.214,9.126,-70,NO_MOVEMENT,58
2026-09-08T11:45:57.955,4.665,5.214,9.126,-67,NO_MOVEMENT,58
2026-09-08T11:45:58.488,4.656,5.214,9.126,-67,NO_MOVEMENT,58
2026-09-08T11:45:59.020,4.999,5.214,9.126,-68,NO_MOVEMENT,58
2026-09-08T11:45:59.589,5.042,5.214,9.126,-69,NO_MOVEMENT,58
2026-09-08T11:46:00.673,5.362,5.214,9.126,-66,NO_MOVEMENT,58
2026-09-08T11:46:01.209,4.893,5.214,9.126,-67,NO_MOVEMENT,58
2026-09-08T11:46:01.790,4.454,5.214,9.126,-67,NO_MOVEMENT,58
2026-09-08T11:46:02.370,3.971,5.214,9.126,-68,NO_MOVEMENT,58
2026-09-08T11:46:02.945,3.681,5.214,9.126,-64,NO_MOVEMENT,58
2026-09-08T11:46:03.525,3.970,5.214,9.126,-67,NO_MOVEMENT,58
2026-09-08T11:46:04.128,4.091,5.214,9.126,-65,NO_MOVEMENT,58
2026-09-08T11:46:04.711,3.952,5.214,9.126,-65,NO_MOVEMENT,58
2026-09-08T11:46:05.462,2.832,5.214,9.126,-65,NO_MOVEMENT,58
2026-09-08T11:46:06.002,2.849,5.214,9.126,-65,NO_MOVEMENT,58
2026-09-08T11:46:06.553,3.186,5.214,9.126,-64,NO_MOVEMENT,58
2026-09-08T11:46:07.103,3.619,5.214,9.126,-64,NO_MOVEMENT,58
2026-09-08T11:46:07.701,2.570,5.214,9.126,-64,NO_MOVEMENT,58
2026-09-08T11:46:08.265,2.598,5.214,9.126,-64,NO_MOVEMENT,58
2026-09-08T11:46:08.866,3.043,5.214,9.126,-65,NO_MOVEMENT,58
2026-09-08T11:46:09.450,3.007,5.214,9.126,-64,NO_MOVEMENT,58
2026-09-08T11:46:10.042,3.192,5.214,9.126,-65,NO_MOVEMENT,58
2026-09-08T11:46:10.605,3.455,5.214,9.126,-65,NO_MOVEMENT,58
2026-09-08T11:46:11.117,3.676,5.214,9.126,-66,NO_MOVEMENT,58
2026-09-08T11:46:11.623,4.404,5.214,9.126,-64,NO_MOVEMENT,58
2026-09-08T11:46:12.141,5.226,5.214,9.126,-63,NO_MOVEMENT,58
2026-09-08T11:46:12.798,4.769,5.214,9.126,-64,NO_MOVEMENT,58
2026-09-08T11:46:13.336,3.769,5.214,9.126,-64,NO_MOVEMENT,58
2026-09-08T11:46:13.924,3.533,5.214,9.126,-65,NO_MOVEMENT,58
2026-09-08T11:46:14.531,3.024,5.214,9.126,-64,NO_MOVEMENT,58
2026-09-08T11:46:15.116,3.483,5.214,9.126,-64,NO_MOVEMENT,58
2026-09-08T11:46:15.772,3.264,5.214,9.126,-64,NO_MOVEMENT,58
2026-09-08T11:46:16.361,3.161,5.214,9.126,-65,NO_MOVEMENT,58
2026-09-08T11:46:17.095,3.337,5.214,9.126,-66,NO_MOVEMENT,58
2026-09-08T11:46:17.744,3.709,5.214,9.126,-64,NO_MOVEMENT,58
2026-09-08T11:46:18.316,3.595,5.214,9.126,-65,NO_MOVEMENT,58
2026-09-08T11:46:18.943,4.367,5.214,9.126,-64,NO_MOVEMENT,58
2026-09-08T11:46:19.506,3.895,5.214,9.126,-70,NO_MOVEMENT,58
2026-09-08T11:46:20.043,3.809,5.214,9.126,-64,NO_MOVEMENT,58
2026-09-08T11:46:20.604,3.760,5.214,9.126,-70,NO_MOVEMENT,58
2026-09-08T11:46:21.180,5.738,5.214,9.126,-69,NO_MOVEMENT,58
2026-09-08T11:46:21.711,5.525,5.214,9.126,-70,NO_MOVEMENT,58
2026-09-08T11:46:22.292,5.489,5.214,9.126,-69,NO_MOVEMENT,58
2026-09-08T11:46:22.822,6.611,5.214,9.126,-66,NO_MOVEMENT,58
2026-09-08T11:46:23.345,5.522,5.214,9.126,-67,NO_MOVEMENT,58
2026-09-08T11:46:23.905,5.527,5.214,9.126,-68,NO_MOVEMENT,58
2026-09-08T11:46:24.527,4.089,5.214,9.126,-65,NO_MOVEMENT,58
2026-09-08T11:46:25.088,3.686,5.214,9.126,-66,NO_MOVEMENT,58
2026-09-08T11:46:25.697,3.670,5.214,9.126,-66,NO_MOVEMENT,58
2026-09-08T11:46:26.310,3.390,5.214,9.126,-66,NO_MOVEMENT,58
2026-09-08T11:46:26.948,3.333,5.214,9.126,-66,NO_MOVEMENT,58
2026-09-08T11:46:27.542,3.559,5.214,9.126,-66,NO_MOVEMENT,58
2026-09-08T11:46:28.132,4.982,5.214,9.126,-63,NO_MOVEMENT,58
2026-09-08T11:46:28.897,5.364,5.214,9.126,-65,NO_MOVEMENT,58
2026-09-08T11:46:29.499,5.691,5.214,9.126,-64,NO_MOVEMENT,58
2026-09-08T11:46:30.082,5.006,5.214,9.126,-66,NO_MOVEMENT,58
2026-09-08T11:46:30.703,3.042,5.214,9.126,-64,NO_MOVEMENT,58
2026-09-08T11:46:31.208,4.119,5.214,9.126,-65,NO_MOVEMENT,58
2026-09-08T11:46:31.728,4.861,5.214,9.126,-65,NO_MOVEMENT,58
2026-09-08T11:46:32.336,4.990,5.214,9.126,-67,NO_MOVEMENT,58
2026-09-08T11:46:32.932,5.227,5.214,9.126,-68,NO_MOVEMENT,58
2026-09-08T11:46:33.508,4.376,5.214,9.126,-70,NO_MOVEMENT,58
2026-09-08T11:46:34.042,4.717,5.214,9.126,-67,NO_MOVEMENT,58
2026-09-08T11:46:34.606,5.249,5.214,9.126,-69,NO_MOVEMENT,58
2026-09-08T11:46:35.588,4.325,5.214,9.126,-68,NO_MOVEMENT,58
2026-09-08T11:46:36.130,3.456,5.214,9.126,-66,NO_MOVEMENT,58
2026-09-08T11:46:36.746,4.279,5.214,9.126,-69,NO_MOVEMENT,58
2026-09-08T11:46:37.345,7.174,5.214,9.126,-69,NO_MOVEMENT,58
2026-09-08T11:46:37.962,7.612,5.214,9.126,-66,NO_MOVEMENT,58
2026-09-08T11:46:38.583,7.348,5.214,9.126,-69,NO_MOVEMENT,58
2026-09-08T11:46:39.213,5.153,5.214,9.126,-66,NO_MOVEMENT,58
2026-09-08T11:46:39.822,5.084,5.214,9.126,-67,NO_MOVEMENT,58
2026-09-08T11:46:40.579,5.649,5.214,9.126,-67,NO_MOVEMENT,58
2026-09-08T11:46:41.162,3.631,5.214,9.126,-63,NO_MOVEMENT,58
2026-09-08T11:46:41.712,3.548,5.214,9.126,-66,NO_MOVEMENT,58
2026-09-08T11:46:42.280,4.771,5.214,9.126,-64,NO_MOVEMENT,58
2026-09-08T11:46:42.836,4.585,5.214,9.126,-62,NO_MOVEMENT,58
2026-09-08T11:46:43.499,5.645,5.214,9.126,-63,NO_MOVEMENT,58
2026-09-08T11:46:44.040,5.557,5.214,9.126,-63,NO_MOVEMENT,58
2026-09-08T11:46:44.543,6.186,5.214,9.126,-63,NO_MOVEMENT,58
2026-09-08T11:46:45.129,5.941,5.214,9.126,-65,NO_MOVEMENT,58
2026-09-08T11:46:45.670,6.337,5.214,9.126,-65,NO_MOVEMENT,58
2026-09-08T11:46:46.254,4.880,5.214,9.126,-66,NO_MOVEMENT,58
2026-09-08T11:46:46.795,3.902,5.214,9.126,-67,NO_MOVEMENT,58
2026-09-08T11:46:47.358,5.581,5.214,9.126,-71,NO_MOVEMENT,58
2026-09-08T11:46:47.965,6.238,5.214,9.126,-65,NO_MOVEMENT,58
2026-09-08T11:46:48.572,6.793,5.214,9.126,-67,NO_MOVEMENT,58
2026-09-08T11:46:49.144,5.825,5.214,9.126,-66,NO_MOVEMENT,58
2026-09-08T11:46:49.699,5.321,5.214,9.126,-68,NO_MOVEMENT,58
2026-09-08T11:46:50.264,7.671,5.214,9.126,-72,NO_MOVEMENT,58
2026-09-08T11:46:50.805,8.800,5.214,9.126,-70,NO_MOVEMENT,58
2026-09-08T11:46:51.352,8.789,5.214,9.126,-72,NO_MOVEMENT,58
2026-09-08T11:46:52.047,9.232,5.214,9.126,-70,MOVEMENT,59
2026-09-08T11:46:52.615,7.754,5.214,9.126,-71,RECENT_MOVEMENT,59
2026-09-08T11:46:53.189,7.454,5.214,9.126,-72,RECENT_MOVEMENT,59
2026-09-08T11:46:53.778,8.026,5.214,9.126,-72,RECENT_MOVEMENT,59
2026-09-08T11:46:54.434,9.279,5.214,9.126,-71,RECENT_MOVEMENT,59
2026-09-08T11:46:55.012,7.681,5.214,9.126,-68,RECENT_MOVEMENT,60
2026-09-08T11:46:55.600,4.431,5.214,9.126,-68,RECENT_MOVEMENT,60
2026-09-08T11:46:56.152,5.269,5.214,9.126,-70,RECENT_MOVEMENT,60
2026-09-08T11:46:56.756,4.915,5.214,9.126,-69,RECENT_MOVEMENT,60
2026-09-08T11:46:57.460,5.702,5.214,9.126,-67,RECENT_MOVEMENT,60
2026-09-08T11:46:58.037,4.087,5.214,9.126,-68,RECENT_MOVEMENT,60
2026-09-08T11:46:58.668,4.202,5.214,9.126,-68,RECENT_MOVEMENT,60
2026-09-08T11:46:59.252,3.199,5.214,9.126,-67,RECENT_MOVEMENT,60
2026-09-08T11:46:59.892,3.509,5.214,9.126,-66,RECENT_MOVEMENT,60
2026-09-08T11:47:00.528,3.978,5.214,9.126,-67,NO_MOVEMENT,60
2026-09-08T11:47:01.325,5.527,5.214,9.126,-66,NO_MOVEMENT,60
2026-09-08T11:47:01.930,5.824,5.214,9.126,-66,NO_MOVEMENT,60
2026-09-08T11:47:02.566,5.612,5.214,9.126,-67,NO_MOVEMENT,60
2026-09-08T11:47:03.117,5.779,5.214,9.126,-66,NO_MOVEMENT,60
2026-09-08T11:47:03.718,5.661,5.214,9.126,-66,NO_MOVEMENT,60
2026-09-08T11:47:04.449,3.465,5.214,9.126,-66,NO_MOVEMENT,60
2026-09-08T11:47:05.025,4.894,5.214,9.126,-66,NO_MOVEMENT,60
2026-09-08T11:47:05.606,4.322,5.214,9.126,-67,NO_MOVEMENT,60
2026-09-08T11:47:06.148,4.079,5.214,9.126,-67,NO_MOVEMENT,60
2026-09-08T11:47:06.731,4.322,5.214,9.126,-68,NO_MOVEMENT,60
2026-09-08T11:47:07.311,3.778,5.214,9.126,-67,NO_MOVEMENT,60
2026-09-08T11:47:07.945,4.748,5.214,9.126,-67,NO_MOVEMENT,60
2026-09-08T11:47:08.542,4.527,5.214,9.126,-66,NO_MOVEMENT,60
2026-09-08T11:47:09.172,4.817,5.214,9.126,-66,NO_MOVEMENT,60
2026-09-08T11:47:09.793,4.396,5.214,9.126,-67,NO_MOVEMENT,60
2026-09-08T11:47:10.435,4.370,5.214,9.126,-65,NO_MOVEMENT,60
2026-09-08T11:47:11.049,3.505,5.214,9.126,-66,NO_MOVEMENT,60
2026-09-08T11:47:11.625,4.429,5.214,9.126,-70,NO_MOVEMENT,60
2026-09-08T11:47:12.198,4.717,5.214,9.126,-67,NO_MOVEMENT,60
2026-09-08T11:47:12.815,4.574,5.214,9.126,-68,NO_MOVEMENT,60
2026-09-08T11:47:13.468,4.897,5.214,9.126,-65,NO_MOVEMENT,60
2026-09-08T11:47:14.151,3.916,5.214,9.126,-65,NO_MOVEMENT,60
2026-09-08T11:47:14.770,3.099,5.214,9.126,-65,NO_MOVEMENT,60
2026-09-08T11:47:15.425,3.324,5.214,9.126,-66,NO_MOVEMENT,60
2026-09-08T11:47:16.195,3.697,5.214,9.126,-67,NO_MOVEMENT,60
2026-09-08T11:47:16.772,3.200,5.214,9.126,-67,NO_MOVEMENT,60
2026-09-08T11:47:17.383,3.188,5.214,9.126,-66,NO_MOVEMENT,60
2026-09-08T11:47:17.948,4.283,5.214,9.126,-69,NO_MOVEMENT,60
2026-09-08T11:47:18.503,4.016,5.214,9.126,-70,NO_MOVEMENT,60
2026-09-08T11:47:19.048,4.053,5.214,9.126,-68,NO_MOVEMENT,60
2026-09-08T11:47:19.592,3.731,5.214,9.126,-69,NO_MOVEMENT,60
2026-09-08T11:47:20.245,3.742,5.214,9.126,-67,NO_MOVEMENT,60
2026-09-08T11:47:20.881,4.071,5.214,9.126,-67,NO_MOVEMENT,60
2026-09-08T11:47:21.580,4.172,5.214,9.126,-70,NO_MOVEMENT,60
2026-09-08T11:47:22.173,4.575,5.214,9.126,-72,NO_MOVEMENT,60
2026-09-08T11:47:22.699,5.344,5.214,9.126,-71,NO_MOVEMENT,60
2026-09-08T11:47:23.243,5.425,5.214,9.126,-72,NO_MOVEMENT,60
2026-09-08T11:47:23.865,5.324,5.214,9.126,-71,NO_MOVEMENT,60
2026-09-08T11:47:24.442,5.623,5.214,9.126,-71,NO_MOVEMENT,60
2026-09-08T11:47:24.990,5.225,5.214,9.126,-72,NO_MOVEMENT,60
2026-09-08T11:47:25.530,5.371,5.214,9.126,-70,NO_MOVEMENT,60
2026-09-08T11:47:26.055,4.770,5.214,9.126,-68,NO_MOVEMENT,60
2026-09-08T11:47:26.629,4.883,5.214,9.126,-68,NO_MOVEMENT,60
2026-09-08T11:47:27.236,3.359,5.214,9.126,-68,NO_MOVEMENT,60
2026-09-08T11:47:27.915,2.981,5.214,9.126,-69,NO_MOVEMENT,60
2026-09-08T11:47:28.544,4.144,5.214,9.126,-71,NO_MOVEMENT,60
2026-09-08T11:47:29.135,5.458,5.214,9.126,-67,NO_MOVEMENT,60
2026-09-08T11:47:29.709,5.655,5.214,9.126,-66,NO_MOVEMENT,60
2026-09-08T11:47:30.322,6.287,5.214,9.126,-67,NO_MOVEMENT,60
2026-09-08T11:47:30.946,3.454,5.214,9.126,-66,NO_MOVEMENT,60
2026-09-08T11:47:31.514,3.536,5.214,9.126,-67,NO_MOVEMENT,60
2026-09-08T11:47:32.065,3.478,5.214,9.126,-68,NO_MOVEMENT,60
2026-09-08T11:47:32.666,3.312,5.214,9.126,-67,NO_MOVEMENT,60
2026-09-08T11:47:33.214,3.395,5.214,9.126,-68,NO_MOVEMENT,60
2026-09-08T11:47:33.779,4.327,5.214,9.126,-70,NO_MOVEMENT,60
2026-09-08T11:47:34.357,4.644,5.214,9.126,-69,NO_MOVEMENT,60
2026-09-08T11:47:34.980,5.428,5.214,9.126,-71,NO_MOVEMENT,60
2026-09-08T11:47:35.563,7.413,5.214,9.126,-72,NO_MOVEMENT,60
2026-09-08T11:47:36.182,6.788,5.214,9.126,-71,NO_MOVEMENT,60
2026-09-08T11:47:36.781,6.293,5.214,9.126,-68,NO_MOVEMENT,60
2026-09-08T11:47:37.387,5.392,5.214,9.126,-66,NO_MOVEMENT,60
2026-09-08T11:47:37.999,3.856,5.214,9.126,-67,NO_MOVEMENT,60
2026-09-08T11:47:38.645,5.102,5.214,9.126,-64,NO_MOVEMENT,60
2026-09-08T11:47:39.325,8.259,5.214,9.126,-65,NO_MOVEMENT,60
2026-09-08T11:47:39.923,12.137,5.214,9.126,-66,MOVEMENT,61
2026-09-08T11:47:40.550,11.274,5.214,9.126,-65,MOVEMENT,61
2026-09-08T11:47:41.113,10.301,5.214,9.126,-65,MOVEMENT,61
2026-09-08T11:47:41.752,6.074,5.214,9.126,-65,RECENT_MOVEMENT,61
2026-09-08T11:47:42.353,4.618,5.214,9.126,-65,RECENT_MOVEMENT,61
2026-09-08T11:47:42.950,7.609,5.214,9.126,-65,RECENT_MOVEMENT,61
2026-09-08T11:47:43.578,7.994,5.214,9.126,-65,RECENT_MOVEMENT,61
2026-09-08T11:47:44.188,7.945,5.214,9.126,-65,RECENT_MOVEMENT,61
2026-09-08T11:47:44.772,4.269,5.214,9.126,-64,RECENT_MOVEMENT,61
2026-09-08T11:47:45.381,2.679,5.214,9.126,-64,RECENT_MOVEMENT,61
2026-09-08T11:47:46.017,3.320,5.214,9.126,-64,RECENT_MOVEMENT,61
2026-09-08T11:47:46.579,3.259,5.214,9.126,-65,NO_MOVEMENT,61
2026-09-08T11:47:47.162,3.465,5.214,9.126,-64,NO_MOVEMENT,61
2026-09-08T11:47:47.700,3.292,5.214,9.126,-67,NO_MOVEMENT,61
2026-09-08T11:47:48.694,3.324,5.214,9.126,-66,NO_MOVEMENT,61
2026-09-08T11:47:49.411,2.746,5.214,9.126,-64,NO_MOVEMENT,61
2026-09-08T11:47:49.972,4.175,5.214,9.126,-64,NO_MOVEMENT,61
2026-09-08T11:47:50.620,4.259,5.214,9.126,-65,NO_MOVEMENT,61
2026-09-08T11:47:51.323,5.316,5.214,9.126,-66,NO_MOVEMENT,61
2026-09-08T11:47:51.938,4.899,5.214,9.126,-65,NO_MOVEMENT,61
2026-09-08T11:47:52.606,4.526,5.214,9.126,-65,NO_MOVEMENT,61
2026-09-08T11:47:53.171,4.498,5.214,9.126,-65,NO_MOVEMENT,61
2026-09-08T11:47:53.753,4.681,5.214,9.126,-65,NO_MOVEMENT,61
2026-09-08T11:47:54.348,4.499,5.214,9.126,-65,NO_MOVEMENT,61
2026-09-08T11:47:54.958,4.425,5.214,9.126,-65,NO_MOVEMENT,61
2026-09-08T11:47:55.608,3.149,5.214,9.126,-64,NO_MOVEMENT,61
2026-09-08T11:47:56.268,2.566,5.214,9.126,-64,NO_MOVEMENT,61
2026-09-08T11:47:56.890,2.942,5.214,9.126,-65,NO_MOVEMENT,61
2026-09-08T11:47:57.498,2.842,5.214,9.126,-64,NO_MOVEMENT,61
2026-09-08T11:47:58.139,2.632,5.214,9.126,-64,NO_MOVEMENT,61
2026-09-08T11:47:58.733,2.724,5.214,9.126,-64,NO_MOVEMENT,61
2026-09-08T11:47:59.339,3.021,5.214,9.126,-64,NO_MOVEMENT,61
2026-09-08T11:47:59.918,5.494,5.214,9.126,-64,NO_MOVEMENT,61
2026-09-08T11:48:00.475,5.055,5.214,9.126,-64,NO_MOVEMENT,61
2026-09-08T11:48:01.143,4.701,5.214,9.126,-65,NO_MOVEMENT,61
2026-09-08T11:48:01.831,2.972,5.214,9.126,-65,NO_MOVEMENT,61
2026-09-08T11:48:02.449,3.062,5.214,9.126,-65,NO_MOVEMENT,61
2026-09-08T11:48:03.085,2.774,5.214,9.126,-65,NO_MOVEMENT,61
2026-09-08T11:48:03.771,3.343,5.214,9.126,-65,NO_MOVEMENT,61
2026-09-08T11:48:04.418,3.370,5.214,9.126,-65,NO_MOVEMENT,61
2026-09-08T11:48:04.993,3.611,5.214,9.126,-65,NO_MOVEMENT,61
2026-09-08T11:48:05.550,3.612,5.214,9.126,-65,NO_MOVEMENT,61
2026-09-08T11:48:06.089,3.181,5.214,9.126,-65,NO_MOVEMENT,61
2026-09-08T11:48:06.737,3.053,5.214,9.126,-65,NO_MOVEMENT,61
2026-09-08T11:48:07.314,3.087,5.214,9.126,-65,NO_MOVEMENT,61
2026-09-08T11:48:07.850,2.964,5.214,9.126,-65,NO_MOVEMENT,61
2026-09-08T11:48:08.413,2.926,5.214,9.126,-65,NO_MOVEMENT,61
2026-09-08T11:48:09.060,2.909,5.214,9.126,-65,NO_MOVEMENT,61
2026-09-08T11:48:09.578,2.680,5.214,9.126,-65,NO_MOVEMENT,61
2026-09-08T11:48:10.114,2.722,5.214,9.126,-65,NO_MOVEMENT,61
2026-09-08T11:48:10.799,3.068,5.214,9.126,-64,NO_MOVEMENT,61
2026-09-08T11:48:11.816,3.247,5.214,9.126,-66,NO_MOVEMENT,61
2026-09-08T11:48:12.381,3.468,5.214,9.126,-66,NO_MOVEMENT,61
2026-09-08T11:48:12.924,3.543,5.214,9.126,-65,NO_MOVEMENT,61
2026-09-08T11:48:13.509,3.227,5.214,9.126,-65,NO_MOVEMENT,61
2026-09-08T11:48:14.131,3.617,5.214,9.126,-66,NO_MOVEMENT,61
2026-09-08T11:48:14.728,4.343,5.214,9.126,-65,NO_MOVEMENT,61
2026-09-08T11:48:15.277,5.480,5.214,9.126,-65,NO_MOVEMENT,61
2026-09-08T11:48:16.023,4.554,5.214,9.126,-66,NO_MOVEMENT,61
2026-09-08T11:48:16.596,3.037,5.214,9.126,-66,NO_MOVEMENT,61
2026-09-08T11:48:17.189,6.154,5.214,9.126,-66,NO_MOVEMENT,61
2026-09-08T11:48:17.785,6.128,5.214,9.126,-65,NO_MOVEMENT,61
2026-09-08T11:48:18.359,9.348,5.214,9.126,-66,MOVEMENT,62
2026-09-08T11:48:18.864,9.442,5.214,9.126,-66,MOVEMENT,62
2026-09-08T11:48:19.377,10.869,5.214,9.126,-76,MOVEMENT,62
2026-09-08T11:48:19.964,9.370,5.214,9.126,-72,MOVEMENT,62
2026-09-08T11:48:20.537,7.614,5.214,9.126,-70,RECENT_MOVEMENT,62
2026-09-08T11:48:21.590,5.788,5.214,9.126,-73,RECENT_MOVEMENT,62
2026-09-08T11:48:22.172,5.493,5.214,9.126,-72,RECENT_MOVEMENT,62
2026-09-08T11:48:22.684,5.678,5.214,9.126,-74,RECENT_MOVEMENT,62
2026-09-08T11:48:23.248,5.656,5.214,9.126,-67,RECENT_MOVEMENT,62
2026-09-08T11:48:24.042,5.115,5.214,9.126,-65,RECENT_MOVEMENT,62
2026-09-08T11:48:24.782,4.661,5.214,9.126,-63,RECENT_MOVEMENT,62
2026-09-08T11:48:25.442,3.517,5.214,9.126,-64,NO_MOVEMENT,62
2026-09-08T11:48:26.027,3.182,5.214,9.126,-65,NO_MOVEMENT,62
2026-09-08T11:48:26.576,2.923,5.214,9.126,-65,NO_MOVEMENT,62
2026-09-08T11:48:27.094,3.034,5.214,9.126,-65,NO_MOVEMENT,62
2026-09-08T11:48:27.618,3.063,5.214,9.126,-65,NO_MOVEMENT,62
2026-09-08T11:48:28.178,2.866,5.214,9.126,-66,NO_MOVEMENT,62
2026-09-08T11:48:28.870,3.054,5.214,9.126,-65,NO_MOVEMENT,62
2026-09-08T11:48:29.440,3.791,5.214,9.126,-65,NO_MOVEMENT,62
2026-09-08T11:48:30.043,4.008,5.214,9.126,-66,NO_MOVEMENT,62
2026-09-08T11:48:30.659,4.244,5.214,9.126,-65,NO_MOVEMENT,62
2026-09-08T11:48:31.259,3.785,5.214,9.126,-65,NO_MOVEMENT,62
2026-09-08T11:48:31.880,3.585,5.214,9.126,-65,NO_MOVEMENT,62
2026-09-08T11:48:32.411,3.665,5.214,9.126,-66,NO_MOVEMENT,62
2026-09-08T11:48:32.937,3.404,5.214,9.126,-66,NO_MOVEMENT,62
2026-09-08T11:48:33.449,4.242,5.214,9.126,-65,NO_MOVEMENT,62
2026-09-08T11:48:34.023,4.161,5.214,9.126,-66,NO_MOVEMENT,62
2026-09-08T11:48:34.696,4.196,5.214,9.126,-65,NO_MOVEMENT,62
2026-09-08T11:48:35.364,3.578,5.214,9.126,-64,NO_MOVEMENT,62
2026-09-08T11:48:36.126,3.412,5.214,9.126,-64,NO_MOVEMENT,62
2026-09-08T11:48:36.732,3.408,5.214,9.126,-65,NO_MOVEMENT,62
2026-09-08T11:48:37.703,2.600,5.214,9.126,-66,NO_MOVEMENT,62
2026-09-08T11:48:38.309,2.677,5.214,9.126,-66,NO_MOVEMENT,62
2026-09-08T11:48:38.926,2.723,5.214,9.126,-64,NO_MOVEMENT,62
2026-09-08T11:48:39.578,2.858,5.214,9.126,-66,NO_MOVEMENT,62
2026-09-08T11:48:40.135,2.920,5.214,9.126,-67,NO_MOVEMENT,62
2026-09-08T11:48:40.682,3.510,5.214,9.126,-67,NO_MOVEMENT,62
2026-09-08T11:48:41.242,3.651,5.214,9.126,-66,NO_MOVEMENT,62
2026-09-08T11:48:41.878,3.465,5.214,9.126,-67,NO_MOVEMENT,62
2026-09-08T11:48:42.464,2.769,5.214,9.126,-68,NO_MOVEMENT,62
2026-09-08T11:48:43.023,3.565,5.214,9.126,-68,NO_MOVEMENT,62
2026-09-08T11:48:43.581,3.983,5.214,9.126,-66,NO_MOVEMENT,62
2026-09-08T11:48:44.206,6.037,5.214,9.126,-65,NO_MOVEMENT,62
2026-09-08T11:48:44.917,5.371,5.214,9.126,-65,NO_MOVEMENT,62
2026-09-08T11:48:45.509,4.525,5.214,9.126,-65,NO_MOVEMENT,62
2026-09-08T11:48:46.086,3.030,5.214,9.126,-65,NO_MOVEMENT,62
2026-09-08T11:48:46.643,3.292,5.214,9.126,-66,NO_MOVEMENT,62
2026-09-08T11:48:47.217,3.152,5.214,9.126,-66,NO_MOVEMENT,62
2026-09-08T11:48:47.766,2.902,5.214,9.126,-66,NO_MOVEMENT,62
2026-09-08T11:48:48.466,2.890,5.214,9.126,-66,NO_MOVEMENT,62
2026-09-08T11:48:48.999,2.968,5.214,9.126,-66,NO_MOVEMENT,62
2026-09-08T11:48:49.556,4.582,5.214,9.126,-64,NO_MOVEMENT,62
2026-09-08T11:48:50.146,4.601,5.214,9.126,-64,NO_MOVEMENT,62
2026-09-08T11:48:50.742,4.558,5.214,9.126,-64,NO_MOVEMENT,62
2026-09-08T11:48:51.346,3.044,5.214,9.126,-64,NO_MOVEMENT,62
2026-09-08T11:48:51.920,4.505,5.214,9.126,-67,NO_MOVEMENT,62
2026-09-08T11:48:52.503,4.708,5.214,9.126,-65,NO_MOVEMENT,62
2026-09-08T11:48:53.099,5.538,5.214,9.126,-65,NO_MOVEMENT,62
2026-09-08T11:48:53.640,4.923,5.214,9.126,-65,NO_MOVEMENT,62
2026-09-08T11:48:54.184,3.763,5.214,9.126,-64,NO_MOVEMENT,62
2026-09-08T11:48:54.742,3.355,5.214,9.126,-65,NO_MOVEMENT,62
2026-09-08T11:48:55.399,4.238,5.214,9.126,-65,NO_MOVEMENT,62
2026-09-08T11:48:56.007,4.385,5.214,9.126,-65,NO_MOVEMENT,62
2026-09-08T11:48:56.666,4.583,5.214,9.126,-66,NO_MOVEMENT,62
2026-09-08T11:48:57.252,3.470,5.214,9.126,-65,NO_MOVEMENT,62
2026-09-08T11:48:57.766,3.151,5.214,9.126,-65,NO_MOVEMENT,62
2026-09-08T11:48:58.385,3.514,5.214,9.126,-65,NO_MOVEMENT,62
2026-09-08T11:48:58.950,3.682,5.214,9.126,-65,NO_MOVEMENT,62
2026-09-08T11:48:59.681,3.612,5.214,9.126,-64,NO_MOVEMENT,62
2026-09-08T11:49:00.258,3.340,5.214,9.126,-64,NO_MOVEMENT,62
2026-09-08T11:49:01.022,5.601,5.214,9.126,-65,NO_MOVEMENT,62
2026-09-08T11:49:01.647,5.802,5.214,9.126,-66,NO_MOVEMENT,62
2026-09-08T11:49:02.287,6.288,5.214,9.126,-67,NO_MOVEMENT,62
2026-09-08T11:49:02.885,7.557,5.214,9.126,-67,NO_MOVEMENT,62
2026-09-08T11:49:03.451,7.492,5.214,9.126,-64,NO_MOVEMENT,62
2026-09-08T11:49:04.041,6.910,5.214,9.126,-65,NO_MOVEMENT,62
2026-09-08T11:49:04.654,4.090,5.214,9.126,-65,NO_MOVEMENT,62
2026-09-08T11:49:05.291,3.682,5.214,9.126,-65,NO_MOVEMENT,62
2026-09-08T11:49:05.795,3.780,5.214,9.126,-67,NO_MOVEMENT,62
2026-09-08T11:49:06.409,5.158,5.214,9.126,-67,NO_MOVEMENT,62
2026-09-08T11:49:06.964,5.456,5.214,9.126,-67,NO_MOVEMENT,62
2026-09-08T11:49:07.496,3.554,5.214,9.126,-67,NO_MOVEMENT,62
2026-09-08T11:49:08.067,3.578,5.214,9.126,-67,NO_MOVEMENT,62
2026-09-08T11:49:08.627,3.505,5.214,9.126,-68,NO_MOVEMENT,62
2026-09-08T11:49:09.215,3.985,5.214,9.126,-68,NO_MOVEMENT,62
2026-09-08T11:49:09.790,4.169,5.214,9.126,-69,NO_MOVEMENT,62
2026-09-08T11:49:10.373,5.133,5.214,9.126,-68,NO_MOVEMENT,62
2026-09-08T11:49:11.041,5.084,5.214,9.126,-68,NO_MOVEMENT,62
2026-09-08T11:49:11.612,4.240,5.214,9.126,-67,NO_MOVEMENT,62
2026-09-08T11:49:12.135,4.075,5.214,9.126,-67,NO_MOVEMENT,62
2026-09-08T11:49:12.702,4.123,5.214,9.126,-67,NO_MOVEMENT,62
2026-09-08T11:49:13.759,3.528,5.214,9.126,-66,NO_MOVEMENT,62
2026-09-08T11:49:14.339,3.748,5.214,9.126,-67,NO_MOVEMENT,62
2026-09-08T11:49:14.910,3.402,5.214,9.126,-66,NO_MOVEMENT,62
2026-09-08T11:49:15.439,3.823,5.214,9.126,-68,NO_MOVEMENT,62
2026-09-08T11:49:16.004,3.345,5.214,9.126,-67,NO_MOVEMENT,62
2026-09-08T11:49:16.549,3.505,5.214,9.126,-67,NO_MOVEMENT,62
2026-09-08T11:49:17.137,4.133,5.214,9.126,-67,NO_MOVEMENT,62
2026-09-08T11:49:17.726,4.037,5.214,9.126,-68,NO_MOVEMENT,62
2026-09-08T11:49:18.316,4.453,5.214,9.126,-67,NO_MOVEMENT,62
2026-09-08T11:49:18.928,4.222,5.214,9.126,-67,NO_MOVEMENT,62
2026-09-08T11:49:19.490,4.593,5.214,9.126,-66,NO_MOVEMENT,62
2026-09-08T11:49:20.074,3.920,5.214,9.126,-65,NO_MOVEMENT,62
2026-09-08T11:49:20.691,4.456,5.214,9.126,-64,NO_MOVEMENT,62
2026-09-08T11:49:21.278,3.271,5.214,9.126,-65,NO_MOVEMENT,62
2026-09-08T11:49:21.846,3.063,5.214,9.126,-65,NO_MOVEMENT,62
2026-09-08T11:49:22.725,3.072,5.214,9.126,-66,NO_MOVEMENT,62
2026-09-08T11:49:23.319,3.947,5.214,9.126,-67,NO_MOVEMENT,62
2026-09-08T11:49:23.889,3.707,5.214,9.126,-67,NO_MOVEMENT,62
2026-09-08T11:49:24.514,3.056,5.214,9.126,-66,NO_MOVEMENT,62
2026-09-08T11:49:25.086,3.202,5.214,9.126,-67,NO_MOVEMENT,62
2026-09-08T11:49:25.616,3.141,5.214,9.126,-67,NO_MOVEMENT,62
2026-09-08T11:49:26.668,3.179,5.214,9.126,-66,NO_MOVEMENT,62
2026-09-08T11:49:27.244,3.254,5.214,9.126,-65,NO_MOVEMENT,62
2026-09-08T11:49:27.842,3.542,5.214,9.126,-64,NO_MOVEMENT,62
2026-09-08T11:49:28.373,3.553,5.214,9.126,-64,NO_MOVEMENT,62
2026-09-08T11:49:29.047,3.477,5.214,9.126,-64,NO_MOVEMENT,62
2026-09-08T11:49:29.621,3.184,5.214,9.126,-66,NO_MOVEMENT,62
2026-09-08T11:49:30.196,3.709,5.214,9.126,-64,NO_MOVEMENT,62
2026-09-08T11:49:30.796,4.472,5.214,9.126,-66,NO_MOVEMENT,62
2026-09-08T11:49:31.378,4.410,5.214,9.126,-66,NO_MOVEMENT,62
2026-09-08T11:49:31.964,4.970,5.214,9.126,-66,NO_MOVEMENT,62
2026-09-08T11:49:32.500,3.788,5.214,9.126,-66,NO_MOVEMENT,62
2026-09-08T11:49:33.232,4.786,5.214,9.126,-67,NO_MOVEMENT,62
2026-09-08T11:49:33.818,5.057,5.214,9.126,-65,NO_MOVEMENT,62
2026-09-08T11:49:34.442,4.536,5.214,9.126,-65,NO_MOVEMENT,62
2026-09-08T11:49:35.026,3.560,5.214,9.126,-65,NO_MOVEMENT,62
2026-09-08T11:49:35.569,5.820,5.214,9.126,-65,NO_MOVEMENT,62
2026-09-08T11:49:36.159,6.746,5.214,9.126,-65,NO_MOVEMENT,62
2026-09-08T11:49:36.744,7.623,5.214,9.126,-65,NO_MOVEMENT,62
2026-09-08T11:49:37.318,5.529,5.214,9.126,-65,NO_MOVEMENT,62
2026-09-08T11:49:37.909,4.144,5.214,9.126,-65,NO_MOVEMENT,62
2026-09-08T11:49:38.609,2.733,5.214,9.126,-65,NO_MOVEMENT,62
2026-09-08T11:49:39.224,2.918,5.214,9.126,-64,NO_MOVEMENT,62
2026-09-08T11:49:39.779,3.124,5.214,9.126,-64,NO_MOVEMENT,62
2026-09-08T11:49:40.345,3.265,5.214,9.126,-65,NO_MOVEMENT,62
2026-09-08T11:49:40.852,3.410,5.214,9.126,-65,NO_MOVEMENT,62
2026-09-08T11:49:41.489,3.378,5.214,9.126,-64,NO_MOVEMENT,62
2026-09-08T11:49:42.072,3.412,5.214,9.126,-64,NO_MOVEMENT,62
2026-09-08T11:49:42.641,3.199,5.214,9.126,-65,NO_MOVEMENT,62
2026-09-08T11:49:43.164,3.199,5.214,9.126,-66,NO_MOVEMENT,62
2026-09-08T11:49:43.729,4.314,5.214,9.126,-65,NO_MOVEMENT,62
2026-09-08T11:49:44.480,4.217,5.214,9.126,-65,NO_MOVEMENT,62
2026-09-08T11:49:45.000,4.975,5.214,9.126,-65,NO_MOVEMENT,62
2026-09-08T11:49:45.543,4.843,5.214,9.126,-65,NO_MOVEMENT,62
2026-09-08T11:49:46.162,5.009,5.214,9.126,-67,NO_MOVEMENT,62
2026-09-08T11:49:46.801,4.829,5.214,9.126,-64,NO_MOVEMENT,62
2026-09-08T11:49:47.447,4.183,5.214,9.126,-65,NO_MOVEMENT,62
2026-09-08T11:49:48.088,4.521,5.214,9.126,-66,NO_MOVEMENT,62
2026-09-08T11:49:48.655,4.345,5.214,9.126,-66,NO_MOVEMENT,62
2026-09-08T11:49:49.270,4.670,5.214,9.126,-66,NO_MOVEMENT,62
2026-09-08T11:49:49.902,4.078,5.214,9.126,-69,NO_MOVEMENT,62
2026-09-08T11:49:50.419,7.943,5.214,9.126,-69,NO_MOVEMENT,62
2026-09-08T11:49:50.949,9.243,5.214,9.126,-68,MOVEMENT,63
2026-09-08T11:49:51.557,7.578,5.214,9.126,-68,RECENT_MOVEMENT,63
2026-09-08T11:49:52.230,6.788,5.214,9.126,-69,RECENT_MOVEMENT,63
2026-09-08T11:49:52.911,4.552,5.214,9.126,-70,RECENT_MOVEMENT,63
2026-09-08T11:49:53.487,5.004,5.214,9.126,-67,RECENT_MOVEMENT,63
2026-09-08T11:49:54.041,4.967,5.214,9.126,-67,RECENT_MOVEMENT,63
2026-09-08T11:49:54.616,4.921,5.214,9.126,-67,RECENT_MOVEMENT,63
2026-09-08T11:49:55.183,6.296,5.214,9.126,-66,RECENT_MOVEMENT,63
2026-09-08T11:49:55.938,6.224,5.214,9.126,-67,RECENT_MOVEMENT,63
2026-09-08T11:49:56.938,7.417,5.214,9.126,-69,NO_MOVEMENT,63
2026-09-08T11:49:57.549,7.170,5.214,9.126,-68,NO_MOVEMENT,63
2026-09-08T11:49:58.129,6.413,5.214,9.126,-68,NO_MOVEMENT,63
2026-09-08T11:49:58.719,3.937,5.214,9.126,-72,NO_MOVEMENT,63
2026-09-08T11:49:59.273,4.497,5.214,9.126,-73,NO_MOVEMENT,63
2026-09-08T11:49:59.800,6.170,5.214,9.126,-68,NO_MOVEMENT,63
2026-09-08T11:50:00.424,6.774,5.214,9.126,-70,NO_MOVEMENT,63
2026-09-08T11:50:01.096,8.018,5.214,9.126,-70,NO_MOVEMENT,63
2026-09-08T11:50:01.724,7.103,5.214,9.126,-73,NO_MOVEMENT,63
2026-09-08T11:50:02.253,6.752,5.214,9.126,-72,NO_MOVEMENT,63
2026-09-08T11:50:02.794,6.203,5.214,9.126,-71,NO_MOVEMENT,63
2026-09-08T11:50:03.374,8.467,5.214,9.126,-73,NO_MOVEMENT,63
2026-09-08T11:50:03.946,8.831,5.214,9.126,-72,NO_MOVEMENT,63
2026-09-08T11:50:04.578,7.084,5.214,9.126,-69,NO_MOVEMENT,63
2026-09-08T11:50:05.395,5.640,5.214,9.126,-70,NO_MOVEMENT,63
2026-09-08T11:50:05.985,4.881,5.214,9.126,-69,NO_MOVEMENT,63
2026-09-08T11:50:06.709,4.993,5.214,9.126,-70,NO_MOVEMENT,63
2026-09-08T11:50:07.364,4.808,5.214,9.126,-70,NO_MOVEMENT,63
2026-09-08T11:50:08.007,5.219,5.214,9.126,-70,NO_MOVEMENT,63
2026-09-08T11:50:08.529,4.817,5.214,9.126,-69,NO_MOVEMENT,63
2026-09-08T11:50:09.120,4.153,5.214,9.126,-69,NO_MOVEMENT,63
2026-09-08T11:50:09.694,3.906,5.214,9.126,-67,NO_MOVEMENT,63
2026-09-08T11:50:10.288,3.713,5.214,9.126,-66,NO_MOVEMENT,63
2026-09-08T11:50:10.910,3.427,5.214,9.126,-67,NO_MOVEMENT,63
2026-09-08T11:50:11.570,4.456,5.214,9.126,-69,NO_MOVEMENT,63
2026-09-08T11:50:12.153,4.831,5.214,9.126,-70,NO_MOVEMENT,63
2026-09-08T11:50:12.781,7.006,5.214,9.126,-69,NO_MOVEMENT,63
2026-09-08T11:50:13.326,6.507,5.214,9.126,-68,NO_MOVEMENT,63
2026-09-08T11:50:13.926,5.106,5.214,9.126,-68,NO_MOVEMENT,63
2026-09-08T11:50:14.594,3.741,5.214,9.126,-67,NO_MOVEMENT,63
2026-09-08T11:50:15.268,3.566,5.214,9.126,-67,NO_MOVEMENT,63
2026-09-08T11:50:15.871,3.773,5.214,9.126,-67,NO_MOVEMENT,63
2026-09-08T11:50:16.441,3.227,5.214,9.126,-67,NO_MOVEMENT,63
2026-09-08T11:50:17.022,2.912,5.214,9.126,-67,NO_MOVEMENT,63
2026-09-08T11:50:17.576,3.284,5.214,9.126,-65,NO_MOVEMENT,63
2026-09-08T11:50:18.152,4.598,5.214,9.126,-66,NO_MOVEMENT,63
2026-09-08T11:50:18.708,4.980,5.214,9.126,-66,NO_MOVEMENT,63
2026-09-08T11:50:19.273,6.038,5.214,9.126,-66,NO_MOVEMENT,63
2026-09-08T11:50:19.787,5.823,5.214,9.126,-67,NO_MOVEMENT,63
2026-09-08T11:50:20.481,4.582,5.214,9.126,-64,NO_MOVEMENT,63
2026-09-08T11:50:21.544,4.708,5.214,9.126,-65,NO_MOVEMENT,63
2026-09-08T11:50:22.087,3.492,5.214,9.126,-64,NO_MOVEMENT,63
2026-09-08T11:50:22.688,3.086,5.214,9.126,-65,NO_MOVEMENT,63
2026-09-08T11:50:23.249,3.231,5.214,9.126,-64,NO_MOVEMENT,63
2026-09-08T11:50:23.800,3.691,5.214,9.126,-65,NO_MOVEMENT,63
2026-09-08T11:50:24.431,3.383,5.214,9.126,-64,NO_MOVEMENT,63
2026-09-08T11:50:24.958,3.233,5.214,9.126,-65,NO_MOVEMENT,63
2026-09-08T11:50:25.567,3.040,5.214,9.126,-65,NO_MOVEMENT,63
2026-09-08T11:50:26.168,4.490,5.214,9.126,-65,NO_MOVEMENT,63
2026-09-08T11:50:26.740,4.506,5.214,9.126,-65,NO_MOVEMENT,63
2026-09-08T11:50:27.407,3.571,5.214,9.126,-65,NO_MOVEMENT,63
2026-09-08T11:50:27.911,3.539,5.214,9.126,-65,NO_MOVEMENT,63
2026-09-08T11:50:28.553,3.278,5.214,9.126,-65,NO_MOVEMENT,63
2026-09-08T11:50:29.251,3.612,5.214,9.126,-66,NO_MOVEMENT,63
2026-09-08T11:50:29.770,3.434,5.214,9.126,-65,NO_MOVEMENT,63
2026-09-08T11:50:30.392,3.677,5.214,9.126,-65,NO_MOVEMENT,63
2026-09-08T11:50:30.901,3.938,5.214,9.126,-65,NO_MOVEMENT,63
2026-09-08T11:50:31.406,3.185,5.214,9.126,-65,NO_MOVEMENT,63
2026-09-08T11:50:31.922,4.206,5.214,9.126,-64,NO_MOVEMENT,63
2026-09-08T11:50:32.433,4.427,5.214,9.126,-65,NO_MOVEMENT,63
2026-09-08T11:50:33.023,6.010,5.214,9.126,-66,NO_MOVEMENT,63
2026-09-08T11:53:17.878,14.575,15.000,23.999,-74,NO_MOVEMENT,0
2026-09-08T11:53:18.472,11.235,15.000,23.999,-74,NO_MOVEMENT,0
2026-09-08T11:53:19.065,10.441,15.000,23.999,-72,NO_MOVEMENT,0
2026-09-08T11:53:19.613,11.472,15.000,23.999,-74,NO_MOVEMENT,0
2026-09-08T11:53:20.218,11.685,15.000,23.999,-77,NO_MOVEMENT,0
2026-09-08T11:53:20.838,12.778,15.000,23.999,-75,NO_MOVEMENT,0
2026-09-08T11:53:21.350,11.425,15.000,23.999,-74,NO_MOVEMENT,0
2026-09-08T11:53:21.946,11.603,15.000,23.999,-73,NO_MOVEMENT,0
2026-09-08T11:53:22.615,9.903,15.000,23.999,-76,NO_MOVEMENT,0
2026-09-08T11:53:23.235,8.802,15.000,23.999,-76,NO_MOVEMENT,0
2026-09-08T11:53:23.861,7.738,15.000,23.999,-73,NO_MOVEMENT,0
2026-09-08T11:53:24.537,6.282,15.000,23.999,-73,NO_MOVEMENT,0
2026-09-08T11:53:25.100,5.254,15.000,23.999,-73,NO_MOVEMENT,0
2026-09-08T11:53:25.802,5.033,15.000,23.999,-72,NO_MOVEMENT,0
2026-09-08T11:53:26.332,5.312,15.000,23.999,-72,NO_MOVEMENT,0
2026-09-08T11:53:26.899,5.130,15.000,23.999,-71,NO_MOVEMENT,0
2026-09-08T11:53:27.487,5.876,15.000,23.999,-75,NO_MOVEMENT,0
2026-09-08T11:53:28.013,5.107,15.000,23.999,-76,NO_MOVEMENT,0
2026-09-08T11:53:28.634,5.235,15.000,23.999,-77,NO_MOVEMENT,0
2026-09-08T11:53:29.199,5.535,15.000,23.999,-76,NO_MOVEMENT,0
2026-09-08T11:53:29.895,4.412,15.000,23.999,-75,NO_MOVEMENT,0
2026-09-08T11:53:30.546,6.056,15.000,23.999,-75,NO_MOVEMENT,0
2026-09-08T11:53:31.175,6.178,15.000,23.999,-74,NO_MOVEMENT,0
2026-09-08T11:53:31.819,6.335,15.000,23.999,-74,NO_MOVEMENT,0
2026-09-08T11:53:32.505,6.938,15.000,23.999,-76,NO_MOVEMENT,0
2026-09-08T11:53:33.190,6.609,15.000,23.999,-74,NO_MOVEMENT,0
2026-09-08T11:53:33.837,6.860,15.000,23.999,-77,NO_MOVEMENT,0
2026-09-08T11:53:34.392,7.415,15.000,23.999,-77,NO_MOVEMENT,0
2026-09-08T11:53:35.030,7.727,15.000,23.999,-75,NO_MOVEMENT,0
2026-09-08T11:53:35.590,6.569,15.000,23.999,-75,NO_MOVEMENT,0
2026-09-08T11:53:36.192,5.406,15.000,23.999,-75,NO_MOVEMENT,0
2026-09-08T11:53:36.833,5.437,15.000,23.999,-72,NO_MOVEMENT,0
2026-09-08T11:53:37.699,5.071,15.000,23.999,-73,NO_MOVEMENT,0
2026-09-08T11:53:38.369,5.004,15.000,23.999,-76,NO_MOVEMENT,0
2026-09-08T11:53:38.975,6.678,15.000,23.999,-74,NO_MOVEMENT,0
2026-09-08T11:53:39.599,9.370,15.000,23.999,-76,NO_MOVEMENT,0
2026-09-08T11:53:40.167,12.626,15.000,23.999,-80,NO_MOVEMENT,0
2026-09-08T11:53:40.797,8.616,15.000,23.999,-76,NO_MOVEMENT,0
2026-09-08T11:53:41.439,8.094,15.000,23.999,-76,NO_MOVEMENT,0
2026-09-08T11:53:41.949,9.951,15.000,23.999,-79,NO_MOVEMENT,0
2026-09-08T11:53:42.595,9.823,15.000,23.999,-73,NO_MOVEMENT,0
2026-09-08T11:53:43.206,9.464,15.000,23.999,-75,NO_MOVEMENT,0
2026-09-08T11:53:43.766,7.240,15.000,23.999,-75,NO_MOVEMENT,0
2026-09-08T11:53:44.394,6.913,15.000,23.999,-76,NO_MOVEMENT,0
2026-09-08T11:53:44.983,6.230,15.000,23.999,-77,NO_MOVEMENT,0
2026-09-08T11:53:45.656,6.842,15.000,23.999,-74,NO_MOVEMENT,0
2026-09-08T11:53:46.284,6.913,15.000,23.999,-81,NO_MOVEMENT,0
2026-09-08T11:53:46.872,16.015,15.000,23.999,-76,NO_MOVEMENT,0
2026-09-08T11:53:47.473,16.196,15.000,23.999,-71,NO_MOVEMENT,0
2026-09-08T11:53:48.118,13.962,15.000,23.999,-71,NO_MOVEMENT,0
2026-09-08T11:53:48.793,11.263,15.000,23.999,-75,NO_MOVEMENT,0
2026-09-08T11:53:49.478,13.903,15.000,23.999,-73,NO_MOVEMENT,0
2026-09-08T11:53:50.203,16.946,15.000,23.999,-77,NO_MOVEMENT,0
2026-09-08T11:53:50.724,16.695,15.000,23.999,-77,NO_MOVEMENT,0
2026-09-08T11:53:51.240,15.675,15.000,23.999,-76,NO_MOVEMENT,0
2026-09-08T11:53:52.238,18.084,15.000,23.999,-85,NO_MOVEMENT,0
2026-09-08T11:53:52.779,18.897,15.000,23.999,-77,NO_MOVEMENT,0
2026-09-08T11:53:53.749,18.468,15.000,23.999,-72,NO_MOVEMENT,0
2026-09-08T11:53:54.296,17.615,15.000,23.999,-72,NO_MOVEMENT,0
2026-09-08T11:53:55.306,12.862,15.000,23.999,-73,NO_MOVEMENT,0
2026-09-08T11:53:55.836,31.012,15.000,23.999,-84,NO_MOVEMENT,0
2026-09-08T11:53:56.373,34.022,15.000,23.999,-84,MOVEMENT,1
2026-09-08T11:53:56.903,34.166,15.000,23.999,-79,MOVEMENT,1
2026-09-08T11:53:57.488,22.503,15.000,23.999,-80,RECENT_MOVEMENT,1
2026-09-08T11:53:58.109,15.799,15.000,23.999,-78,RECENT_MOVEMENT,1
2026-09-08T11:53:58.677,12.409,15.000,23.999,-77,RECENT_MOVEMENT,1
2026-09-08T11:53:59.264,15.652,15.000,23.999,-74,RECENT_MOVEMENT,1
2026-09-08T11:53:59.830,14.823,15.000,23.999,-70,RECENT_MOVEMENT,1
2026-09-08T11:54:00.398,15.445,15.000,23.999,-77,RECENT_MOVEMENT,1
2026-09-08T11:54:01.030,11.805,15.000,23.999,-72,RECENT_MOVEMENT,1
2026-09-08T11:54:01.697,9.493,15.000,23.999,-77,RECENT_MOVEMENT,1
2026-09-08T11:54:02.505,7.908,15.000,23.999,-77,RECENT_MOVEMENT,1
2026-09-08T11:54:03.546,7.479,15.000,23.999,-76,RECENT_MOVEMENT,1
2026-09-08T11:54:04.058,8.139,15.000,23.999,-78,RECENT_MOVEMENT,1
2026-09-08T11:54:05.078,11.697,15.000,23.999,-80,RECENT_MOVEMENT,1
2026-09-08T11:54:05.625,13.305,15.000,23.999,-76,RECENT_MOVEMENT,1
2026-09-08T11:54:06.168,13.443,15.000,23.999,-76,RECENT_MOVEMENT,1
2026-09-08T11:54:06.707,8.975,15.000,23.999,-76,RECENT_MOVEMENT,1
2026-09-08T11:54:07.234,6.060,15.000,23.999,-77,RECENT_MOVEMENT,1
2026-09-08T11:54:07.740,10.295,15.000,23.999,-71,RECENT_MOVEMENT,1
2026-09-08T11:54:08.287,21.521,15.000,23.999,-68,RECENT_MOVEMENT,1
2026-09-08T11:54:08.928,27.665,15.000,23.999,-73,MOVEMENT,2
2026-09-08T11:54:10.095,27.405,15.000,23.999,-76,MOVEMENT,2
2026-09-08T11:54:10.630,23.822,15.000,23.999,-73,RECENT_MOVEMENT,2
2026-09-08T11:54:11.279,26.786,15.000,23.999,-67,MOVEMENT,3
2026-09-08T11:54:11.871,19.183,15.000,23.999,-73,RECENT_MOVEMENT,3
2026-09-08T11:54:12.509,16.203,15.000,23.999,-72,RECENT_MOVEMENT,3
2026-09-08T11:54:13.023,12.712,15.000,23.999,-72,RECENT_MOVEMENT,3
2026-09-08T11:54:13.565,7.424,15.000,23.999,-73,RECENT_MOVEMENT,3
2026-09-08T11:54:14.076,10.287,15.000,23.999,-69,RECENT_MOVEMENT,3
2026-09-08T11:54:14.725,9.854,15.000,23.999,-67,RECENT_MOVEMENT,3
2026-09-08T11:54:15.262,10.470,15.000,23.999,-73,RECENT_MOVEMENT,3
2026-09-08T11:54:15.808,9.619,15.000,23.999,-69,RECENT_MOVEMENT,3
2026-09-08T11:54:16.316,8.186,15.000,23.999,-69,RECENT_MOVEMENT,3
2026-09-08T11:54:16.843,9.756,15.000,23.999,-79,RECENT_MOVEMENT,3
2026-09-08T11:54:17.367,9.049,15.000,23.999,-69,RECENT_MOVEMENT,3
2026-09-08T11:54:17.932,14.062,15.000,23.999,-78,RECENT_MOVEMENT,3
2026-09-08T11:54:18.491,15.646,15.000,23.999,-74,RECENT_MOVEMENT,3
2026-09-08T11:54:19.477,15.338,15.000,23.999,-66,RECENT_MOVEMENT,3
2026-09-08T11:54:20.013,15.633,15.000,23.999,-65,RECENT_MOVEMENT,3
2026-09-08T11:54:20.536,11.547,15.000,23.999,-70,RECENT_MOVEMENT,3
2026-09-08T11:54:21.167,9.612,15.000,23.999,-71,RECENT_MOVEMENT,3
2026-09-08T11:54:21.701,9.311,15.000,23.999,-69,RECENT_MOVEMENT,3
2026-09-08T11:54:22.272,7.383,15.000,23.999,-69,RECENT_MOVEMENT,3
2026-09-08T11:54:22.794,6.472,15.000,23.999,-68,RECENT_MOVEMENT,3
2026-09-08T11:54:23.339,12.191,15.000,23.999,-81,RECENT_MOVEMENT,3
2026-09-08T11:54:23.967,15.315,15.000,23.999,-72,RECENT_MOVEMENT,3
2026-09-08T11:54:24.694,20.619,15.000,23.999,-76,RECENT_MOVEMENT,3
2026-09-08T11:54:25.398,15.342,15.000,23.999,-70,RECENT_MOVEMENT,3
2026-09-08T11:54:25.947,13.685,15.000,23.999,-72,RECENT_MOVEMENT,3
2026-09-08T11:54:26.519,11.689,15.000,23.999,-74,RECENT_MOVEMENT,3
2026-09-08T11:54:27.146,13.037,15.000,23.999,-76,RECENT_MOVEMENT,3
2026-09-08T11:54:28.229,14.839,15.000,23.999,-73,RECENT_MOVEMENT,3
2026-09-08T11:54:28.913,30.629,15.000,23.999,-82,MOVEMENT,4
2026-09-08T11:54:29.460,31.266,15.000,23.999,-77,MOVEMENT,4
2026-09-08T11:54:30.097,31.129,15.000,23.999,-81,MOVEMENT,4
2026-09-08T11:54:30.633,20.931,15.000,23.999,-82,RECENT_MOVEMENT,4
2026-09-08T11:54:31.219,20.664,15.000,23.999,-82,RECENT_MOVEMENT,4
2026-09-08T11:54:31.829,23.601,15.000,23.999,-74,RECENT_MOVEMENT,4
2026-09-08T11:54:32.367,19.612,15.000,23.999,-77,RECENT_MOVEMENT,4
2026-09-08T11:54:32.983,14.325,15.000,23.999,-71,RECENT_MOVEMENT,4
2026-09-08T11:54:33.576,10.411,15.000,23.999,-76,RECENT_MOVEMENT,4
2026-09-08T11:54:34.155,10.660,15.000,23.999,-74,RECENT_MOVEMENT,4
2026-09-08T11:54:34.718,9.327,15.000,23.999,-72,RECENT_MOVEMENT,4
2026-09-08T11:54:35.434,8.289,15.000,23.999,-75,RECENT_MOVEMENT,4
2026-09-08T11:54:36.006,8.542,15.000,23.999,-71,RECENT_MOVEMENT,4
2026-09-08T11:54:36.578,7.923,15.000,23.999,-70,RECENT_MOVEMENT,4
2026-09-08T11:54:37.280,15.194,15.000,23.999,-77,RECENT_MOVEMENT,4
2026-09-08T11:54:37.970,19.410,15.000,23.999,-79,RECENT_MOVEMENT,4
2026-09-08T11:54:38.474,19.981,15.000,23.999,-80,RECENT_MOVEMENT,4
2026-09-08T11:54:39.017,28.803,15.000,23.999,-82,MOVEMENT,5
2026-09-08T11:54:39.588,30.854,15.000,23.999,-83,MOVEMENT,5
2026-09-08T11:54:40.107,34.529,15.000,23.999,-76,MOVEMENT,5
2026-09-08T11:54:40.649,30.894,15.000,23.999,-84,MOVEMENT,5
2026-09-08T11:54:41.246,30.063,15.000,23.999,-71,MOVEMENT,5
2026-09-08T11:54:42.231,26.494,15.000,23.999,-72,MOVEMENT,5
2026-09-08T11:54:42.927,15.198,15.000,23.999,-74,RECENT_MOVEMENT,5
2026-09-08T11:54:43.616,5.833,15.000,23.999,-70,RECENT_MOVEMENT,5
2026-09-08T11:54:44.172,6.877,15.000,23.999,-72,RECENT_MOVEMENT,5
2026-09-08T11:54:44.782,6.996,15.000,23.999,-71,RECENT_MOVEMENT,5
2026-09-08T11:54:45.307,8.290,15.000,23.999,-75,RECENT_MOVEMENT,5
2026-09-08T11:54:46.435,13.022,15.000,23.999,-73,RECENT_MOVEMENT,5
2026-09-08T11:54:46.952,12.858,15.000,23.999,-77,RECENT_MOVEMENT,5
2026-09-08T11:54:47.461,10.638,15.000,23.999,-74,RECENT_MOVEMENT,5
2026-09-08T11:54:48.459,11.152,15.000,23.999,-75,RECENT_MOVEMENT,5
2026-09-08T11:54:49.195,11.078,15.000,23.999,-76,RECENT_MOVEMENT,5
2026-09-08T11:54:49.789,10.430,15.000,23.999,-76,RECENT_MOVEMENT,5
2026-09-08T11:54:50.393,8.681,15.000,23.999,-76,RECENT_MOVEMENT,5
2026-09-08T11:54:50.967,7.292,15.000,23.999,-74,RECENT_MOVEMENT,5
2026-09-08T11:54:51.589,8.054,15.000,23.999,-75,RECENT_MOVEMENT,5
2026-09-08T11:54:52.246,7.332,15.000,23.999,-75,RECENT_MOVEMENT,5
2026-09-08T11:54:52.839,7.181,15.000,23.999,-74,RECENT_MOVEMENT,5
2026-09-08T11:54:53.413,9.833,15.000,23.999,-73,RECENT_MOVEMENT,5
2026-09-08T11:54:54.027,10.204,15.000,23.999,-73,RECENT_MOVEMENT,5
2026-09-08T11:54:54.634,10.260,15.000,23.999,-73,RECENT_MOVEMENT,5
2026-09-08T11:54:55.280,5.094,15.000,23.999,-74,RECENT_MOVEMENT,5
2026-09-08T11:54:55.904,5.365,15.000,23.999,-74,RECENT_MOVEMENT,5
2026-09-08T11:54:56.444,5.949,15.000,23.999,-76,RECENT_MOVEMENT,5
2026-09-08T11:54:57.151,7.412,15.000,23.999,-78,RECENT_MOVEMENT,5
2026-09-08T11:54:57.869,9.835,15.000,23.999,-77,RECENT_MOVEMENT,5
2026-09-08T11:54:58.533,11.748,15.000,23.999,-78,RECENT_MOVEMENT,5
2026-09-08T11:54:59.176,40.167,15.000,23.999,-85,MOVEMENT,6
2026-09-08T11:54:59.786,42.597,15.000,23.999,-84,MOVEMENT,6
2026-09-08T11:55:00.328,43.790,15.000,23.999,-83,MOVEMENT,6
2026-09-08T11:55:00.969,45.599,15.000,23.999,-82,MOVEMENT,6
2026-09-08T11:55:01.821,29.361,15.000,23.999,-78,MOVEMENT,6
2026-09-08T11:55:02.481,22.884,15.000,23.999,-77,RECENT_MOVEMENT,6
2026-09-08T11:55:03.111,18.787,15.000,23.999,-81,RECENT_MOVEMENT,6
2026-09-08T11:55:03.769,18.491,15.000,23.999,-81,RECENT_MOVEMENT,6
2026-09-08T11:55:04.359,19.088,15.000,23.999,-79,RECENT_MOVEMENT,6
2026-09-08T11:55:05.006,21.187,15.000,23.999,-79,RECENT_MOVEMENT,6
2026-09-08T11:55:05.675,28.916,15.000,23.999,-84,MOVEMENT,7
2026-09-08T11:55:06.218,27.964,15.000,23.999,-78,MOVEMENT,7
2026-09-08T11:55:06.799,30.970,15.000,23.999,-80,MOVEMENT,7
2026-09-08T11:55:07.412,30.899,15.000,23.999,-80,MOVEMENT,7
2026-09-08T11:55:08.042,22.837,15.000,23.999,-76,RECENT_MOVEMENT,7
2026-09-08T11:55:08.666,18.799,15.000,23.999,-72,RECENT_MOVEMENT,7
2026-09-08T11:55:09.307,10.951,15.000,23.999,-71,RECENT_MOVEMENT,7
2026-09-08T11:55:09.918,7.364,15.000,23.999,-75,RECENT_MOVEMENT,7
2026-09-08T11:55:10.557,6.121,15.000,23.999,-75,RECENT_MOVEMENT,7
2026-09-08T11:55:11.128,5.216,15.000,23.999,-75,RECENT_MOVEMENT,7
2026-09-08T11:55:11.772,5.923,15.000,23.999,-74,RECENT_MOVEMENT,7
2026-09-08T11:55:12.432,6.597,15.000,23.999,-72,RECENT_MOVEMENT,7
2026-09-08T11:55:13.067,6.831,15.000,23.999,-74,RECENT_MOVEMENT,7
2026-09-08T11:55:13.902,7.018,15.000,23.999,-73,RECENT_MOVEMENT,7
2026-09-08T11:55:14.568,6.978,15.000,23.999,-72,RECENT_MOVEMENT,7
2026-09-08T11:55:15.147,6.944,15.000,23.999,-70,RECENT_MOVEMENT,7
2026-09-08T11:55:15.765,6.432,15.000,23.999,-71,RECENT_MOVEMENT,7
2026-09-08T11:55:16.362,7.478,15.000,23.999,-76,RECENT_MOVEMENT,7
2026-09-08T11:55:16.983,7.307,15.000,23.999,-70,RECENT_MOVEMENT,7
2026-09-08T11:55:17.633,7.649,15.000,23.999,-68,RECENT_MOVEMENT,7
2026-09-08T11:55:18.224,7.891,15.000,23.999,-71,RECENT_MOVEMENT,7
2026-09-08T11:55:18.802,6.672,15.000,23.999,-72,RECENT_MOVEMENT,7
2026-09-08T11:55:19.369,7.525,15.000,23.999,-75,RECENT_MOVEMENT,7
2026-09-08T11:55:20.015,7.742,15.000,23.999,-72,RECENT_MOVEMENT,7
2026-09-08T11:55:20.609,8.490,15.000,23.999,-71,RECENT_MOVEMENT,7
2026-09-08T11:55:21.227,9.338,15.000,23.999,-72,RECENT_MOVEMENT,7
2026-09-08T11:55:21.819,5.215,15.000,23.999,-73,RECENT_MOVEMENT,7
2026-09-08T11:55:22.410,7.703,15.000,23.999,-76,RECENT_MOVEMENT,7
2026-09-08T11:55:23.033,19.939,15.000,23.999,-79,RECENT_MOVEMENT,7
2026-09-08T11:55:23.616,21.962,15.000,23.999,-79,RECENT_MOVEMENT,7
2026-09-08T11:55:24.400,23.568,15.000,23.999,-82,RECENT_MOVEMENT,7
2026-09-08T11:55:25.017,17.722,15.000,23.999,-85,RECENT_MOVEMENT,7
2026-09-08T11:55:25.615,23.958,15.000,23.999,-83,RECENT_MOVEMENT,7
2026-09-08T11:55:26.291,33.645,15.000,23.999,-82,MOVEMENT,8
2026-09-08T11:55:26.813,30.821,15.000,23.999,-80,MOVEMENT,8
2026-09-08T11:55:27.430,29.437,15.000,23.999,-85,MOVEMENT,8
2026-09-08T11:55:28.003,27.843,15.000,23.999,-87,MOVEMENT,8
2026-09-08T11:55:29.020,39.214,15.000,23.999,-82,MOVEMENT,8
2026-09-08T11:55:29.601,36.005,15.000,23.999,-76,MOVEMENT,8
2026-09-08T11:55:30.172,19.045,15.000,23.999,-83,RECENT_MOVEMENT,8
2026-09-08T11:55:30.743,11.752,15.000,23.999,-82,RECENT_MOVEMENT,8
2026-09-08T11:55:31.305,12.760,15.000,23.999,-83,RECENT_MOVEMENT,8
2026-09-08T11:55:31.883,11.880,15.000,23.999,-81,RECENT_MOVEMENT,8
2026-09-08T11:55:32.491,13.031,15.000,23.999,-80,RECENT_MOVEMENT,8
2026-09-08T11:55:33.036,10.183,15.000,23.999,-79,RECENT_MOVEMENT,8
2026-09-08T11:55:33.617,12.264,15.000,23.999,-83,RECENT_MOVEMENT,8
2026-09-08T11:55:34.362,31.258,15.000,23.999,-87,MOVEMENT,9
2026-09-08T11:55:35.010,42.728,15.000,23.999,-90,MOVEMENT,9
2026-09-08T11:55:35.559,36.978,15.000,23.999,-89,MOVEMENT,9
2026-09-08T11:55:36.098,30.833,15.000,23.999,-86,MOVEMENT,9
2026-09-08T11:55:36.681,33.467,15.000,23.999,-80,MOVEMENT,9
2026-09-08T11:55:37.261,29.010,15.000,23.999,-80,MOVEMENT,9
2026-09-08T11:55:37.835,21.480,15.000,23.999,-80,RECENT_MOVEMENT,9
2026-09-08T11:55:38.444,15.624,15.000,23.999,-75,RECENT_MOVEMENT,9
2026-09-08T11:55:39.038,17.660,15.000,23.999,-84,RECENT_MOVEMENT,9
2026-09-08T11:55:39.623,18.387,15.000,23.999,-82,RECENT_MOVEMENT,9
2026-09-08T11:55:40.221,19.556,15.000,23.999,-81,RECENT_MOVEMENT,9
2026-09-08T11:55:40.867,19.264,15.000,23.999,-78,RECENT_MOVEMENT,9
2026-09-08T11:55:41.452,16.963,15.000,23.999,-81,RECENT_MOVEMENT,9
2026-09-08T11:55:42.063,12.609,15.000,23.999,-77,RECENT_MOVEMENT,9
2026-09-08T11:55:42.627,12.453,15.000,23.999,-76,RECENT_MOVEMENT,9
2026-09-08T11:55:43.259,12.370,15.000,23.999,-79,RECENT_MOVEMENT,9
2026-09-08T11:55:43.810,11.084,15.000,23.999,-81,RECENT_MOVEMENT,9
2026-09-08T11:55:44.405,12.841,15.000,23.999,-77,RECENT_MOVEMENT,9
2026-09-08T11:55:44.995,13.244,15.000,23.999,-75,RECENT_MOVEMENT,9
2026-09-08T11:55:45.538,13.812,15.000,23.999,-78,RECENT_MOVEMENT,9
2026-09-08T11:55:46.261,16.886,15.000,23.999,-76,RECENT_MOVEMENT,9
2026-09-08T11:55:46.846,14.957,15.000,23.999,-75,RECENT_MOVEMENT,9
2026-09-08T11:55:47.399,12.563,15.000,23.999,-76,RECENT_MOVEMENT,9
2026-09-08T11:55:48.071,9.438,15.000,23.999,-74,RECENT_MOVEMENT,9
2026-09-08T11:55:48.675,10.769,15.000,23.999,-75,RECENT_MOVEMENT,9
2026-09-08T11:55:49.302,11.519,15.000,23.999,-75,RECENT_MOVEMENT,9
2026-09-08T11:55:50.385,10.310,15.000,23.999,-76,RECENT_MOVEMENT,9
2026-09-08T11:55:51.000,11.547,15.000,23.999,-77,RECENT_MOVEMENT,9
2026-09-08T11:55:51.579,12.792,15.000,23.999,-78,RECENT_MOVEMENT,9
2026-09-08T11:55:52.172,11.517,15.000,23.999,-77,RECENT_MOVEMENT,9
2026-09-08T11:55:52.812,12.201,15.000,23.999,-73,RECENT_MOVEMENT,9
2026-09-08T11:55:53.439,11.017,15.000,23.999,-74,RECENT_MOVEMENT,9
2026-09-08T11:55:54.109,13.153,15.000,23.999,-76,RECENT_MOVEMENT,9
2026-09-08T11:55:54.761,22.589,15.000,23.999,-77,RECENT_MOVEMENT,9
2026-09-08T11:55:55.796,35.061,15.000,23.999,-82,MOVEMENT,10
2026-09-08T11:55:56.832,32.357,15.000,23.999,-83,MOVEMENT,10
2026-09-08T11:55:57.427,27.072,15.000,23.999,-84,MOVEMENT,10
2026-09-08T11:55:57.988,27.951,15.000,23.999,-85,MOVEMENT,10
2026-09-08T11:55:58.546,24.901,15.000,23.999,-84,MOVEMENT,10
2026-09-08T11:55:59.290,25.292,15.000,23.999,-83,MOVEMENT,10
2026-09-08T11:55:59.870,26.741,15.000,23.999,-80,MOVEMENT,10
2026-09-08T11:56:00.480,25.770,15.000,23.999,-80,MOVEMENT,10
2026-09-08T11:56:01.182,26.443,15.000,23.999,-81,MOVEMENT,10
2026-09-08T11:56:01.806,22.877,15.000,23.999,-76,RECENT_MOVEMENT,10
2026-09-08T11:56:02.432,20.360,15.000,23.999,-75,RECENT_MOVEMENT,10
2026-09-08T11:56:03.042,11.806,15.000,23.999,-74,RECENT_MOVEMENT,10
2026-09-08T11:56:03.619,6.878,15.000,23.999,-73,RECENT_MOVEMENT,10
2026-09-08T11:56:04.210,5.964,15.000,23.999,-72,RECENT_MOVEMENT,10
2026-09-08T11:56:04.801,6.198,15.000,23.999,-76,RECENT_MOVEMENT,10
2026-09-08T11:56:05.395,10.306,15.000,23.999,-78,RECENT_MOVEMENT,10
2026-09-08T11:56:06.369,11.097,15.000,23.999,-76,RECENT_MOVEMENT,10
2026-09-08T11:56:06.921,12.411,15.000,23.999,-76,RECENT_MOVEMENT,10
2026-09-08T11:56:07.516,11.264,15.000,23.999,-77,RECENT_MOVEMENT,10
2026-09-08T11:56:08.077,15.036,15.000,23.999,-75,RECENT_MOVEMENT,10
2026-09-08T11:56:08.647,14.798,15.000,23.999,-75,RECENT_MOVEMENT,10
2026-09-08T11:56:09.225,16.355,15.000,23.999,-76,RECENT_MOVEMENT,10
2026-09-08T11:56:09.772,13.313,15.000,23.999,-80,RECENT_MOVEMENT,10
2026-09-08T11:56:10.368,23.986,15.000,23.999,-75,RECENT_MOVEMENT,11
2026-09-08T11:56:10.962,20.286,15.000,23.999,-74,RECENT_MOVEMENT,11
2026-09-08T11:56:11.692,6.493,15.000,23.999,-73,RECENT_MOVEMENT,11
2026-09-08T11:56:12.290,6.067,15.000,23.999,-74,RECENT_MOVEMENT,11
2026-09-08T11:56:12.881,5.326,15.000,23.999,-72,RECENT_MOVEMENT,11
2026-09-08T11:56:13.387,6.909,15.000,23.999,-71,RECENT_MOVEMENT,11
2026-09-08T11:56:13.941,7.202,15.000,23.999,-71,RECENT_MOVEMENT,11
2026-09-08T11:56:14.531,8.074,15.000,23.999,-72,RECENT_MOVEMENT,11
2026-09-08T11:56:15.119,6.568,15.000,23.999,-68,RECENT_MOVEMENT,11
2026-09-08T11:56:15.711,11.245,15.000,23.999,-72,RECENT_MOVEMENT,11
2026-09-08T11:56:16.349,16.567,15.000,23.999,-69,RECENT_MOVEMENT,11
2026-09-08T11:56:16.985,17.697,15.000,23.999,-74,RECENT_MOVEMENT,11
2026-09-08T11:56:17.666,13.212,15.000,23.999,-71,RECENT_MOVEMENT,11
2026-09-08T11:56:18.299,9.866,15.000,23.999,-71,RECENT_MOVEMENT,11
2026-09-08T11:56:19.597,9.647,15.000,23.999,-76,RECENT_MOVEMENT,11
2026-09-08T11:56:20.179,11.366,15.000,23.999,-75,RECENT_MOVEMENT,11
2026-09-08T11:56:20.759,9.972,15.000,23.999,-71,RECENT_MOVEMENT,11
2026-09-08T11:56:21.343,10.518,15.000,23.999,-70,RECENT_MOVEMENT,11
2026-09-08T11:56:21.921,12.500,15.000,23.999,-71,RECENT_MOVEMENT,11
2026-09-08T11:56:22.493,11.955,15.000,23.999,-70,RECENT_MOVEMENT,11
2026-09-08T11:56:23.063,11.726,15.000,23.999,-70,RECENT_MOVEMENT,11
2026-09-08T11:56:23.740,5.435,15.000,23.999,-70,RECENT_MOVEMENT,11
2026-09-08T11:56:24.350,6.499,15.000,23.999,-71,RECENT_MOVEMENT,11
2026-09-08T11:56:24.874,6.368,15.000,23.999,-68,RECENT_MOVEMENT,11
2026-09-08T11:56:25.406,5.898,15.000,23.999,-69,RECENT_MOVEMENT,11
2026-09-08T11:56:25.973,6.420,15.000,23.999,-70,RECENT_MOVEMENT,11
2026-09-08T11:56:26.511,6.231,15.000,23.999,-69,RECENT_MOVEMENT,11
2026-09-08T11:56:27.070,5.638,15.000,23.999,-68,RECENT_MOVEMENT,11
2026-09-08T11:56:27.662,4.270,15.000,23.999,-67,RECENT_MOVEMENT,11
2026-09-08T11:56:28.406,4.344,15.000,23.999,-68,RECENT_MOVEMENT,11
2026-09-08T11:56:28.975,3.920,15.000,23.999,-68,RECENT_MOVEMENT,11
2026-09-08T11:56:29.505,4.122,15.000,23.999,-72,RECENT_MOVEMENT,11
2026-09-08T11:56:30.043,4.577,15.000,23.999,-70,RECENT_MOVEMENT,11
2026-09-08T11:56:30.640,13.710,15.000,23.999,-79,RECENT_MOVEMENT,11
2026-09-08T11:56:31.187,18.008,15.000,23.999,-76,RECENT_MOVEMENT,11
2026-09-08T11:56:31.743,21.126,15.000,23.999,-80,RECENT_MOVEMENT,11
2026-09-08T11:56:32.257,19.756,15.000,23.999,-73,RECENT_MOVEMENT,11
2026-09-08T11:56:32.848,15.288,15.000,23.999,-72,RECENT_MOVEMENT,11
2026-09-08T11:56:33.433,12.343,15.000,23.999,-72,RECENT_MOVEMENT,11
2026-09-08T11:56:34.029,5.518,15.000,23.999,-69,RECENT_MOVEMENT,11
2026-09-08T11:56:34.646,5.688,15.000,23.999,-71,RECENT_MOVEMENT,11
2026-09-08T11:56:35.326,5.261,15.000,23.999,-70,RECENT_MOVEMENT,11
2026-09-08T11:56:35.887,5.516,15.000,23.999,-72,RECENT_MOVEMENT,11
2026-09-08T11:56:36.527,8.826,15.000,23.999,-68,RECENT_MOVEMENT,11
2026-09-08T11:56:37.152,8.957,15.000,23.999,-68,RECENT_MOVEMENT,11
2026-09-08T11:56:37.728,6.008,15.000,23.999,-67,RECENT_MOVEMENT,11
2026-09-08T11:56:38.335,9.817,15.000,23.999,-78,RECENT_MOVEMENT,11
2026-09-08T11:56:38.896,14.605,15.000,23.999,-79,RECENT_MOVEMENT,11
2026-09-08T11:56:39.472,15.082,15.000,23.999,-75,RECENT_MOVEMENT,11
2026-09-08T11:56:40.047,15.603,15.000,23.999,-70,RECENT_MOVEMENT,11
2026-09-08T11:56:40.637,29.184,15.000,23.999,-76,MOVEMENT,12
2026-09-08T11:56:41.224,29.039,15.000,23.999,-71,MOVEMENT,12
2026-09-08T11:56:41.776,26.406,15.000,23.999,-71,MOVEMENT,12
2026-09-08T11:56:42.356,7.684,15.000,23.999,-67,RECENT_MOVEMENT,12
2026-09-08T11:56:42.946,7.184,15.000,23.999,-69,RECENT_MOVEMENT,12
2026-09-08T11:56:43.501,6.932,15.000,23.999,-72,RECENT_MOVEMENT,12
2026-09-08T11:56:44.111,6.710,15.000,23.999,-69,RECENT_MOVEMENT,12
2026-09-08T11:56:44.837,8.000,15.000,23.999,-72,RECENT_MOVEMENT,12
2026-09-08T11:56:45.434,8.421,15.000,23.999,-69,RECENT_MOVEMENT,12
2026-09-08T11:56:46.040,7.720,15.000,23.999,-67,RECENT_MOVEMENT,12
2026-09-08T11:56:46.676,7.554,15.000,23.999,-69,RECENT_MOVEMENT,12
2026-09-08T11:56:47.268,5.744,15.000,23.999,-66,RECENT_MOVEMENT,12
2026-09-08T11:56:47.866,5.910,15.000,23.999,-69,RECENT_MOVEMENT,12
2026-09-08T11:56:48.463,4.447,15.000,23.999,-67,RECENT_MOVEMENT,12
2026-09-08T11:56:49.124,6.490,15.000,23.999,-70,RECENT_MOVEMENT,12
2026-09-08T11:56:49.715,6.911,15.000,23.999,-71,RECENT_MOVEMENT,12
2026-09-08T11:56:50.263,6.646,15.000,23.999,-69,RECENT_MOVEMENT,12
2026-09-08T11:56:50.953,10.046,15.000,23.999,-72,RECENT_MOVEMENT,12
2026-09-08T11:56:51.484,10.587,15.000,23.999,-73,RECENT_MOVEMENT,12
2026-09-08T11:56:52.079,8.789,15.000,23.999,-72,RECENT_MOVEMENT,12
2026-09-08T11:56:52.725,8.871,15.000,23.999,-76,RECENT_MOVEMENT,12
2026-09-08T11:56:53.287,9.684,15.000,23.999,-75,RECENT_MOVEMENT,12
2026-09-08T11:56:53.846,10.726,15.000,23.999,-72,RECENT_MOVEMENT,12
2026-09-08T11:56:54.456,10.346,15.000,23.999,-72,RECENT_MOVEMENT,12
2026-09-08T11:56:55.174,9.778,15.000,23.999,-73,RECENT_MOVEMENT,12
2026-09-08T11:56:55.892,9.086,15.000,23.999,-73,RECENT_MOVEMENT,12
2026-09-08T11:56:56.742,10.031,15.000,23.999,-74,RECENT_MOVEMENT,12
2026-09-08T11:56:57.467,9.098,15.000,23.999,-76,RECENT_MOVEMENT,12
2026-09-08T11:56:58.113,7.993,15.000,23.999,-74,RECENT_MOVEMENT,12
2026-09-08T11:56:58.699,7.558,15.000,23.999,-75,RECENT_MOVEMENT,12
2026-09-08T11:56:59.344,7.763,15.000,23.999,-73,RECENT_MOVEMENT,12
2026-09-08T11:56:59.902,7.266,15.000,23.999,-73,RECENT_MOVEMENT,12
2026-09-08T11:57:00.505,5.778,15.000,23.999,-75,RECENT_MOVEMENT,12
2026-09-08T11:57:01.195,8.506,15.000,23.999,-77,RECENT_MOVEMENT,12
2026-09-08T11:57:01.936,8.506,15.000,23.999,-76,RECENT_MOVEMENT,12
2026-09-08T11:57:02.486,8.236,15.000,23.999,-77,RECENT_MOVEMENT,12
2026-09-08T11:57:03.025,6.764,15.000,23.999,-77,RECENT_MOVEMENT,12
2026-09-08T11:57:03.975,9.826,15.000,23.999,-76,RECENT_MOVEMENT,12
2026-09-08T11:57:04.587,11.133,15.000,23.999,-75,RECENT_MOVEMENT,12
2026-09-08T11:57:05.193,11.107,15.000,23.999,-73,RECENT_MOVEMENT,12
2026-09-08T11:57:05.783,8.656,15.000,23.999,-75,RECENT_MOVEMENT,12
2026-09-08T11:57:06.360,7.195,15.000,23.999,-76,RECENT_MOVEMENT,12
2026-09-08T11:57:06.964,7.798,15.000,23.999,-76,RECENT_MOVEMENT,12
2026-09-08T11:57:07.530,8.249,15.000,23.999,-81,RECENT_MOVEMENT,12
2026-09-08T11:57:08.110,9.562,15.000,23.999,-76,RECENT_MOVEMENT,12
2026-09-08T11:57:08.881,9.543,15.000,23.999,-78,RECENT_MOVEMENT,12
2026-09-08T11:57:09.491,7.249,15.000,23.999,-78,RECENT_MOVEMENT,12
2026-09-08T11:57:10.061,7.357,15.000,23.999,-79,RECENT_MOVEMENT,12
2026-09-08T11:57:10.728,9.599,15.000,23.999,-78,RECENT_MOVEMENT,12
2026-09-08T11:57:11.355,10.897,15.000,23.999,-84,RECENT_MOVEMENT,12
2026-09-08T11:57:12.023,13.096,15.000,23.999,-78,RECENT_MOVEMENT,12
2026-09-08T11:57:12.757,12.745,15.000,23.999,-84,NO_MOVEMENT,12
2026-09-08T11:57:13.399,11.577,15.000,23.999,-80,NO_MOVEMENT,12
2026-09-08T11:57:14.022,15.404,15.000,23.999,-80,NO_MOVEMENT,12
2026-09-08T11:57:14.648,15.053,15.000,23.999,-77,NO_MOVEMENT,12
2026-09-08T11:57:15.218,14.136,15.000,23.999,-76,NO_MOVEMENT,12
2026-09-08T11:57:15.781,10.670,15.000,23.999,-76,NO_MOVEMENT,12
2026-09-08T11:57:16.355,10.738,15.000,23.999,-74,NO_MOVEMENT,12
2026-09-08T11:57:17.068,9.573,15.000,23.999,-77,NO_MOVEMENT,12
2026-09-08T11:57:17.739,18.246,15.000,23.999,-84,NO_MOVEMENT,12
2026-09-08T11:57:18.324,25.045,15.000,23.999,-81,MOVEMENT,13
2026-09-08T11:57:18.997,24.632,15.000,23.999,-75,MOVEMENT,13
2026-09-08T11:57:19.616,17.530,15.000,23.999,-77,RECENT_MOVEMENT,13
2026-09-08T11:57:20.189,12.451,15.000,23.999,-77,RECENT_MOVEMENT,13
2026-09-08T11:57:20.815,11.594,15.000,23.999,-78,RECENT_MOVEMENT,13
2026-09-08T11:57:21.588,11.888,15.000,23.999,-75,RECENT_MOVEMENT,13
2026-09-08T11:57:22.196,9.643,15.000,23.999,-79,RECENT_MOVEMENT,13
2026-09-08T11:57:22.810,15.511,15.000,23.999,-71,RECENT_MOVEMENT,13
2026-09-08T11:57:23.368,17.453,15.000,23.999,-72,RECENT_MOVEMENT,13
2026-09-08T11:57:23.939,12.545,15.000,23.999,-73,RECENT_MOVEMENT,13
2026-09-08T11:57:24.570,11.411,15.000,23.999,-76,RECENT_MOVEMENT,13
2026-09-08T11:57:25.156,13.545,15.000,23.999,-78,RECENT_MOVEMENT,13
2026-09-08T11:57:25.824,10.342,15.000,23.999,-75,RECENT_MOVEMENT,13
2026-09-08T11:57:26.427,11.514,15.000,23.999,-77,RECENT_MOVEMENT,13
2026-09-08T11:57:27.035,15.190,15.000,23.999,-77,RECENT_MOVEMENT,13
2026-09-08T11:57:27.631,14.258,15.000,23.999,-72,RECENT_MOVEMENT,13
2026-09-08T11:57:28.199,13.487,15.000,23.999,-73,RECENT_MOVEMENT,13
2026-09-08T11:57:28.801,5.862,15.000,23.999,-73,RECENT_MOVEMENT,13
2026-09-08T11:57:29.432,9.982,15.000,23.999,-75,RECENT_MOVEMENT,13
2026-09-08T11:57:29.971,12.776,15.000,23.999,-72,RECENT_MOVEMENT,13
2026-09-08T11:57:30.589,18.432,15.000,23.999,-71,RECENT_MOVEMENT,13
2026-09-08T11:57:31.224,19.010,15.000,23.999,-72,RECENT_MOVEMENT,13
2026-09-08T11:57:31.822,17.269,15.000,23.999,-75,RECENT_MOVEMENT,13
2026-09-08T11:57:32.407,8.777,15.000,23.999,-71,RECENT_MOVEMENT,13
2026-09-08T11:57:33.119,9.356,15.000,23.999,-71,RECENT_MOVEMENT,13
2026-09-08T11:57:33.727,8.463,15.000,23.999,-72,RECENT_MOVEMENT,13
2026-09-08T11:57:34.312,10.283,15.000,23.999,-77,RECENT_MOVEMENT,13
2026-09-08T11:57:34.920,10.295,15.000,23.999,-75,RECENT_MOVEMENT,13
2026-09-08T11:57:35.497,9.088,15.000,23.999,-72,RECENT_MOVEMENT,13
2026-09-08T11:57:36.071,9.015,15.000,23.999,-71,RECENT_MOVEMENT,13
2026-09-08T11:57:36.650,7.829,15.000,23.999,-68,RECENT_MOVEMENT,13
2026-09-08T11:57:37.228,10.449,15.000,23.999,-73,RECENT_MOVEMENT,13
2026-09-08T11:57:37.835,12.154,15.000,23.999,-71,RECENT_MOVEMENT,13
2026-09-08T11:57:38.437,10.084,15.000,23.999,-72,RECENT_MOVEMENT,13
2026-09-08T11:57:39.075,9.947,15.000,23.999,-72,RECENT_MOVEMENT,13
2026-09-08T11:57:39.660,10.034,15.000,23.999,-72,RECENT_MOVEMENT,13
2026-09-08T11:57:40.257,12.097,15.000,23.999,-73,RECENT_MOVEMENT,13
2026-09-08T11:57:40.831,9.107,15.000,23.999,-74,RECENT_MOVEMENT,13
2026-09-08T11:57:41.416,7.609,15.000,23.999,-72,RECENT_MOVEMENT,13
2026-09-08T11:57:41.985,9.460,15.000,23.999,-75,RECENT_MOVEMENT,13
2026-09-08T11:57:42.607,8.557,15.000,23.999,-75,RECENT_MOVEMENT,13
2026-09-08T11:57:43.183,12.222,15.000,23.999,-78,RECENT_MOVEMENT,13
2026-09-08T11:57:43.750,15.635,15.000,23.999,-74,RECENT_MOVEMENT,13
2026-09-08T11:57:44.418,13.548,15.000,23.999,-74,RECENT_MOVEMENT,13
2026-09-08T11:57:45.154,8.877,15.000,23.999,-71,RECENT_MOVEMENT,13
2026-09-08T11:57:45.749,8.785,15.000,23.999,-73,RECENT_MOVEMENT,13
2026-09-08T11:57:46.336,9.311,15.000,23.999,-74,RECENT_MOVEMENT,13
2026-09-08T11:57:46.894,12.548,15.000,23.999,-74,RECENT_MOVEMENT,13
2026-09-08T11:57:47.429,15.056,15.000,23.999,-75,RECENT_MOVEMENT,13
2026-09-08T11:57:47.966,14.020,15.000,23.999,-76,RECENT_MOVEMENT,13
2026-09-08T11:57:48.604,11.966,15.000,23.999,-74,RECENT_MOVEMENT,13
2026-09-08T11:57:49.152,10.436,15.000,23.999,-78,RECENT_MOVEMENT,13
2026-09-08T11:57:49.719,11.431,15.000,23.999,-78,NO_MOVEMENT,13
2026-09-08T11:57:50.224,11.376,15.000,23.999,-78,NO_MOVEMENT,13
2026-09-08T11:57:50.822,11.703,15.000,23.999,-77,NO_MOVEMENT,13
2026-09-08T11:57:51.392,6.312,15.000,23.999,-74,NO_MOVEMENT,13
2026-09-08T11:57:52.016,8.869,15.000,23.999,-74,NO_MOVEMENT,13
2026-09-08T11:57:52.673,8.482,15.000,23.999,-71,NO_MOVEMENT,13
2026-09-08T11:57:53.257,7.811,15.000,23.999,-70,NO_MOVEMENT,13
2026-09-08T11:57:53.851,5.484,15.000,23.999,-71,NO_MOVEMENT,13
2026-09-08T11:57:54.387,4.445,15.000,23.999,-71,NO_MOVEMENT,13
2026-09-08T11:57:55.040,4.725,15.000,23.999,-71,NO_MOVEMENT,13
2026-09-08T11:57:55.668,5.065,15.000,23.999,-71,NO_MOVEMENT,13
2026-09-08T11:57:56.276,4.059,15.000,23.999,-71,NO_MOVEMENT,13
2026-09-08T11:57:57.090,5.229,15.000,23.999,-72,NO_MOVEMENT,13
2026-09-08T11:57:57.686,5.758,15.000,23.999,-72,NO_MOVEMENT,13
2026-09-08T11:57:58.316,4.248,15.000,23.999,-72,NO_MOVEMENT,13
2026-09-08T11:57:58.932,5.621,15.000,23.999,-74,NO_MOVEMENT,13
2026-09-08T11:57:59.566,9.045,15.000,23.999,-74,NO_MOVEMENT,13
2026-09-08T11:58:00.139,10.247,15.000,23.999,-73,NO_MOVEMENT,13
2026-09-08T11:58:00.870,9.214,15.000,23.999,-72,NO_MOVEMENT,13
2026-09-08T11:58:01.543,7.370,15.000,23.999,-73,NO_MOVEMENT,13
2026-09-08T11:58:02.143,7.158,15.000,23.999,-69,NO_MOVEMENT,13
2026-09-08T11:58:02.772,7.686,15.000,23.999,-69,NO_MOVEMENT,13
2026-09-08T11:58:03.373,6.398,15.000,23.999,-70,NO_MOVEMENT,13
2026-09-08T11:58:03.951,3.773,15.000,23.999,-70,NO_MOVEMENT,13
2026-09-08T11:58:04.476,4.682,15.000,23.999,-70,NO_MOVEMENT,13
2026-09-08T11:58:05.481,4.050,15.000,23.999,-71,NO_MOVEMENT,13
2026-09-08T11:58:06.062,4.173,15.000,23.999,-70,NO_MOVEMENT,13
2026-09-08T11:58:06.659,4.439,15.000,23.999,-69,NO_MOVEMENT,13
2026-09-08T11:58:07.165,4.412,15.000,23.999,-69,NO_MOVEMENT,13
2026-09-08T11:58:07.758,3.651,15.000,23.999,-69,NO_MOVEMENT,13
2026-09-08T11:58:08.413,11.104,15.000,23.999,-74,NO_MOVEMENT,13
2026-09-08T11:58:09.043,11.844,15.000,23.999,-76,NO_MOVEMENT,13
2026-09-08T11:58:09.548,14.581,15.000,23.999,-77,NO_MOVEMENT,13
2026-09-08T11:58:10.059,14.626,15.000,23.999,-71,NO_MOVEMENT,13
2026-09-08T11:58:10.657,10.633,15.000,23.999,-71,NO_MOVEMENT,13
2026-09-08T11:58:11.270,9.927,15.000,23.999,-71,NO_MOVEMENT,13
2026-09-08T11:58:11.774,7.057,15.000,23.999,-74,NO_MOVEMENT,13
2026-09-08T11:58:12.276,7.051,15.000,23.999,-77,NO_MOVEMENT,13
2026-09-08T11:58:12.789,8.027,15.000,23.999,-77,NO_MOVEMENT,13
2026-09-08T11:58:13.852,4.870,15.000,23.999,-71,NO_MOVEMENT,13
2026-09-08T11:58:14.470,3.881,15.000,23.999,-69,NO_MOVEMENT,13
2026-09-08T11:58:15.020,3.825,15.000,23.999,-70,NO_MOVEMENT,13
2026-09-08T11:58:15.534,4.099,15.000,23.999,-70,NO_MOVEMENT,13
2026-09-08T11:58:16.048,4.380,15.000,23.999,-69,NO_MOVEMENT,13
2026-09-08T11:58:16.561,4.012,15.000,23.999,-70,NO_MOVEMENT,13
2026-09-08T11:58:17.542,3.447,15.000,23.999,-71,NO_MOVEMENT,13
2026-09-08T11:58:18.147,3.847,15.000,23.999,-70,NO_MOVEMENT,13
2026-09-08T11:58:18.698,4.008,15.000,23.999,-71,NO_MOVEMENT,13
2026-09-08T11:58:19.314,5.599,15.000,23.999,-68,NO_MOVEMENT,13
2026-09-08T11:58:19.896,5.615,15.000,23.999,-68,NO_MOVEMENT,13
2026-09-08T11:58:20.914,5.417,15.000,23.999,-70,NO_MOVEMENT,13
2026-09-08T11:58:21.630,5.664,15.000,23.999,-67,NO_MOVEMENT,13
2026-09-08T11:58:22.177,6.363,15.000,23.999,-71,NO_MOVEMENT,13
2026-09-08T11:58:23.211,6.195,15.000,23.999,-70,NO_MOVEMENT,13
2026-09-08T11:58:24.204,4.211,15.000,23.999,-70,NO_MOVEMENT,13
2026-09-08T11:58:24.857,5.021,15.000,23.999,-72,NO_MOVEMENT,13
2026-09-08T11:58:25.379,6.211,15.000,23.999,-74,NO_MOVEMENT,13
2026-09-08T11:58:25.941,8.279,15.000,23.999,-72,NO_MOVEMENT,13
2026-09-08T11:58:26.546,7.906,15.000,23.999,-72,NO_MOVEMENT,13
2026-09-08T11:58:27.073,8.667,15.000,23.999,-73,NO_MOVEMENT,13
2026-09-08T11:58:27.671,5.936,15.000,23.999,-74,NO_MOVEMENT,13
2026-09-08T11:58:28.276,14.494,15.000,23.999,-79,NO_MOVEMENT,13
2026-09-08T11:58:28.797,23.940,15.000,23.999,-83,NO_MOVEMENT,13
2026-09-08T11:58:29.424,22.269,15.000,23.999,-76,NO_MOVEMENT,13
2026-09-08T11:58:29.937,18.515,15.000,23.999,-73,NO_MOVEMENT,13
2026-09-08T11:58:30.478,16.216,15.000,23.999,-73,NO_MOVEMENT,13
2026-09-08T11:58:31.000,8.712,15.000,23.999,-76,NO_MOVEMENT,13
2026-09-08T11:58:31.575,8.933,15.000,23.999,-72,NO_MOVEMENT,13
2026-09-08T11:58:32.123,8.796,15.000,23.999,-71,NO_MOVEMENT,13
2026-09-08T11:58:32.687,7.479,15.000,23.999,-72,NO_MOVEMENT,13
2026-09-08T11:58:33.418,6.104,15.000,23.999,-72,NO_MOVEMENT,13
2026-09-08T11:58:33.920,8.823,15.000,23.999,-74,NO_MOVEMENT,13
2026-09-08T11:58:34.453,8.948,15.000,23.999,-73,NO_MOVEMENT,13
2026-09-08T11:58:35.435,9.569,15.000,23.999,-71,NO_MOVEMENT,13
2026-09-08T11:58:36.035,9.867,15.000,23.999,-68,NO_MOVEMENT,13
2026-09-08T11:58:36.666,6.736,15.000,23.999,-67,NO_MOVEMENT,13
2026-09-08T11:58:37.241,5.665,15.000,23.999,-67,NO_MOVEMENT,13
2026-09-08T11:58:37.843,5.076,15.000,23.999,-66,NO_MOVEMENT,13
2026-09-08T11:58:38.447,4.519,15.000,23.999,-68,NO_MOVEMENT,13
2026-09-08T11:58:39.100,4.307,15.000,23.999,-68,NO_MOVEMENT,13
2026-09-08T11:58:39.714,5.490,15.000,23.999,-68,NO_MOVEMENT,13
2026-09-08T11:58:40.328,5.082,15.000,23.999,-68,NO_MOVEMENT,13
2026-09-08T11:58:40.960,4.853,15.000,23.999,-68,NO_MOVEMENT,13
2026-09-08T11:58:41.584,4.515,15.000,23.999,-68,NO_MOVEMENT,13
2026-09-08T11:58:42.200,4.706,15.000,23.999,-68,NO_MOVEMENT,13
2026-09-08T11:58:42.746,4.831,15.000,23.999,-67,NO_MOVEMENT,13
2026-09-08T11:58:43.248,5.132,15.000,23.999,-68,NO_MOVEMENT,13
2026-09-08T11:58:43.821,4.780,15.000,23.999,-67,NO_MOVEMENT,13
2026-09-08T11:58:44.383,5.730,15.000,23.999,-72,NO_MOVEMENT,13
2026-09-08T11:58:44.949,6.891,15.000,23.999,-70,NO_MOVEMENT,13
2026-09-08T11:58:45.693,6.586,15.000,23.999,-72,NO_MOVEMENT,13
2026-09-08T11:58:46.393,5.525,15.000,23.999,-73,NO_MOVEMENT,13
2026-09-08T11:58:47.145,5.394,15.000,23.999,-71,NO_MOVEMENT,13
2026-09-08T11:58:47.781,5.183,15.000,23.999,-71,NO_MOVEMENT,13
2026-09-08T11:58:48.397,4.284,15.000,23.999,-71,NO_MOVEMENT,13
2026-09-08T11:58:49.040,5.136,15.000,23.999,-71,NO_MOVEMENT,13
2026-09-08T11:58:49.661,5.396,15.000,23.999,-70,NO_MOVEMENT,13
2026-09-08T11:58:50.227,5.469,15.000,23.999,-71,NO_MOVEMENT,13
2026-09-08T11:58:50.887,4.477,15.000,23.999,-70,NO_MOVEMENT,13
2026-09-08T11:58:51.572,3.914,15.000,23.999,-69,NO_MOVEMENT,13
2026-09-08T11:58:52.203,3.815,15.000,23.999,-68,NO_MOVEMENT,13
2026-09-08T11:58:52.865,5.098,15.000,23.999,-70,NO_MOVEMENT,13
2026-09-08T11:58:53.475,5.818,15.000,23.999,-69,NO_MOVEMENT,13
2026-09-08T11:58:54.060,5.625,15.000,23.999,-69,NO_MOVEMENT,13
2026-09-08T11:58:54.670,5.258,15.000,23.999,-69,NO_MOVEMENT,13
2026-09-08T11:58:55.258,8.632,15.000,23.999,-74,NO_MOVEMENT,13
2026-09-08T11:58:55.881,13.389,15.000,23.999,-73,NO_MOVEMENT,13
2026-09-08T11:58:56.545,12.520,15.000,23.999,-75,NO_MOVEMENT,13
2026-09-08T11:58:57.192,10.601,15.000,23.999,-77,NO_MOVEMENT,13
2026-09-08T11:58:57.933,13.155,15.000,23.999,-77,NO_MOVEMENT,13
2026-09-08T11:58:58.530,13.270,15.000,23.999,-77,NO_MOVEMENT,13
2026-09-08T11:58:59.171,11.660,15.000,23.999,-78,NO_MOVEMENT,13
2026-09-08T11:58:59.749,10.954,15.000,23.999,-76,NO_MOVEMENT,13
2026-09-08T11:59:00.343,11.296,15.000,23.999,-74,NO_MOVEMENT,13
2026-09-08T11:59:01.094,12.958,15.000,23.999,-73,NO_MOVEMENT,13
2026-09-08T11:59:01.798,11.606,15.000,23.999,-75,NO_MOVEMENT,13
2026-09-08T11:59:02.437,10.537,15.000,23.999,-73,NO_MOVEMENT,13
2026-09-08T11:59:03.062,9.432,15.000,23.999,-73,NO_MOVEMENT,13
2026-09-08T11:59:03.671,8.888,15.000,23.999,-77,NO_MOVEMENT,13
2026-09-08T11:59:04.283,9.524,15.000,23.999,-76,NO_MOVEMENT,13
2026-09-08T11:59:04.951,11.336,15.000,23.999,-75,NO_MOVEMENT,13
2026-09-08T11:59:05.592,11.459,15.000,23.999,-76,NO_MOVEMENT,13
2026-09-08T11:59:06.260,17.766,15.000,23.999,-78,NO_MOVEMENT,13
2026-09-08T11:59:06.898,21.342,15.000,23.999,-83,NO_MOVEMENT,13
2026-09-08T11:59:07.487,20.082,15.000,23.999,-83,NO_MOVEMENT,13
2026-09-08T11:59:08.092,22.959,15.000,23.999,-80,NO_MOVEMENT,13
2026-09-08T11:59:08.713,23.879,15.000,23.999,-82,NO_MOVEMENT,13
2026-09-08T11:59:09.315,24.250,15.000,23.999,-81,MOVEMENT,14
2026-09-08T11:59:09.975,16.512,15.000,23.999,-84,RECENT_MOVEMENT,14
2026-09-08T11:59:10.683,19.761,15.000,23.999,-76,RECENT_MOVEMENT,14
2026-09-08T11:59:11.310,22.816,15.000,23.999,-77,RECENT_MOVEMENT,14
2026-09-08T11:59:11.977,12.715,15.000,23.999,-75,RECENT_MOVEMENT,14
2026-09-08T11:59:12.616,8.347,15.000,23.999,-75,RECENT_MOVEMENT,14
2026-09-08T11:59:13.286,13.283,15.000,23.999,-75,RECENT_MOVEMENT,14
2026-09-08T11:59:14.001,14.772,15.000,23.999,-73,RECENT_MOVEMENT,14
2026-09-08T11:59:14.637,14.545,15.000,23.999,-71,RECENT_MOVEMENT,14
2026-09-08T11:59:15.347,6.200,15.000,23.999,-73,RECENT_MOVEMENT,14
2026-09-08T11:59:16.058,8.189,15.000,23.999,-74,RECENT_MOVEMENT,14
2026-09-08T11:59:16.739,6.287,15.000,23.999,-73,RECENT_MOVEMENT,14
2026-09-08T11:59:17.433,6.656,15.000,23.999,-72,RECENT_MOVEMENT,14
2026-09-08T11:59:18.055,7.138,15.000,23.999,-72,RECENT_MOVEMENT,14
2026-09-08T11:59:18.723,6.938,15.000,23.999,-72,RECENT_MOVEMENT,14
2026-09-08T11:59:19.374,7.308,15.000,23.999,-71,RECENT_MOVEMENT,14
2026-09-08T11:59:20.063,8.066,15.000,23.999,-72,RECENT_MOVEMENT,14
2026-09-08T11:59:20.738,8.610,15.000,23.999,-72,RECENT_MOVEMENT,14
2026-09-08T11:59:21.388,9.134,15.000,23.999,-71,RECENT_MOVEMENT,14
2026-09-08T11:59:22.044,9.276,15.000,23.999,-72,RECENT_MOVEMENT,14
2026-09-08T11:59:22.613,12.211,15.000,23.999,-73,RECENT_MOVEMENT,14
2026-09-08T11:59:23.445,11.862,15.000,23.999,-72,RECENT_MOVEMENT,14
2026-09-08T11:59:24.055,10.951,15.000,23.999,-71,RECENT_MOVEMENT,14
2026-09-08T11:59:24.675,8.091,15.000,23.999,-71,RECENT_MOVEMENT,14
2026-09-08T11:59:25.306,8.487,15.000,23.999,-72,RECENT_MOVEMENT,14
2026-09-08T11:59:25.969,8.261,15.000,23.999,-72,RECENT_MOVEMENT,14
2026-09-08T11:59:26.580,7.601,15.000,23.999,-73,RECENT_MOVEMENT,14
2026-09-08T11:59:27.281,8.925,15.000,23.999,-73,RECENT_MOVEMENT,14
2026-09-08T11:59:27.948,8.731,15.000,23.999,-72,RECENT_MOVEMENT,14
2026-09-08T11:59:28.623,8.183,15.000,23.999,-73,RECENT_MOVEMENT,14
2026-09-08T11:59:29.332,6.218,15.000,23.999,-72,RECENT_MOVEMENT,14
2026-09-08T11:59:29.977,10.244,15.000,23.999,-74,RECENT_MOVEMENT,14
2026-09-08T11:59:30.681,12.872,15.000,23.999,-72,RECENT_MOVEMENT,14
2026-09-08T11:59:31.316,12.775,15.000,23.999,-72,RECENT_MOVEMENT,14
2026-09-08T11:59:31.892,6.547,15.000,23.999,-72,RECENT_MOVEMENT,14
2026-09-08T11:59:32.490,5.012,15.000,23.999,-73,RECENT_MOVEMENT,14
2026-09-08T11:59:33.175,5.376,15.000,23.999,-72,RECENT_MOVEMENT,14
2026-09-08T11:59:33.841,6.087,15.000,23.999,-73,RECENT_MOVEMENT,14
2026-09-08T11:59:34.487,6.438,15.000,23.999,-72,RECENT_MOVEMENT,14
2026-09-08T11:59:35.047,6.356,15.000,23.999,-72,RECENT_MOVEMENT,14
2026-09-08T11:59:35.804,5.101,15.000,23.999,-72,RECENT_MOVEMENT,14
2026-09-08T11:59:36.383,12.578,15.000,23.999,-72,RECENT_MOVEMENT,14
2026-09-08T11:59:37.045,13.445,15.000,23.999,-68,RECENT_MOVEMENT,14
2026-09-08T11:59:37.705,7.834,15.000,23.999,-68,RECENT_MOVEMENT,14
2026-09-08T11:59:38.319,4.763,15.000,23.999,-69,RECENT_MOVEMENT,14
2026-09-08T11:59:38.961,4.904,15.000,23.999,-69,RECENT_MOVEMENT,14
2026-09-08T11:59:39.661,4.147,15.000,23.999,-70,NO_MOVEMENT,14
2026-09-08T11:59:40.273,4.579,15.000,23.999,-70,NO_MOVEMENT,14
2026-09-08T11:59:40.901,6.467,15.000,23.999,-68,NO_MOVEMENT,14
2026-09-08T11:59:41.520,6.148,15.000,23.999,-72,NO_MOVEMENT,14
2026-09-08T11:59:42.099,6.137,15.000,23.999,-71,NO_MOVEMENT,14
2026-09-08T11:59:42.652,6.281,15.000,23.999,-71,NO_MOVEMENT,14
2026-09-08T11:59:43.236,6.435,15.000,23.999,-73,NO_MOVEMENT,14
2026-09-08T11:59:43.839,7.265,15.000,23.999,-74,NO_MOVEMENT,14
2026-09-08T11:59:44.442,5.683,15.000,23.999,-73,NO_MOVEMENT,14
2026-09-08T11:59:45.012,5.644,15.000,23.999,-72,NO_MOVEMENT,14
2026-09-08T11:59:45.696,9.028,15.000,23.999,-77,NO_MOVEMENT,14
2026-09-08T11:59:46.427,9.802,15.000,23.999,-73,NO_MOVEMENT,14
2026-09-08T11:59:47.032,11.182,15.000,23.999,-70,NO_MOVEMENT,14
2026-09-08T11:59:47.869,8.974,15.000,23.999,-72,NO_MOVEMENT,14
2026-09-08T11:59:48.413,5.707,15.000,23.999,-69,NO_MOVEMENT,14
2026-09-08T11:59:49.064,6.532,15.000,23.999,-72,NO_MOVEMENT,14
2026-09-08T11:59:49.687,15.727,15.000,23.999,-76,NO_MOVEMENT,14
2026-09-08T11:59:50.314,17.341,15.000,23.999,-76,NO_MOVEMENT,14
2026-09-08T11:59:51.019,15.291,15.000,23.999,-75,NO_MOVEMENT,14
2026-09-08T11:59:52.037,16.326,15.000,23.999,-75,NO_MOVEMENT,14
2026-09-08T11:59:52.579,14.681,15.000,23.999,-73,NO_MOVEMENT,14
2026-09-08T11:59:53.141,12.497,15.000,23.999,-73,NO_MOVEMENT,14
2026-09-08T11:59:53.675,8.670,15.000,23.999,-73,NO_MOVEMENT,14
2026-09-08T11:59:54.258,7.395,15.000,23.999,-73,NO_MOVEMENT,14
2026-09-08T11:59:54.799,6.024,15.000,23.999,-72,NO_MOVEMENT,14
2026-09-08T11:59:55.331,6.433,15.000,23.999,-73,NO_MOVEMENT,14
2026-09-08T11:59:56.355,7.054,15.000,23.999,-72,NO_MOVEMENT,14
2026-09-08T11:59:57.343,7.256,15.000,23.999,-71,NO_MOVEMENT,14
2026-09-08T11:59:57.852,10.147,15.000,23.999,-72,NO_MOVEMENT,14
2026-09-08T11:59:58.372,10.428,15.000,23.999,-71,NO_MOVEMENT,14
2026-09-08T11:59:59.030,9.252,15.000,23.999,-72,NO_MOVEMENT,14
2026-09-08T11:59:59.645,7.418,15.000,23.999,-71,NO_MOVEMENT,14
2026-09-08T12:00:00.338,9.630,15.000,23.999,-73,NO_MOVEMENT,14
2026-09-08T12:00:01.030,11.909,15.000,23.999,-73,NO_MOVEMENT,14
2026-09-08T12:00:01.628,10.888,15.000,23.999,-73,NO_MOVEMENT,14
2026-09-08T12:00:02.226,11.897,15.000,23.999,-71,NO_MOVEMENT,14
2026-09-08T12:00:02.776,10.676,15.000,23.999,-73,NO_MOVEMENT,14
2026-09-08T12:00:03.321,9.837,15.000,23.999,-72,NO_MOVEMENT,14
2026-09-08T12:00:03.888,8.105,15.000,23.999,-73,NO_MOVEMENT,14
2026-09-08T12:00:04.433,6.917,15.000,23.999,-73,NO_MOVEMENT,14
2026-09-08T12:00:05.010,11.163,15.000,23.999,-68,NO_MOVEMENT,14
2026-09-08T12:00:05.637,11.418,15.000,23.999,-68,NO_MOVEMENT,14
2026-09-08T12:00:06.277,4.280,15.000,23.999,-70,NO_MOVEMENT,14
2026-09-08T12:00:06.999,5.587,15.000,23.999,-73,NO_MOVEMENT,14
2026-09-08T12:00:07.658,5.347,15.000,23.999,-73,NO_MOVEMENT,14
2026-09-08T12:00:08.250,5.107,15.000,23.999,-72,NO_MOVEMENT,14
2026-09-08T12:00:08.877,4.391,15.000,23.999,-73,NO_MOVEMENT,14
2026-09-08T12:00:09.498,4.974,15.000,23.999,-71,NO_MOVEMENT,14
2026-09-08T12:00:10.093,4.338,15.000,23.999,-71,NO_MOVEMENT,14
2026-09-08T12:00:10.694,3.546,15.000,23.999,-71,NO_MOVEMENT,14
2026-09-08T12:00:11.394,5.090,15.000,23.999,-72,NO_MOVEMENT,14
2026-09-08T12:00:11.996,5.022,15.000,23.999,-71,NO_MOVEMENT,14
2026-09-08T12:00:12.616,6.568,15.000,23.999,-74,NO_MOVEMENT,14
2026-09-08T12:00:13.200,7.336,15.000,23.999,-73,NO_MOVEMENT,14
2026-09-08T12:00:13.709,6.270,15.000,23.999,-74,NO_MOVEMENT,14
2026-09-08T12:00:14.234,5.744,15.000,23.999,-74,NO_MOVEMENT,14
2026-09-08T12:00:14.791,5.372,15.000,23.999,-74,NO_MOVEMENT,14
2026-09-08T12:00:15.366,6.669,15.000,23.999,-74,NO_MOVEMENT,14
2026-09-08T12:00:16.003,6.770,15.000,23.999,-74,NO_MOVEMENT,14
2026-09-08T12:00:16.557,5.546,15.000,23.999,-73,NO_MOVEMENT,14
2026-09-08T12:00:17.085,4.853,15.000,23.999,-74,NO_MOVEMENT,14
2026-09-08T12:00:17.632,4.477,15.000,23.999,-72,NO_MOVEMENT,14
2026-09-08T12:00:18.143,5.804,15.000,23.999,-71,NO_MOVEMENT,14
2026-09-08T12:00:18.823,19.647,15.000,23.999,-85,NO_MOVEMENT,14
2026-09-08T12:00:19.404,28.273,15.000,23.999,-77,MOVEMENT,15
2026-09-08T12:00:20.086,29.053,15.000,23.999,-78,MOVEMENT,15
2026-09-08T12:00:20.691,15.820,15.000,23.999,-76,RECENT_MOVEMENT,15
2026-09-08T12:00:21.361,14.041,15.000,23.999,-74,RECENT_MOVEMENT,15
2026-09-08T12:00:21.936,17.745,15.000,23.999,-77,RECENT_MOVEMENT,15
2026-09-08T12:00:22.685,13.971,15.000,23.999,-76,RECENT_MOVEMENT,15
2026-09-08T12:00:23.384,12.894,15.000,23.999,-80,RECENT_MOVEMENT,15
2026-09-08T12:00:24.040,13.647,15.000,23.999,-72,RECENT_MOVEMENT,15
2026-09-08T12:00:24.621,16.061,15.000,23.999,-73,RECENT_MOVEMENT,15
2026-09-08T12:00:25.421,9.690,15.000,23.999,-73,RECENT_MOVEMENT,15
2026-09-08T12:00:25.995,4.574,15.000,23.999,-75,RECENT_MOVEMENT,15
2026-09-08T12:00:26.566,4.911,15.000,23.999,-72,RECENT_MOVEMENT,15
2026-09-08T12:00:27.258,5.502,15.000,23.999,-72,RECENT_MOVEMENT,15
2026-09-08T12:00:27.788,7.407,15.000,23.999,-71,RECENT_MOVEMENT,15
2026-09-08T12:00:28.431,8.316,15.000,23.999,-71,RECENT_MOVEMENT,15
2026-09-08T12:00:29.035,8.041,15.000,23.999,-71,RECENT_MOVEMENT,15
2026-09-08T12:00:30.230,4.124,15.000,23.999,-72,RECENT_MOVEMENT,15
2026-09-08T12:00:30.889,5.156,15.000,23.999,-71,RECENT_MOVEMENT,15
2026-09-08T12:00:31.494,5.622,15.000,23.999,-71,RECENT_MOVEMENT,15
2026-09-08T12:00:32.241,5.376,15.000,23.999,-69,RECENT_MOVEMENT,15
2026-09-08T12:00:32.834,4.891,15.000,23.999,-71,RECENT_MOVEMENT,15
2026-09-08T12:00:33.426,4.931,15.000,23.999,-70,RECENT_MOVEMENT,15
2026-09-08T12:00:34.057,4.705,15.000,23.999,-69,RECENT_MOVEMENT,15
2026-09-08T12:00:34.655,3.966,15.000,23.999,-69,RECENT_MOVEMENT,15
2026-09-08T12:00:35.425,3.453,15.000,23.999,-69,RECENT_MOVEMENT,15
2026-09-08T12:00:36.076,4.217,15.000,23.999,-69,RECENT_MOVEMENT,15
2026-09-08T12:00:36.667,4.203,15.000,23.999,-70,RECENT_MOVEMENT,15
2026-09-08T12:00:37.278,5.003,15.000,23.999,-71,RECENT_MOVEMENT,15
2026-09-08T12:00:37.951,5.394,15.000,23.999,-73,RECENT_MOVEMENT,15
2026-09-08T12:00:38.547,7.987,15.000,23.999,-74,RECENT_MOVEMENT,15
2026-09-08T12:00:39.196,9.347,15.000,23.999,-75,RECENT_MOVEMENT,15
2026-09-08T12:00:39.822,8.909,15.000,23.999,-76,RECENT_MOVEMENT,15
2026-09-08T12:00:40.403,23.252,15.000,23.999,-79,RECENT_MOVEMENT,15
2026-09-08T12:00:40.999,32.423,15.000,23.999,-77,MOVEMENT,16
2026-09-08T12:00:41.604,40.280,15.000,23.999,-80,MOVEMENT,16
2026-09-08T12:00:42.153,29.675,15.000,23.999,-81,MOVEMENT,16
2026-09-08T12:00:42.766,33.013,15.000,23.999,-80,MOVEMENT,16
2026-09-08T12:00:43.397,25.799,15.000,23.999,-80,MOVEMENT,16
2026-09-08T12:00:43.987,24.293,15.000,23.999,-80,RECENT_MOVEMENT,16
2026-09-08T12:00:44.613,17.180,15.000,23.999,-79,RECENT_MOVEMENT,17
2026-09-08T12:00:45.222,17.271,15.000,23.999,-78,RECENT_MOVEMENT,17
2026-09-08T12:00:45.803,16.322,15.000,23.999,-79,RECENT_MOVEMENT,17
2026-09-08T12:00:46.381,12.501,15.000,23.999,-79,RECENT_MOVEMENT,17
2026-09-08T12:00:47.170,10.083,15.000,23.999,-79,RECENT_MOVEMENT,17
2026-09-08T12:00:47.819,13.048,15.000,23.999,-80,RECENT_MOVEMENT,17
2026-09-08T12:00:48.392,12.154,15.000,23.999,-79,RECENT_MOVEMENT,17
2026-09-08T12:00:48.966,13.865,15.000,23.999,-78,RECENT_MOVEMENT,17
2026-09-08T12:00:49.604,12.820,15.000,23.999,-78,RECENT_MOVEMENT,17
2026-09-08T12:00:50.212,11.050,15.000,23.999,-81,RECENT_MOVEMENT,17
2026-09-08T12:00:50.787,9.722,15.000,23.999,-78,RECENT_MOVEMENT,17
2026-09-08T12:00:51.395,7.923,15.000,23.999,-77,RECENT_MOVEMENT,17
2026-09-08T12:00:51.999,5.550,15.000,23.999,-79,RECENT_MOVEMENT,17
2026-09-08T12:00:52.557,14.763,15.000,23.999,-83,RECENT_MOVEMENT,17
2026-09-08T12:00:53.168,17.207,15.000,23.999,-78,RECENT_MOVEMENT,17
2026-09-08T12:00:53.778,18.276,15.000,23.999,-79,RECENT_MOVEMENT,17
2026-09-08T12:00:54.370,12.120,15.000,23.999,-82,RECENT_MOVEMENT,17
2026-09-08T12:00:54.986,20.689,15.000,23.999,-80,RECENT_MOVEMENT,17
2026-09-08T12:00:55.617,24.835,15.000,23.999,-80,RECENT_MOVEMENT,17
2026-09-08T12:00:56.217,25.872,15.000,23.999,-82,MOVEMENT,18
2026-09-08T12:00:56.840,21.587,15.000,23.999,-82,RECENT_MOVEMENT,18
2026-09-08T12:00:57.373,18.768,15.000,23.999,-83,RECENT_MOVEMENT,18
2026-09-08T12:00:57.950,18.651,15.000,23.999,-83,RECENT_MOVEMENT,18
2026-09-08T12:00:58.600,19.262,15.000,23.999,-84,RECENT_MOVEMENT,18
2026-09-08T12:00:59.217,26.813,15.000,23.999,-74,MOVEMENT,19
2026-09-08T12:00:59.774,27.755,15.000,23.999,-85,MOVEMENT,19
2026-09-08T12:01:00.364,30.814,15.000,23.999,-84,MOVEMENT,19
2026-09-08T12:01:01.064,28.495,15.000,23.999,-83,MOVEMENT,19
2026-09-08T12:01:01.670,31.434,15.000,23.999,-78,MOVEMENT,19
2026-09-08T12:01:02.283,32.067,15.000,23.999,-80,MOVEMENT,19
2026-09-08T12:01:02.956,19.185,15.000,23.999,-77,RECENT_MOVEMENT,19
2026-09-08T12:01:03.564,14.196,15.000,23.999,-77,RECENT_MOVEMENT,19
2026-09-08T12:01:04.129,13.586,15.000,23.999,-77,RECENT_MOVEMENT,19
2026-09-08T12:01:04.765,17.978,15.000,23.999,-76,RECENT_MOVEMENT,19
2026-09-08T12:01:05.367,18.231,15.000,23.999,-72,RECENT_MOVEMENT,19
2026-09-08T12:01:05.977,13.774,15.000,23.999,-72,RECENT_MOVEMENT,19
2026-09-08T12:01:06.603,7.210,15.000,23.999,-74,RECENT_MOVEMENT,19
2026-09-08T12:01:07.312,4.113,15.000,23.999,-75,RECENT_MOVEMENT,19
2026-09-08T12:01:07.891,4.181,15.000,23.999,-74,RECENT_MOVEMENT,19
2026-09-08T12:01:08.513,5.262,15.000,23.999,-72,RECENT_MOVEMENT,19
2026-09-08T12:01:09.193,5.673,15.000,23.999,-73,RECENT_MOVEMENT,19
2026-09-08T12:01:09.828,5.429,15.000,23.999,-72,RECENT_MOVEMENT,19
2026-09-08T12:01:10.433,5.293,15.000,23.999,-71,RECENT_MOVEMENT,19
2026-09-08T12:01:11.267,5.361,15.000,23.999,-71,RECENT_MOVEMENT,19
2026-09-08T12:01:11.917,4.898,15.000,23.999,-70,RECENT_MOVEMENT,19
2026-09-08T12:01:12.544,6.359,15.000,23.999,-68,RECENT_MOVEMENT,19
2026-09-08T12:01:13.174,5.239,15.000,23.999,-68,RECENT_MOVEMENT,19
2026-09-08T12:01:13.816,3.806,15.000,23.999,-69,RECENT_MOVEMENT,19
2026-09-08T12:01:14.438,4.255,15.000,23.999,-70,RECENT_MOVEMENT,19
2026-09-08T12:01:15.029,4.438,15.000,23.999,-69,RECENT_MOVEMENT,19
2026-09-08T12:01:15.637,5.235,15.000,23.999,-71,RECENT_MOVEMENT,19
2026-09-08T12:01:16.208,7.042,15.000,23.999,-71,RECENT_MOVEMENT,19
2026-09-08T12:01:16.832,6.386,15.000,23.999,-70,RECENT_MOVEMENT,19
2026-09-08T12:01:17.444,5.118,15.000,23.999,-72,RECENT_MOVEMENT,19
2026-09-08T12:01:18.050,9.170,15.000,23.999,-75,RECENT_MOVEMENT,19
2026-09-08T12:01:18.662,8.520,15.000,23.999,-76,RECENT_MOVEMENT,19
2026-09-08T12:01:19.327,10.084,15.000,23.999,-73,RECENT_MOVEMENT,19
2026-09-08T12:01:19.955,6.191,15.000,23.999,-73,RECENT_MOVEMENT,19
2026-09-08T12:01:20.590,5.660,15.000,23.999,-75,RECENT_MOVEMENT,19
2026-09-08T12:01:21.226,5.239,15.000,23.999,-73,RECENT_MOVEMENT,19
2026-09-08T12:01:21.841,16.479,15.000,23.999,-75,RECENT_MOVEMENT,19
2026-09-08T12:01:22.506,21.913,15.000,23.999,-74,RECENT_MOVEMENT,19
2026-09-08T12:01:23.239,18.199,15.000,23.999,-71,RECENT_MOVEMENT,19
2026-09-08T12:01:23.840,18.902,15.000,23.999,-72,RECENT_MOVEMENT,19
2026-09-08T12:01:24.426,17.077,15.000,23.999,-71,RECENT_MOVEMENT,19
2026-09-08T12:01:25.020,21.460,15.000,23.999,-72,RECENT_MOVEMENT,19
2026-09-08T12:01:25.663,23.404,15.000,23.999,-78,RECENT_MOVEMENT,19
2026-09-08T12:01:26.322,14.977,15.000,23.999,-73,RECENT_MOVEMENT,19
2026-09-08T12:01:26.947,11.883,15.000,23.999,-75,RECENT_MOVEMENT,19
2026-09-08T12:01:27.508,12.448,15.000,23.999,-76,RECENT_MOVEMENT,19
2026-09-08T12:01:28.135,17.670,15.000,23.999,-78,RECENT_MOVEMENT,19
2026-09-08T12:01:28.714,14.325,15.000,23.999,-72,RECENT_MOVEMENT,19
2026-09-08T12:01:29.336,14.150,15.000,23.999,-78,RECENT_MOVEMENT,19
2026-09-08T12:01:29.896,16.893,15.000,23.999,-77,RECENT_MOVEMENT,19
2026-09-08T12:01:30.530,18.465,15.000,23.999,-79,RECENT_MOVEMENT,19
2026-09-08T12:01:31.179,28.634,15.000,23.999,-78,MOVEMENT,20
2026-09-08T12:01:31.761,27.900,15.000,23.999,-77,MOVEMENT,20
2026-09-08T12:32:19.525,3.598,2.879,5.648,-60,NO_MOVEMENT,0
2026-09-08T12:32:20.192,3.578,2.879,5.648,-60,NO_MOVEMENT,0
2026-09-08T12:32:20.850,3.863,2.879,5.648,-60,NO_MOVEMENT,0
2026-09-08T12:32:21.504,3.091,2.879,5.648,-61,NO_MOVEMENT,0
2026-09-08T12:32:22.166,3.378,2.879,5.648,-60,NO_MOVEMENT,0
2026-09-08T12:32:22.829,3.900,2.879,5.648,-59,NO_MOVEMENT,0
2026-09-08T12:32:23.481,8.043,2.879,5.648,-63,NO_MOVEMENT,0
2026-09-08T12:32:24.139,9.184,2.879,5.648,-61,MOVEMENT,1
2026-09-08T12:32:24.824,8.398,2.879,5.648,-61,MOVEMENT,1
2026-09-08T12:32:25.488,3.733,2.879,5.648,-59,RECENT_MOVEMENT,1
2026-09-08T12:32:26.141,3.822,2.879,5.648,-60,RECENT_MOVEMENT,1
2026-09-08T12:32:26.804,4.488,2.879,5.648,-62,RECENT_MOVEMENT,1
2026-09-08T12:32:27.458,9.182,2.879,5.648,-61,MOVEMENT,2
2026-09-08T12:32:28.112,11.672,2.879,5.648,-63,MOVEMENT,2
2026-09-08T12:32:28.777,9.727,2.879,5.648,-63,MOVEMENT,2
2026-09-08T12:32:29.439,5.133,2.879,5.648,-61,RECENT_MOVEMENT,2
2026-09-08T12:32:30.085,6.786,2.879,5.648,-61,MOVEMENT,3
2026-09-08T12:32:30.757,7.535,2.879,5.648,-64,MOVEMENT,3
2026-09-08T12:32:31.428,7.523,2.879,5.648,-66,MOVEMENT,3
2026-09-08T12:32:32.086,7.325,2.879,5.648,-63,MOVEMENT,3
2026-09-08T12:32:32.750,10.162,2.879,5.648,-67,MOVEMENT,3
2026-09-08T12:32:33.411,10.225,2.879,5.648,-66,MOVEMENT,3
2026-09-08T12:32:34.076,12.913,2.879,5.648,-64,MOVEMENT,3
2026-09-08T12:32:34.728,14.174,2.879,5.648,-64,MOVEMENT,3
2026-09-08T12:32:35.390,8.818,2.879,5.648,-68,MOVEMENT,3
2026-09-08T12:32:36.056,9.918,2.879,5.648,-67,MOVEMENT,3
2026-09-08T12:32:36.722,11.088,2.879,5.648,-68,MOVEMENT,3
2026-09-08T12:32:37.382,7.209,2.879,5.648,-66,MOVEMENT,3
2026-09-08T12:32:38.044,5.515,2.879,5.648,-67,RECENT_MOVEMENT,3
2026-09-08T12:32:38.703,7.315,2.879,5.648,-68,MOVEMENT,4
2026-09-08T12:32:39.388,11.612,2.879,5.648,-68,MOVEMENT,4
2026-09-08T12:32:40.045,13.018,2.879,5.648,-62,MOVEMENT,4
2026-09-08T12:32:40.716,11.437,2.879,5.648,-63,MOVEMENT,4
2026-09-08T12:32:41.388,2.643,2.879,5.648,-63,RECENT_MOVEMENT,4
2026-09-08T12:32:42.049,3.085,2.879,5.648,-62,RECENT_MOVEMENT,4
2026-09-08T12:32:42.710,4.470,2.879,5.648,-62,RECENT_MOVEMENT,4
2026-09-08T12:32:43.376,6.129,2.879,5.648,-61,MOVEMENT,5
2026-09-08T12:32:44.030,6.067,2.879,5.648,-65,MOVEMENT,5
2026-09-08T12:32:44.680,8.548,2.879,5.648,-63,MOVEMENT,5
2026-09-08T12:32:45.338,6.838,2.879,5.648,-62,MOVEMENT,5
2026-09-08T12:32:46.006,3.521,2.879,5.648,-62,RECENT_MOVEMENT,5
2026-09-08T12:32:46.643,3.604,2.879,5.648,-62,RECENT_MOVEMENT,5
2026-09-08T12:32:47.311,3.427,2.879,5.648,-62,RECENT_MOVEMENT,5
2026-09-08T12:32:47.953,4.292,2.879,5.648,-61,RECENT_MOVEMENT,5
2026-09-08T12:32:48.639,4.564,2.879,5.648,-64,RECENT_MOVEMENT,5
2026-09-08T12:32:49.297,5.280,2.879,5.648,-60,RECENT_MOVEMENT,5
2026-09-08T12:32:49.969,4.512,2.879,5.648,-60,RECENT_MOVEMENT,5
2026-09-08T12:32:50.625,4.798,2.879,5.648,-62,RECENT_MOVEMENT,5
2026-09-08T12:32:51.290,7.633,2.879,5.648,-60,MOVEMENT,6
2026-09-08T12:32:51.957,11.871,2.879,5.648,-72,MOVEMENT,6
2026-09-08T12:32:52.613,11.704,2.879,5.648,-70,MOVEMENT,6
2026-09-08T12:32:53.283,12.823,2.879,5.648,-68,MOVEMENT,6
2026-09-08T12:32:53.945,13.624,2.879,5.648,-68,MOVEMENT,6
2026-09-08T12:32:54.602,11.194,2.879,5.648,-67,MOVEMENT,6
2026-09-08T12:32:55.277,8.943,2.879,5.648,-70,MOVEMENT,6
2026-09-08T12:32:55.930,10.947,2.879,5.648,-70,MOVEMENT,6
2026-09-08T12:32:56.597,9.731,2.879,5.648,-62,MOVEMENT,6
2026-09-08T12:32:57.257,9.893,2.879,5.648,-65,MOVEMENT,6
2026-09-08T12:32:57.917,8.660,2.879,5.648,-63,MOVEMENT,6
2026-09-08T12:32:58.590,5.259,2.879,5.648,-62,RECENT_MOVEMENT,6
2026-09-08T12:32:59.264,5.231,2.879,5.648,-63,RECENT_MOVEMENT,6
2026-09-08T12:32:59.936,3.098,2.879,5.648,-63,RECENT_MOVEMENT,6
2026-09-08T12:33:00.605,3.236,2.879,5.648,-66,RECENT_MOVEMENT,6
2026-09-08T12:33:01.274,3.866,2.879,5.648,-65,RECENT_MOVEMENT,6
2026-09-08T12:33:01.937,4.492,2.879,5.648,-67,RECENT_MOVEMENT,6
2026-09-08T12:33:02.603,6.263,2.879,5.648,-65,RECENT_MOVEMENT,6
2026-09-08T12:33:03.260,6.635,2.879,5.648,-64,MOVEMENT,7
2026-09-08T12:33:03.930,5.211,2.879,5.648,-66,RECENT_MOVEMENT,7
2026-09-08T12:33:04.586,3.940,2.879,5.648,-65,RECENT_MOVEMENT,7
2026-09-08T12:33:05.275,3.820,2.879,5.648,-65,RECENT_MOVEMENT,7
2026-09-08T12:33:05.952,3.762,2.879,5.648,-65,RECENT_MOVEMENT,7
2026-09-08T12:33:06.605,3.453,2.879,5.648,-64,RECENT_MOVEMENT,7
2026-09-08T12:33:07.272,3.114,2.879,5.648,-63,RECENT_MOVEMENT,7
2026-09-08T12:33:07.937,3.246,2.879,5.648,-63,RECENT_MOVEMENT,7
2026-09-08T12:33:08.591,2.845,2.879,5.648,-64,RECENT_MOVEMENT,7
2026-09-08T12:33:09.252,2.916,2.879,5.648,-65,RECENT_MOVEMENT,7
2026-09-08T12:33:09.930,5.718,2.879,5.648,-66,RECENT_MOVEMENT,7
2026-09-08T12:33:10.604,7.068,2.879,5.648,-66,MOVEMENT,8
2026-09-08T12:33:11.262,6.906,2.879,5.648,-66,MOVEMENT,8
2026-09-08T12:33:11.922,7.480,2.879,5.648,-64,MOVEMENT,8
2026-09-08T12:33:12.572,4.263,2.879,5.648,-62,RECENT_MOVEMENT,8
2026-09-08T12:33:13.238,3.758,2.879,5.648,-62,RECENT_MOVEMENT,8
2026-09-08T12:33:13.920,3.485,2.879,5.648,-61,RECENT_MOVEMENT,8
2026-09-08T12:33:14.579,4.615,2.879,5.648,-62,RECENT_MOVEMENT,8
2026-09-08T12:33:15.246,4.757,2.879,5.648,-63,RECENT_MOVEMENT,8
2026-09-08T12:33:15.915,4.732,2.879,5.648,-62,RECENT_MOVEMENT,8
2026-09-08T12:33:16.571,3.921,2.879,5.648,-63,RECENT_MOVEMENT,8
2026-09-08T12:33:17.239,6.962,2.879,5.648,-67,RECENT_MOVEMENT,8
2026-09-08T12:33:17.902,7.318,2.879,5.648,-67,MOVEMENT,9
2026-09-08T12:33:18.556,5.765,2.879,5.648,-62,MOVEMENT,10
2026-09-08T12:33:19.216,5.963,2.879,5.648,-62,RECENT_MOVEMENT,10
2026-09-08T12:33:19.917,3.540,2.879,5.648,-63,RECENT_MOVEMENT,10
2026-09-08T12:33:20.581,5.546,2.879,5.648,-63,RECENT_MOVEMENT,10
2026-09-08T12:33:21.262,6.100,2.879,5.648,-63,MOVEMENT,11
2026-09-08T12:33:21.942,5.054,2.879,5.648,-63,RECENT_MOVEMENT,11
2026-09-08T12:33:22.590,3.557,2.879,5.648,-64,RECENT_MOVEMENT,11
2026-09-08T12:33:23.263,5.713,2.879,5.648,-63,RECENT_MOVEMENT,11
2026-09-08T12:33:23.940,6.027,2.879,5.648,-62,MOVEMENT,12
2026-09-08T12:33:24.625,5.569,2.879,5.648,-62,RECENT_MOVEMENT,12
2026-09-08T12:33:25.292,2.408,2.879,5.648,-60,RECENT_MOVEMENT,12
2026-09-08T12:33:25.961,6.251,2.879,5.648,-59,RECENT_MOVEMENT,12
2026-09-08T12:33:26.625,6.671,2.879,5.648,-61,MOVEMENT,13
2026-09-08T12:33:27.278,4.361,2.879,5.648,-66,RECENT_MOVEMENT,13
2026-09-08T12:33:27.927,5.752,2.879,5.648,-64,MOVEMENT,14
2026-09-08T12:33:28.583,4.705,2.879,5.648,-64,RECENT_MOVEMENT,14
2026-09-08T12:33:29.330,4.615,2.879,5.648,-65,RECENT_MOVEMENT,14
2026-09-08T12:33:30.219,4.332,2.879,5.648,-64,RECENT_MOVEMENT,14
2026-09-08T12:33:31.137,3.583,2.879,5.648,-63,RECENT_MOVEMENT,14
2026-09-08T12:33:32.096,3.584,2.879,5.648,-63,RECENT_MOVEMENT,14
2026-09-08T12:33:32.610,4.846,2.879,5.648,-64,RECENT_MOVEMENT,14
2026-09-08T12:33:33.341,4.548,2.879,5.648,-64,RECENT_MOVEMENT,14
2026-09-08T12:33:33.966,4.817,2.879,5.648,-65,RECENT_MOVEMENT,14
2026-09-08T12:33:34.479,5.902,2.879,5.648,-66,RECENT_MOVEMENT,14
2026-09-08T12:33:35.004,6.016,2.879,5.648,-65,MOVEMENT,15
2026-09-08T12:33:35.548,4.253,2.879,5.648,-65,RECENT_MOVEMENT,15
2026-09-08T12:33:36.150,4.697,2.879,5.648,-65,RECENT_MOVEMENT,15
2026-09-08T12:33:36.742,4.123,2.879,5.648,-64,RECENT_MOVEMENT,15
2026-09-08T12:33:37.368,3.857,2.879,5.648,-63,RECENT_MOVEMENT,15
2026-09-08T12:33:37.874,4.234,2.879,5.648,-64,RECENT_MOVEMENT,15
2026-09-08T12:33:38.401,4.573,2.879,5.648,-64,RECENT_MOVEMENT,15
2026-09-08T12:33:38.967,4.325,2.879,5.648,-64,RECENT_MOVEMENT,15
2026-09-08T12:33:39.533,4.479,2.879,5.648,-65,RECENT_MOVEMENT,15
2026-09-08T12:33:40.133,4.294,2.879,5.648,-65,RECENT_MOVEMENT,15
2026-09-08T12:33:40.711,3.730,2.879,5.648,-65,RECENT_MOVEMENT,15
2026-09-08T12:33:41.335,3.296,2.879,5.648,-64,RECENT_MOVEMENT,15
2026-09-08T12:33:41.952,3.819,2.879,5.648,-65,RECENT_MOVEMENT,15
2026-09-08T12:33:42.646,3.849,2.879,5.648,-63,RECENT_MOVEMENT,15
2026-09-08T12:33:43.243,8.340,2.879,5.648,-64,MOVEMENT,16
2026-09-08T12:33:44.312,8.276,2.879,5.648,-61,MOVEMENT,16
2026-09-08T12:33:45.258,4.880,2.879,5.648,-63,RECENT_MOVEMENT,16
2026-09-08T12:33:45.790,4.790,2.879,5.648,-63,RECENT_MOVEMENT,16
2026-09-08T12:33:46.463,3.505,2.879,5.648,-64,RECENT_MOVEMENT,16
2026-09-08T12:33:47.039,3.602,2.879,5.648,-66,RECENT_MOVEMENT,16
2026-09-08T12:33:47.617,4.240,2.879,5.648,-65,RECENT_MOVEMENT,16
2026-09-08T12:33:48.171,6.914,2.879,5.648,-66,MOVEMENT,17
2026-09-08T12:33:48.709,7.119,2.879,5.648,-64,MOVEMENT,17
2026-09-08T12:33:49.685,6.712,2.879,5.648,-67,MOVEMENT,17
2026-09-08T12:33:50.215,5.511,2.879,5.648,-69,RECENT_MOVEMENT,17
2026-09-08T12:33:51.381,7.446,2.879,5.648,-64,MOVEMENT,18
2026-09-08T12:33:51.943,6.160,2.879,5.648,-64,MOVEMENT,18
2026-09-08T12:33:52.514,5.819,2.879,5.648,-64,MOVEMENT,18
2026-09-08T12:33:53.068,4.685,2.879,5.648,-62,RECENT_MOVEMENT,18
2026-09-08T12:33:53.609,3.927,2.879,5.648,-63,RECENT_MOVEMENT,18
2026-09-08T12:33:54.212,3.594,2.879,5.648,-65,RECENT_MOVEMENT,18
2026-09-08T12:33:55.210,3.212,2.879,5.648,-65,RECENT_MOVEMENT,18
2026-09-08T12:33:55.757,3.397,2.879,5.648,-64,RECENT_MOVEMENT,18
2026-09-08T12:33:56.315,4.238,2.879,5.648,-67,RECENT_MOVEMENT,18
2026-09-08T12:33:56.936,5.090,2.879,5.648,-66,RECENT_MOVEMENT,18
2026-09-08T12:33:57.472,4.598,2.879,5.648,-64,RECENT_MOVEMENT,18
2026-09-08T12:33:58.087,4.520,2.879,5.648,-65,RECENT_MOVEMENT,18
2026-09-08T12:33:58.862,6.396,2.879,5.648,-65,MOVEMENT,19
2026-09-08T12:33:59.393,5.165,2.879,5.648,-64,RECENT_MOVEMENT,19
2026-09-08T12:33:59.949,5.023,2.879,5.648,-66,RECENT_MOVEMENT,19
2026-09-08T12:34:00.512,4.222,2.879,5.648,-66,RECENT_MOVEMENT,19
2026-09-08T12:34:01.208,3.860,2.879,5.648,-67,RECENT_MOVEMENT,19
2026-09-08T12:34:01.728,4.423,2.879,5.648,-65,RECENT_MOVEMENT,19
2026-09-08T12:34:02.339,4.134,2.879,5.648,-66,RECENT_MOVEMENT,19
2026-09-08T12:34:03.093,3.862,2.879,5.648,-65,RECENT_MOVEMENT,19
2026-09-08T12:34:03.716,5.678,2.879,5.648,-70,RECENT_MOVEMENT,19
2026-09-08T12:34:04.309,7.522,2.879,5.648,-69,MOVEMENT,20
2026-09-08T12:34:04.921,7.324,2.879,5.648,-68,MOVEMENT,20
2026-09-08T12:34:05.509,8.336,2.879,5.648,-67,MOVEMENT,20
2026-09-08T12:34:06.134,4.434,2.879,5.648,-67,RECENT_MOVEMENT,20
2026-09-08T12:34:06.714,3.919,2.879,5.648,-67,RECENT_MOVEMENT,20
2026-09-08T12:34:07.307,4.742,2.879,5.648,-68,RECENT_MOVEMENT,20
2026-09-08T12:34:07.917,5.226,2.879,5.648,-69,RECENT_MOVEMENT,20
2026-09-08T12:34:08.566,6.400,2.879,5.648,-68,MOVEMENT,21
2026-09-08T12:34:09.153,7.338,2.879,5.648,-68,MOVEMENT,21
2026-09-08T12:34:09.804,4.456,2.879,5.648,-68,RECENT_MOVEMENT,21
2026-09-08T12:34:10.589,5.142,2.879,5.648,-68,RECENT_MOVEMENT,21
2026-09-08T12:34:11.252,4.902,2.879,5.648,-67,RECENT_MOVEMENT,21
2026-09-08T12:34:11.803,5.089,2.879,5.648,-69,RECENT_MOVEMENT,21
2026-09-08T12:34:12.396,4.453,2.879,5.648,-67,RECENT_MOVEMENT,21
2026-09-08T12:34:12.943,5.208,2.879,5.648,-69,RECENT_MOVEMENT,21
2026-09-08T12:34:13.576,4.485,2.879,5.648,-67,RECENT_MOVEMENT,21
2026-09-08T12:34:14.160,4.148,2.879,5.648,-67,RECENT_MOVEMENT,21
2026-09-08T12:34:14.767,4.400,2.879,5.648,-66,RECENT_MOVEMENT,21
2026-09-08T12:34:15.397,4.602,2.879,5.648,-66,RECENT_MOVEMENT,21
2026-09-08T12:34:16.029,3.569,2.879,5.648,-66,RECENT_MOVEMENT,21
2026-09-08T12:34:16.691,3.331,2.879,5.648,-66,RECENT_MOVEMENT,21
2026-09-08T12:34:17.375,3.252,2.879,5.648,-63,RECENT_MOVEMENT,21
2026-09-08T12:34:18.026,3.825,2.879,5.648,-66,RECENT_MOVEMENT,21
2026-09-08T12:34:18.872,3.885,2.879,5.648,-65,RECENT_MOVEMENT,21
2026-09-08T12:34:19.581,3.061,2.879,5.648,-64,RECENT_MOVEMENT,21
2026-09-08T12:34:20.197,3.696,2.879,5.648,-67,RECENT_MOVEMENT,21
2026-09-08T12:34:21.188,5.244,2.879,5.648,-67,RECENT_MOVEMENT,21
2026-09-08T12:34:21.800,6.281,2.879,5.648,-67,MOVEMENT,22
2026-09-08T12:34:22.434,4.320,2.879,5.648,-67,RECENT_MOVEMENT,22
2026-09-08T12:34:22.993,5.534,2.879,5.648,-60,RECENT_MOVEMENT,22
2026-09-08T12:34:23.604,5.328,2.879,5.648,-62,RECENT_MOVEMENT,22
2026-09-08T12:34:24.191,4.516,2.879,5.648,-61,RECENT_MOVEMENT,22
2026-09-08T12:34:24.767,3.763,2.879,5.648,-60,RECENT_MOVEMENT,22
2026-09-08T12:34:25.760,4.632,2.879,5.648,-63,RECENT_MOVEMENT,22
2026-09-08T12:34:26.274,5.227,2.879,5.648,-62,RECENT_MOVEMENT,22
2026-09-08T12:34:26.858,5.291,2.879,5.648,-62,RECENT_MOVEMENT,22
2026-09-08T12:34:27.860,4.287,2.879,5.648,-61,RECENT_MOVEMENT,22
2026-09-08T12:34:28.405,3.616,2.879,5.648,-61,RECENT_MOVEMENT,22
2026-09-08T12:34:28.954,3.605,2.879,5.648,-61,RECENT_MOVEMENT,22
2026-09-08T12:34:29.512,3.129,2.879,5.648,-62,RECENT_MOVEMENT,22
2026-09-08T12:34:30.071,2.685,2.879,5.648,-63,RECENT_MOVEMENT,22
2026-09-08T12:34:30.682,3.651,2.879,5.648,-62,RECENT_MOVEMENT,22
2026-09-08T12:34:31.250,4.631,2.879,5.648,-62,RECENT_MOVEMENT,22
2026-09-08T12:34:31.964,4.148,2.879,5.648,-62,RECENT_MOVEMENT,22
2026-09-08T12:34:32.492,3.353,2.879,5.648,-62,RECENT_MOVEMENT,22
2026-09-08T12:34:33.006,3.359,2.879,5.648,-62,RECENT_MOVEMENT,22
2026-09-08T12:34:33.577,4.519,2.879,5.648,-62,RECENT_MOVEMENT,22
2026-09-08T12:34:34.288,5.053,2.879,5.648,-65,RECENT_MOVEMENT,22
2026-09-08T12:34:35.210,3.834,2.879,5.648,-62,RECENT_MOVEMENT,22
2026-09-08T12:34:36.129,6.753,2.879,5.648,-64,MOVEMENT,23
2026-09-08T12:34:36.683,7.771,2.879,5.648,-64,MOVEMENT,23
2026-09-08T12:34:37.246,5.784,2.879,5.648,-63,MOVEMENT,23
2026-09-08T12:34:37.796,4.257,2.879,5.648,-62,RECENT_MOVEMENT,23
2026-09-08T12:34:38.346,4.106,2.879,5.648,-62,RECENT_MOVEMENT,23
2026-09-08T12:34:38.918,4.255,2.879,5.648,-62,RECENT_MOVEMENT,23
2026-09-08T12:34:39.451,3.208,2.879,5.648,-63,RECENT_MOVEMENT,23
2026-09-08T12:34:40.088,3.219,2.879,5.648,-63,RECENT_MOVEMENT,23
2026-09-08T12:34:40.660,4.012,2.879,5.648,-63,RECENT_MOVEMENT,23
2026-09-08T12:34:41.174,4.272,2.879,5.648,-65,RECENT_MOVEMENT,23
2026-09-08T12:34:41.789,5.738,2.879,5.648,-65,RECENT_MOVEMENT,23
2026-09-08T12:34:42.327,5.046,2.879,5.648,-65,RECENT_MOVEMENT,24
2026-09-08T12:34:42.911,3.936,2.879,5.648,-66,RECENT_MOVEMENT,24
2026-09-08T12:34:43.679,5.568,2.879,5.648,-65,RECENT_MOVEMENT,25
2026-09-08T12:34:44.246,5.542,2.879,5.648,-65,RECENT_MOVEMENT,25
2026-09-08T12:34:44.829,6.210,2.879,5.648,-63,MOVEMENT,26
2026-09-08T12:34:45.412,8.066,2.879,5.648,-65,MOVEMENT,26
2026-09-08T12:34:45.946,7.021,2.879,5.648,-64,MOVEMENT,26
2026-09-08T12:34:46.529,5.445,2.879,5.648,-67,RECENT_MOVEMENT,26
2026-09-08T12:34:47.143,10.323,2.879,5.648,-74,MOVEMENT,27
2026-09-08T12:34:47.719,14.606,2.879,5.648,-71,MOVEMENT,27
2026-09-08T12:34:48.315,13.118,2.879,5.648,-70,MOVEMENT,27
2026-09-08T12:34:48.890,18.155,2.879,5.648,-81,MOVEMENT,27
2026-09-08T12:34:49.939,28.484,2.879,5.648,-71,MOVEMENT,27
2026-09-08T12:34:50.645,27.605,2.879,5.648,-66,MOVEMENT,27
2026-09-08T12:34:51.276,9.583,2.879,5.648,-66,MOVEMENT,27
2026-09-08T12:34:51.840,14.879,2.879,5.648,-72,MOVEMENT,27
2026-09-08T12:34:52.395,25.182,2.879,5.648,-73,MOVEMENT,27
2026-09-08T12:34:53.019,23.348,2.879,5.648,-68,MOVEMENT,27
2026-09-08T12:34:53.755,28.619,2.879,5.648,-71,MOVEMENT,27
2026-09-08T12:34:54.469,20.720,2.879,5.648,-66,MOVEMENT,27
2026-09-08T12:34:55.422,10.159,2.879,5.648,-70,MOVEMENT,27
2026-09-08T12:34:56.028,11.349,2.879,5.648,-65,MOVEMENT,27
2026-09-08T12:34:56.617,11.020,2.879,5.648,-64,MOVEMENT,27
2026-09-08T12:34:57.446,6.475,2.879,5.648,-66,MOVEMENT,27
2026-09-08T12:34:57.963,8.000,2.879,5.648,-66,MOVEMENT,27
2026-09-08T12:34:58.533,9.177,2.879,5.648,-68,MOVEMENT,27
2026-09-08T12:34:59.034,10.129,2.879,5.648,-68,MOVEMENT,27
2026-09-08T12:34:59.632,10.401,2.879,5.648,-69,MOVEMENT,27
2026-09-08T12:35:00.193,12.246,2.879,5.648,-66,MOVEMENT,27
2026-09-08T12:35:00.693,13.023,2.879,5.648,-66,MOVEMENT,27
2026-09-08T12:35:01.287,5.674,2.879,5.648,-67,MOVEMENT,27
2026-09-08T12:35:01.918,6.047,2.879,5.648,-66,MOVEMENT,28
2026-09-08T12:35:02.478,7.722,2.879,5.648,-67,MOVEMENT,28
2026-09-08T12:35:03.129,6.750,2.879,5.648,-67,MOVEMENT,28
2026-09-08T12:35:03.765,8.160,2.879,5.648,-67,MOVEMENT,28
2026-09-08T12:35:04.309,10.013,2.879,5.648,-67,MOVEMENT,28
2026-09-08T12:35:04.968,14.957,2.879,5.648,-66,MOVEMENT,28
2026-09-08T12:35:05.746,14.389,2.879,5.648,-68,MOVEMENT,28
2026-09-08T12:35:06.368,10.848,2.879,5.648,-73,MOVEMENT,28
2026-09-08T12:35:06.960,9.141,2.879,5.648,-64,MOVEMENT,28
2026-09-08T12:35:07.561,6.721,2.879,5.648,-64,MOVEMENT,28
2026-09-08T12:35:08.179,5.580,2.879,5.648,-67,RECENT_MOVEMENT,28
2026-09-08T12:35:08.847,7.371,2.879,5.648,-68,MOVEMENT,29
2026-09-08T12:35:09.570,7.354,2.879,5.648,-63,MOVEMENT,29
2026-09-08T12:35:10.169,6.371,2.879,5.648,-66,MOVEMENT,29
2026-09-08T12:35:10.769,5.379,2.879,5.648,-61,RECENT_MOVEMENT,29
2026-09-08T12:35:11.439,5.682,2.879,5.648,-64,MOVEMENT,30
2026-09-08T12:35:12.010,4.630,2.879,5.648,-65,RECENT_MOVEMENT,30
2026-09-08T12:35:12.605,4.548,2.879,5.648,-62,RECENT_MOVEMENT,30
2026-09-08T12:35:13.222,8.211,2.879,5.648,-62,MOVEMENT,31
2026-09-08T12:35:13.880,6.932,2.879,5.648,-62,MOVEMENT,31
2026-09-08T12:35:14.688,2.712,2.879,5.648,-61,RECENT_MOVEMENT,31
2026-09-08T12:35:15.339,2.863,2.879,5.648,-61,RECENT_MOVEMENT,31
2026-09-08T12:35:15.949,2.642,2.879,5.648,-61,RECENT_MOVEMENT,31
2026-09-08T12:35:16.562,4.850,2.879,5.648,-65,RECENT_MOVEMENT,31
2026-09-08T12:35:17.216,7.417,2.879,5.648,-65,MOVEMENT,32
2026-09-08T12:35:17.792,9.527,2.879,5.648,-64,MOVEMENT,32
2026-09-08T12:35:18.423,8.720,2.879,5.648,-63,MOVEMENT,32
2026-09-08T12:35:18.927,5.702,2.879,5.648,-63,MOVEMENT,32
2026-09-08T12:35:19.442,9.040,2.879,5.648,-64,MOVEMENT,32
2026-09-08T12:35:20.018,7.356,2.879,5.648,-65,MOVEMENT,32
2026-09-08T12:35:20.556,7.211,2.879,5.648,-65,MOVEMENT,32
2026-09-08T12:35:21.160,5.437,2.879,5.648,-65,RECENT_MOVEMENT,32
2026-09-08T12:35:21.742,21.529,2.879,5.648,-77,MOVEMENT,33
2026-09-08T12:35:22.351,21.256,2.879,5.648,-71,MOVEMENT,33
2026-09-08T12:35:23.015,19.642,2.879,5.648,-72,MOVEMENT,33
2026-09-08T12:35:23.668,16.785,2.879,5.648,-73,MOVEMENT,33
2026-09-08T12:35:24.363,16.015,2.879,5.648,-70,MOVEMENT,33
2026-09-08T12:35:25.005,16.880,2.879,5.648,-68,MOVEMENT,33
2026-09-08T12:35:25.609,12.754,2.879,5.648,-66,MOVEMENT,33
2026-09-08T12:35:26.205,12.988,2.879,5.648,-66,MOVEMENT,33
2026-09-08T12:35:26.764,15.742,2.879,5.648,-64,MOVEMENT,33
2026-09-08T12:35:27.297,17.182,2.879,5.648,-63,MOVEMENT,33
2026-09-08T12:35:27.890,13.735,2.879,5.648,-63,MOVEMENT,33
2026-09-08T12:35:28.467,7.944,2.879,5.648,-64,MOVEMENT,33
2026-09-08T12:35:29.043,10.634,2.879,5.648,-62,MOVEMENT,33
2026-09-08T12:35:29.685,11.248,2.879,5.648,-65,MOVEMENT,33
2026-09-08T12:35:30.301,10.932,2.879,5.648,-64,MOVEMENT,33
2026-09-08T12:35:31.054,6.066,2.879,5.648,-63,MOVEMENT,33
2026-09-08T12:35:31.638,6.359,2.879,5.648,-65,MOVEMENT,33
2026-09-08T12:35:32.215,6.468,2.879,5.648,-64,MOVEMENT,33
2026-09-08T12:35:32.793,6.132,2.879,5.648,-63,MOVEMENT,33
2026-09-08T12:35:33.372,4.800,2.879,5.648,-60,RECENT_MOVEMENT,33
2026-09-08T12:35:33.917,5.575,2.879,5.648,-61,RECENT_MOVEMENT,33
2026-09-08T12:35:34.536,5.711,2.879,5.648,-63,RECENT_MOVEMENT,34
2026-09-08T12:35:35.142,4.115,2.879,5.648,-61,RECENT_MOVEMENT,35
2026-09-08T12:35:35.683,5.108,2.879,5.648,-61,RECENT_MOVEMENT,35
2026-09-08T12:35:36.233,6.905,2.879,5.648,-63,RECENT_MOVEMENT,35
2026-09-08T12:35:37.243,7.859,2.879,5.648,-63,MOVEMENT,36
2026-09-08T12:35:37.816,4.875,2.879,5.648,-63,RECENT_MOVEMENT,36
2026-09-08T12:35:38.429,2.983,2.879,5.648,-63,RECENT_MOVEMENT,36
2026-09-08T12:35:39.052,3.023,2.879,5.648,-62,RECENT_MOVEMENT,36
2026-09-08T12:35:39.664,4.639,2.879,5.648,-65,RECENT_MOVEMENT,36
2026-09-08T12:35:40.238,4.378,2.879,5.648,-64,RECENT_MOVEMENT,36
2026-09-08T12:35:40.819,4.066,2.879,5.648,-65,RECENT_MOVEMENT,36
2026-09-08T12:35:41.381,7.017,2.879,5.648,-65,MOVEMENT,37
2026-09-08T12:35:42.344,6.960,2.879,5.648,-65,MOVEMENT,37
2026-09-08T12:35:42.968,4.299,2.879,5.648,-65,RECENT_MOVEMENT,37
2026-09-08T12:35:43.520,4.943,2.879,5.648,-66,RECENT_MOVEMENT,37
2026-09-08T12:35:44.115,4.493,2.879,5.648,-66,RECENT_MOVEMENT,37
2026-09-08T12:35:44.707,4.587,2.879,5.648,-66,RECENT_MOVEMENT,37
2026-09-08T12:35:45.267,4.350,2.879,5.648,-66,RECENT_MOVEMENT,37
2026-09-08T12:35:45.827,4.487,2.879,5.648,-66,RECENT_MOVEMENT,37
2026-09-08T12:35:46.788,4.825,2.879,5.648,-63,RECENT_MOVEMENT,37
2026-09-08T12:35:47.321,4.258,2.879,5.648,-64,RECENT_MOVEMENT,37
2026-09-08T12:35:47.936,3.824,2.879,5.648,-64,RECENT_MOVEMENT,37
2026-09-08T12:35:48.541,3.140,2.879,5.648,-63,RECENT_MOVEMENT,37
2026-09-08T12:35:49.183,5.452,2.879,5.648,-63,RECENT_MOVEMENT,37
2026-09-08T12:35:49.819,6.387,2.879,5.648,-67,MOVEMENT,38
2026-09-08T12:35:50.419,5.783,2.879,5.648,-65,MOVEMENT,38
2026-09-08T12:35:51.066,5.963,2.879,5.648,-65,MOVEMENT,38
2026-09-08T12:35:51.977,4.262,2.879,5.648,-66,RECENT_MOVEMENT,38
2026-09-08T12:35:52.658,3.599,2.879,5.648,-67,RECENT_MOVEMENT,38
2026-09-08T12:35:53.298,5.810,2.879,5.648,-67,MOVEMENT,39
2026-09-08T12:35:53.923,7.455,2.879,5.648,-68,MOVEMENT,39
2026-09-08T12:35:54.547,6.789,2.879,5.648,-66,MOVEMENT,39
2026-09-08T12:35:55.204,5.912,2.879,5.648,-67,MOVEMENT,39
2026-09-08T12:35:55.813,4.647,2.879,5.648,-67,RECENT_MOVEMENT,39
2026-09-08T12:35:56.447,5.807,2.879,5.648,-64,RECENT_MOVEMENT,39
2026-09-08T12:35:57.158,6.567,2.879,5.648,-64,MOVEMENT,40
2026-09-08T12:35:57.702,5.480,2.879,5.648,-62,RECENT_MOVEMENT,40
2026-09-08T12:35:58.348,4.904,2.879,5.648,-63,RECENT_MOVEMENT,40
2026-09-08T12:35:58.879,3.475,2.879,5.648,-63,RECENT_MOVEMENT,40
2026-09-08T12:35:59.960,3.043,2.879,5.648,-64,RECENT_MOVEMENT,40
2026-09-08T12:36:00.557,2.907,2.879,5.648,-64,RECENT_MOVEMENT,40
2026-09-08T12:36:01.156,3.028,2.879,5.648,-64,RECENT_MOVEMENT,40
2026-09-08T12:36:01.760,3.428,2.879,5.648,-66,RECENT_MOVEMENT,40
2026-09-08T12:36:02.475,6.686,2.879,5.648,-71,RECENT_MOVEMENT,40
2026-09-08T12:36:03.162,7.220,2.879,5.648,-70,MOVEMENT,41
2026-09-08T12:36:03.903,6.655,2.879,5.648,-67,MOVEMENT,41
2026-09-08T12:36:04.542,4.514,2.879,5.648,-68,RECENT_MOVEMENT,41
2026-09-08T12:36:05.348,4.968,2.879,5.648,-67,RECENT_MOVEMENT,41
2026-09-08T12:36:06.381,3.765,2.879,5.648,-67,RECENT_MOVEMENT,41
2026-09-08T12:36:07.248,5.044,2.879,5.648,-69,RECENT_MOVEMENT,41
2026-09-08T12:36:07.859,5.131,2.879,5.648,-67,RECENT_MOVEMENT,41
2026-09-08T12:36:08.458,6.863,2.879,5.648,-65,RECENT_MOVEMENT,41
2026-09-08T12:36:09.033,6.725,2.879,5.648,-66,MOVEMENT,42
2026-09-08T12:36:09.592,6.973,2.879,5.648,-66,MOVEMENT,42
2026-09-08T12:36:10.191,4.748,2.879,5.648,-68,RECENT_MOVEMENT,42
2026-09-08T12:36:10.737,4.663,2.879,5.648,-68,RECENT_MOVEMENT,42
2026-09-08T12:36:11.324,5.474,2.879,5.648,-64,RECENT_MOVEMENT,42
2026-09-08T12:36:11.965,5.509,2.879,5.648,-66,RECENT_MOVEMENT,42
2026-09-08T12:36:12.539,4.577,2.879,5.648,-66,RECENT_MOVEMENT,42
2026-09-08T12:36:13.143,4.645,2.879,5.648,-66,RECENT_MOVEMENT,42
2026-09-08T12:36:13.824,3.641,2.879,5.648,-65,RECENT_MOVEMENT,42
2026-09-08T12:36:14.389,4.048,2.879,5.648,-67,RECENT_MOVEMENT,42
2026-09-08T12:36:14.950,4.351,2.879,5.648,-67,RECENT_MOVEMENT,42
2026-09-08T12:36:15.592,4.399,2.879,5.648,-66,RECENT_MOVEMENT,42
2026-09-08T12:36:16.155,4.238,2.879,5.648,-65,RECENT_MOVEMENT,42
2026-09-08T12:36:16.732,3.983,2.879,5.648,-66,RECENT_MOVEMENT,42
2026-09-08T12:36:17.283,5.185,2.879,5.648,-65,RECENT_MOVEMENT,42
2026-09-08T12:36:17.845,4.619,2.879,5.648,-66,RECENT_MOVEMENT,42
2026-09-08T12:36:18.718,5.295,2.879,5.648,-64,RECENT_MOVEMENT,42
2026-09-08T12:36:19.342,4.556,2.879,5.648,-65,RECENT_MOVEMENT,42
2026-09-08T12:36:19.973,4.102,2.879,5.648,-66,RECENT_MOVEMENT,42
2026-09-08T12:36:20.531,3.023,2.879,5.648,-66,RECENT_MOVEMENT,42
2026-09-08T12:36:21.183,2.993,2.879,5.648,-66,RECENT_MOVEMENT,42
2026-09-08T12:36:21.731,2.696,2.879,5.648,-67,RECENT_MOVEMENT,42
2026-09-08T12:36:22.401,3.791,2.879,5.648,-67,RECENT_MOVEMENT,42
2026-09-08T12:36:23.019,3.411,2.879,5.648,-65,RECENT_MOVEMENT,42
2026-09-08T12:36:23.656,3.839,2.879,5.648,-64,RECENT_MOVEMENT,42
2026-09-08T12:36:24.236,3.393,2.879,5.648,-64,RECENT_MOVEMENT,42
2026-09-08T12:36:24.855,3.470,2.879,5.648,-64,RECENT_MOVEMENT,42
2026-09-08T12:36:25.508,3.555,2.879,5.648,-64,RECENT_MOVEMENT,42
2026-09-08T12:36:26.380,3.527,2.879,5.648,-66,RECENT_MOVEMENT,42
2026-09-08T12:36:27.208,2.977,2.879,5.648,-65,RECENT_MOVEMENT,42
2026-09-08T12:36:27.830,3.188,2.879,5.648,-64,RECENT_MOVEMENT,42
2026-09-08T12:36:28.468,3.426,2.879,5.648,-64,RECENT_MOVEMENT,42
2026-09-08T12:36:29.144,3.381,2.879,5.648,-64,RECENT_MOVEMENT,42
2026-09-08T12:36:29.775,3.607,2.879,5.648,-64,RECENT_MOVEMENT,42
2026-09-08T12:36:30.475,4.427,2.879,5.648,-65,RECENT_MOVEMENT,42
2026-09-08T12:36:31.153,4.124,2.879,5.648,-65,RECENT_MOVEMENT,42
2026-09-08T12:36:31.770,3.554,2.879,5.648,-65,RECENT_MOVEMENT,42
2026-09-08T12:36:32.453,5.737,2.879,5.648,-64,RECENT_MOVEMENT,42
2026-09-08T12:36:33.063,5.048,2.879,5.648,-64,RECENT_MOVEMENT,43
2026-09-08T12:36:33.680,5.125,2.879,5.648,-64,RECENT_MOVEMENT,43
2026-09-08T12:36:34.317,5.961,2.879,5.648,-64,MOVEMENT,44
2026-09-08T12:36:34.946,5.707,2.879,5.648,-64,MOVEMENT,44
2026-09-08T12:36:35.547,4.950,2.879,5.648,-64,RECENT_MOVEMENT,44
2026-09-08T12:36:36.250,3.169,2.879,5.648,-64,RECENT_MOVEMENT,44
2026-09-08T12:36:36.930,3.689,2.879,5.648,-63,RECENT_MOVEMENT,44
2026-09-08T12:36:37.571,3.755,2.879,5.648,-62,RECENT_MOVEMENT,44
2026-09-08T12:36:38.214,4.364,2.879,5.648,-64,RECENT_MOVEMENT,44
2026-09-08T12:36:38.855,3.697,2.879,5.648,-63,RECENT_MOVEMENT,44
2026-09-08T12:36:39.496,3.260,2.879,5.648,-64,RECENT_MOVEMENT,44
2026-09-08T12:36:40.168,3.493,2.879,5.648,-64,RECENT_MOVEMENT,44
2026-09-08T12:36:40.836,3.575,2.879,5.648,-63,RECENT_MOVEMENT,44
2026-09-08T12:36:41.485,3.501,2.879,5.648,-63,RECENT_MOVEMENT,44
2026-09-08T12:36:42.284,3.329,2.879,5.648,-63,RECENT_MOVEMENT,44
2026-09-08T12:36:42.897,3.263,2.879,5.648,-63,RECENT_MOVEMENT,44
2026-09-08T12:36:43.528,3.663,2.879,5.648,-64,RECENT_MOVEMENT,44
2026-09-08T12:36:44.133,4.463,2.879,5.648,-58,RECENT_MOVEMENT,44
2026-09-08T12:36:44.652,4.512,2.879,5.648,-61,RECENT_MOVEMENT,44
2026-09-08T12:36:45.219,5.045,2.879,5.648,-63,RECENT_MOVEMENT,44
2026-09-08T12:36:45.836,4.656,2.879,5.648,-62,RECENT_MOVEMENT,44
2026-09-08T12:36:46.451,4.905,2.879,5.648,-61,RECENT_MOVEMENT,44
2026-09-08T12:36:46.982,4.418,2.879,5.648,-61,RECENT_MOVEMENT,44
2026-09-08T12:36:47.539,4.846,2.879,5.648,-63,RECENT_MOVEMENT,44
2026-09-08T12:36:48.190,7.272,2.879,5.648,-64,MOVEMENT,45
2026-09-08T12:36:48.788,4.843,2.879,5.648,-63,RECENT_MOVEMENT,45
2026-09-08T12:36:49.374,4.025,2.879,5.648,-64,RECENT_MOVEMENT,45
2026-09-08T12:36:50.084,4.064,2.879,5.648,-61,RECENT_MOVEMENT,45
2026-09-08T12:36:50.791,4.528,2.879,5.648,-62,RECENT_MOVEMENT,45
2026-09-08T12:36:51.336,4.060,2.879,5.648,-64,RECENT_MOVEMENT,45
2026-09-08T12:36:51.884,3.833,2.879,5.648,-60,RECENT_MOVEMENT,45
2026-09-08T12:36:52.443,4.507,2.879,5.648,-62,RECENT_MOVEMENT,45
2026-09-08T12:36:53.056,7.539,2.879,5.648,-62,MOVEMENT,46
2026-09-08T12:36:53.599,7.452,2.879,5.648,-63,MOVEMENT,46
2026-09-08T12:36:54.182,6.148,2.879,5.648,-61,MOVEMENT,46
2026-09-08T12:36:54.748,6.018,2.879,5.648,-61,MOVEMENT,46
2026-09-08T12:36:55.358,3.433,2.879,5.648,-63,RECENT_MOVEMENT,46
2026-09-08T12:36:55.983,3.373,2.879,5.648,-62,RECENT_MOVEMENT,46
2026-09-08T12:36:56.590,4.867,2.879,5.648,-61,RECENT_MOVEMENT,46
2026-09-08T12:36:57.232,8.684,2.879,5.648,-66,MOVEMENT,47
2026-09-08T12:36:57.826,11.642,2.879,5.648,-61,MOVEMENT,47
2026-09-08T12:36:58.476,11.309,2.879,5.648,-61,MOVEMENT,47
2026-09-08T12:36:59.091,8.789,2.879,5.648,-61,MOVEMENT,47
2026-09-08T12:36:59.709,5.627,2.879,5.648,-62,RECENT_MOVEMENT,47
2026-09-08T12:37:00.327,4.079,2.879,5.648,-62,RECENT_MOVEMENT,47
2026-09-08T12:37:00.967,3.532,2.879,5.648,-62,RECENT_MOVEMENT,47
2026-09-08T12:37:01.612,4.165,2.879,5.648,-66,RECENT_MOVEMENT,47
2026-09-08T12:37:02.244,5.102,2.879,5.648,-64,RECENT_MOVEMENT,47
2026-09-08T12:37:02.878,7.693,2.879,5.648,-64,MOVEMENT,48
2026-09-08T12:37:03.659,7.595,2.879,5.648,-67,MOVEMENT,48
2026-09-08T12:37:04.310,5.554,2.879,5.648,-68,RECENT_MOVEMENT,48
2026-09-08T12:37:04.937,5.248,2.879,5.648,-65,RECENT_MOVEMENT,48
2026-09-08T12:37:05.543,5.175,2.879,5.648,-71,RECENT_MOVEMENT,48
2026-09-08T12:37:06.091,5.441,2.879,5.648,-67,RECENT_MOVEMENT,48
2026-09-08T12:37:06.612,4.809,2.879,5.648,-67,RECENT_MOVEMENT,48
2026-09-08T12:37:07.252,4.240,2.879,5.648,-70,RECENT_MOVEMENT,48
2026-09-08T12:37:07.821,4.340,2.879,5.648,-67,RECENT_MOVEMENT,48
2026-09-08T12:37:08.384,5.930,2.879,5.648,-66,MOVEMENT,49
2026-09-08T12:37:09.024,5.877,2.879,5.648,-67,MOVEMENT,49
2026-09-08T12:37:09.784,4.967,2.879,5.648,-66,RECENT_MOVEMENT,49
2026-09-08T12:37:10.498,4.863,2.879,5.648,-66,RECENT_MOVEMENT,49
2026-09-08T12:37:11.220,4.089,2.879,5.648,-66,RECENT_MOVEMENT,49
2026-09-08T12:37:11.990,4.337,2.879,5.648,-65,RECENT_MOVEMENT,49
2026-09-08T12:37:13.030,3.363,2.879,5.648,-66,RECENT_MOVEMENT,49
2026-09-08T12:37:13.666,3.359,2.879,5.648,-65,RECENT_MOVEMENT,49
2026-09-08T12:37:14.271,3.961,2.879,5.648,-64,RECENT_MOVEMENT,49
2026-09-08T12:37:14.789,5.056,2.879,5.648,-65,RECENT_MOVEMENT,49
2026-09-08T12:37:15.657,4.972,2.879,5.648,-66,RECENT_MOVEMENT,49
2026-09-08T12:37:16.293,4.525,2.879,5.648,-65,RECENT_MOVEMENT,49
2026-09-08T12:37:17.294,4.504,2.879,5.648,-67,RECENT_MOVEMENT,49
2026-09-08T12:37:17.925,5.719,2.879,5.648,-65,MOVEMENT,50
2026-09-08T12:37:18.563,5.291,2.879,5.648,-65,RECENT_MOVEMENT,50
2026-09-08T12:37:19.092,5.905,2.879,5.648,-64,MOVEMENT,51
2026-09-08T12:37:20.051,4.372,2.879,5.648,-67,RECENT_MOVEMENT,51
2026-09-08T12:37:20.571,4.815,2.879,5.648,-67,RECENT_MOVEMENT,51
2026-09-08T12:37:21.500,4.728,2.879,5.648,-66,RECENT_MOVEMENT,51
2026-09-08T12:37:22.366,5.451,2.879,5.648,-67,RECENT_MOVEMENT,51
2026-09-08T12:37:23.256,4.240,2.879,5.648,-67,RECENT_MOVEMENT,51
2026-09-08T12:37:24.138,4.311,2.879,5.648,-67,RECENT_MOVEMENT,51
2026-09-08T12:37:24.872,5.200,2.879,5.648,-68,RECENT_MOVEMENT,51
2026-09-08T12:37:25.786,4.217,2.879,5.648,-69,RECENT_MOVEMENT,51
2026-09-08T12:37:26.588,4.412,2.879,5.648,-69,RECENT_MOVEMENT,51
2026-09-08T12:37:27.373,3.695,2.879,5.648,-69,RECENT_MOVEMENT,51
2026-09-08T12:37:27.888,3.800,2.879,5.648,-69,RECENT_MOVEMENT,51
2026-09-08T12:37:28.454,4.773,2.879,5.648,-70,RECENT_MOVEMENT,51
2026-09-08T12:37:29.050,12.889,2.879,5.648,-73,MOVEMENT,52
2026-09-08T12:37:29.640,13.092,2.879,5.648,-69,MOVEMENT,52
2026-09-08T12:37:30.440,15.113,2.879,5.648,-64,MOVEMENT,52
2026-09-08T12:37:31.039,14.230,2.879,5.648,-67,MOVEMENT,52
2026-09-08T12:37:31.722,10.414,2.879,5.648,-72,MOVEMENT,52
2026-09-08T12:37:32.350,10.325,2.879,5.648,-71,MOVEMENT,52
2026-09-08T12:37:32.980,10.013,2.879,5.648,-70,MOVEMENT,52
2026-09-08T12:37:33.544,8.382,2.879,5.648,-76,MOVEMENT,52
2026-09-08T12:37:34.191,8.742,2.879,5.648,-69,MOVEMENT,52
2026-09-08T12:37:34.808,7.452,2.879,5.648,-70,MOVEMENT,52
2026-09-08T12:37:35.394,9.610,2.879,5.648,-73,MOVEMENT,52
2026-09-08T12:37:36.157,12.961,2.879,5.648,-64,MOVEMENT,52
2026-09-08T12:37:36.757,16.042,2.879,5.648,-72,MOVEMENT,52
2026-09-08T12:37:37.364,13.747,2.879,5.648,-70,MOVEMENT,52
2026-09-08T12:37:38.133,8.443,2.879,5.648,-73,MOVEMENT,52
2026-09-08T12:37:38.801,11.584,2.879,5.648,-70,MOVEMENT,52
2026-09-08T12:37:39.325,11.464,2.879,5.648,-69,MOVEMENT,52
2026-09-08T12:37:39.866,9.750,2.879,5.648,-68,MOVEMENT,52
2026-09-08T12:37:40.390,8.158,2.879,5.648,-69,MOVEMENT,52
2026-09-08T12:37:40.987,6.292,2.879,5.648,-69,MOVEMENT,52
2026-09-08T12:37:41.535,5.663,2.879,5.648,-66,RECENT_MOVEMENT,52
2026-09-08T12:37:42.204,9.485,2.879,5.648,-68,MOVEMENT,53
2026-09-08T12:37:42.864,19.592,2.879,5.648,-67,MOVEMENT,53
2026-09-08T12:37:43.390,19.093,2.879,5.648,-68,MOVEMENT,53
2026-09-08T12:37:43.931,20.605,2.879,5.648,-71,MOVEMENT,53
2026-09-08T12:37:44.508,9.989,2.879,5.648,-63,MOVEMENT,53
2026-09-08T12:37:45.109,9.009,2.879,5.648,-65,MOVEMENT,53
2026-09-08T12:37:45.691,7.708,2.879,5.648,-64,MOVEMENT,53
2026-09-08T12:37:46.740,9.656,2.879,5.648,-64,MOVEMENT,53
2026-09-08T12:37:47.723,8.133,2.879,5.648,-63,MOVEMENT,53
2026-09-08T12:37:48.763,4.677,2.879,5.648,-65,RECENT_MOVEMENT,53
2026-09-08T12:37:49.814,5.298,2.879,5.648,-65,RECENT_MOVEMENT,53
2026-09-08T12:37:50.335,6.490,2.879,5.648,-64,MOVEMENT,54
2026-09-08T12:37:50.914,4.692,2.879,5.648,-64,RECENT_MOVEMENT,54
2026-09-08T12:37:51.509,4.255,2.879,5.648,-61,RECENT_MOVEMENT,54
2026-09-08T12:37:52.194,3.916,2.879,5.648,-61,RECENT_MOVEMENT,54
2026-09-08T12:37:52.779,3.318,2.879,5.648,-61,RECENT_MOVEMENT,54
2026-09-08T12:37:53.323,2.738,2.879,5.648,-61,RECENT_MOVEMENT,54
2026-09-08T12:37:53.899,2.934,2.879,5.648,-63,RECENT_MOVEMENT,54
2026-09-08T12:37:54.475,4.978,2.879,5.648,-62,RECENT_MOVEMENT,54
2026-09-08T12:37:55.064,5.306,2.879,5.648,-62,RECENT_MOVEMENT,54
2026-09-08T12:37:55.704,5.223,2.879,5.648,-62,RECENT_MOVEMENT,54
2026-09-08T12:37:56.261,3.539,2.879,5.648,-63,RECENT_MOVEMENT,54
2026-09-08T12:37:56.834,3.260,2.879,5.648,-62,RECENT_MOVEMENT,54
2026-09-08T12:37:57.396,5.134,2.879,5.648,-66,RECENT_MOVEMENT,54
2026-09-08T12:37:57.970,5.713,2.879,5.648,-62,RECENT_MOVEMENT,54
2026-09-08T12:37:59.001,6.964,2.879,5.648,-62,MOVEMENT,55
2026-09-08T12:37:59.612,7.733,2.879,5.648,-66,MOVEMENT,55
2026-09-08T12:38:00.166,7.279,2.879,5.648,-61,MOVEMENT,55
2026-09-08T12:38:00.706,6.918,2.879,5.648,-62,MOVEMENT,55
2026-09-08T12:38:01.300,5.563,2.879,5.648,-63,RECENT_MOVEMENT,55
2026-09-08T12:38:01.861,5.371,2.879,5.648,-63,RECENT_MOVEMENT,55
2026-09-08T12:38:02.512,9.037,2.879,5.648,-67,MOVEMENT,56
2026-09-08T12:38:03.074,10.646,2.879,5.648,-68,MOVEMENT,56
2026-09-08T12:38:03.628,7.131,2.879,5.648,-67,MOVEMENT,56
2026-09-08T12:38:04.361,4.861,2.879,5.648,-67,RECENT_MOVEMENT,56
2026-09-08T12:38:05.355,4.765,2.879,5.648,-66,RECENT_MOVEMENT,56
2026-09-08T12:38:05.903,4.504,2.879,5.648,-66,RECENT_MOVEMENT,56
2026-09-08T12:38:06.481,4.367,2.879,5.648,-64,RECENT_MOVEMENT,56
2026-09-08T12:38:07.479,5.901,2.879,5.648,-64,MOVEMENT,57
2026-09-08T12:38:08.490,3.848,2.879,5.648,-66,RECENT_MOVEMENT,57
2026-09-08T12:38:09.471,3.869,2.879,5.648,-64,RECENT_MOVEMENT,57
2026-09-08T12:38:10.089,4.125,2.879,5.648,-65,RECENT_MOVEMENT,57
2026-09-08T12:38:10.639,4.136,2.879,5.648,-65,RECENT_MOVEMENT,57
2026-09-08T12:38:11.224,6.214,2.879,5.648,-64,MOVEMENT,58
2026-09-08T12:38:11.790,6.435,2.879,5.648,-64,MOVEMENT,58
2026-09-08T12:38:12.337,5.041,2.879,5.648,-64,RECENT_MOVEMENT,58
2026-09-08T12:38:12.918,4.675,2.879,5.648,-64,RECENT_MOVEMENT,58
2026-09-08T12:38:13.514,5.309,2.879,5.648,-64,RECENT_MOVEMENT,58
2026-09-08T12:38:14.479,3.447,2.879,5.648,-64,RECENT_MOVEMENT,58
2026-09-08T12:38:15.510,3.776,2.879,5.648,-62,RECENT_MOVEMENT,58
2026-09-08T12:38:16.091,3.547,2.879,5.648,-62,RECENT_MOVEMENT,58
2026-09-08T12:38:16.628,3.154,2.879,5.648,-62,RECENT_MOVEMENT,58
2026-09-08T12:38:17.171,3.426,2.879,5.648,-63,RECENT_MOVEMENT,58
2026-09-08T12:38:17.689,4.179,2.879,5.648,-62,RECENT_MOVEMENT,58
2026-09-08T12:38:18.237,4.879,2.879,5.648,-62,RECENT_MOVEMENT,58
2026-09-08T12:38:18.824,3.788,2.879,5.648,-62,RECENT_MOVEMENT,58
2026-09-08T12:38:19.404,3.176,2.879,5.648,-63,RECENT_MOVEMENT,58
2026-09-08T12:38:19.932,3.475,2.879,5.648,-62,RECENT_MOVEMENT,58
2026-09-08T12:38:20.507,4.329,2.879,5.648,-63,RECENT_MOVEMENT,58
2026-09-08T12:38:21.038,5.093,2.879,5.648,-63,RECENT_MOVEMENT,58
2026-09-08T12:38:21.592,5.332,2.879,5.648,-63,RECENT_MOVEMENT,58
2026-09-08T12:38:22.156,4.429,2.879,5.648,-63,RECENT_MOVEMENT,58
2026-09-08T12:38:22.737,3.581,2.879,5.648,-65,RECENT_MOVEMENT,58
2026-09-08T12:38:23.310,2.839,2.879,5.648,-64,RECENT_MOVEMENT,58
2026-09-08T12:38:23.907,4.162,2.879,5.648,-67,RECENT_MOVEMENT,58
2026-09-08T12:38:24.456,4.739,2.879,5.648,-65,RECENT_MOVEMENT,58
2026-09-08T12:38:25.492,4.926,2.879,5.648,-64,RECENT_MOVEMENT,58
2026-09-08T12:38:26.020,5.423,2.879,5.648,-66,RECENT_MOVEMENT,58
2026-09-08T12:38:26.573,6.165,2.879,5.648,-67,MOVEMENT,59
2026-09-08T12:38:27.169,6.468,2.879,5.648,-66,MOVEMENT,59
2026-09-08T12:38:27.729,6.824,2.879,5.648,-66,MOVEMENT,59
2026-09-08T12:38:28.358,4.289,2.879,5.648,-66,RECENT_MOVEMENT,59
2026-09-08T12:38:28.951,3.730,2.879,5.648,-67,RECENT_MOVEMENT,59
2026-09-08T12:38:29.452,4.458,2.879,5.648,-67,RECENT_MOVEMENT,59
2026-09-08T12:38:29.986,5.664,2.879,5.648,-67,RECENT_MOVEMENT,59
2026-09-08T12:38:30.518,6.472,2.879,5.648,-67,MOVEMENT,60
2026-09-08T12:38:31.174,6.373,2.879,5.648,-68,MOVEMENT,60
2026-09-08T12:38:31.741,6.161,2.879,5.648,-67,MOVEMENT,60
2026-09-08T12:38:32.303,6.418,2.879,5.648,-64,MOVEMENT,60
2026-09-08T12:38:32.895,5.377,2.879,5.648,-62,RECENT_MOVEMENT,60
2026-09-08T12:38:33.474,4.964,2.879,5.648,-62,RECENT_MOVEMENT,60
2026-09-08T12:38:34.053,3.803,2.879,5.648,-63,RECENT_MOVEMENT,60
2026-09-08T12:38:34.629,3.126,2.879,5.648,-62,RECENT_MOVEMENT,60
2026-09-08T12:38:35.230,3.661,2.879,5.648,-62,RECENT_MOVEMENT,60
2026-09-08T12:38:35.815,3.547,2.879,5.648,-62,RECENT_MOVEMENT,60
2026-09-08T12:38:36.391,3.137,2.879,5.648,-61,RECENT_MOVEMENT,60
2026-09-08T12:38:36.988,3.578,2.879,5.648,-64,RECENT_MOVEMENT,60
2026-09-08T12:38:37.923,5.567,2.879,5.648,-66,RECENT_MOVEMENT,60
2026-09-08T12:38:38.789,5.554,2.879,5.648,-67,RECENT_MOVEMENT,60
2026-09-08T12:38:39.368,5.846,2.879,5.648,-67,MOVEMENT,61
2026-09-08T12:38:39.967,4.461,2.879,5.648,-65,RECENT_MOVEMENT,61
2026-09-08T12:38:40.622,5.538,2.879,5.648,-69,RECENT_MOVEMENT,61
2026-09-08T12:38:41.226,5.683,2.879,5.648,-68,MOVEMENT,62
2026-09-08T12:38:41.833,6.231,2.879,5.648,-70,MOVEMENT,62
2026-09-08T12:38:42.414,6.720,2.879,5.648,-71,MOVEMENT,62
2026-09-08T12:38:42.965,5.776,2.879,5.648,-70,MOVEMENT,62
2026-09-08T12:38:43.587,6.114,2.879,5.648,-67,MOVEMENT,62
2026-09-08T12:38:44.175,6.600,2.879,5.648,-68,MOVEMENT,62
2026-09-08T12:38:44.718,5.476,2.879,5.648,-68,RECENT_MOVEMENT,62
2026-09-08T12:38:45.288,11.583,2.879,5.648,-73,MOVEMENT,63
2026-09-08T12:38:45.840,12.017,2.879,5.648,-71,MOVEMENT,63
2026-09-08T12:38:46.413,11.805,2.879,5.648,-70,MOVEMENT,63
2026-09-08T12:38:46.968,13.084,2.879,5.648,-68,MOVEMENT,63
2026-09-08T12:38:47.608,8.079,2.879,5.648,-73,MOVEMENT,63
2026-09-08T12:38:48.170,10.328,2.879,5.648,-72,MOVEMENT,63
2026-09-08T12:38:48.753,10.385,2.879,5.648,-71,MOVEMENT,63
2026-09-08T12:38:49.393,14.595,2.879,5.648,-72,MOVEMENT,63
2026-09-08T12:38:50.009,13.961,2.879,5.648,-66,MOVEMENT,63
2026-09-08T12:38:50.588,16.690,2.879,5.648,-71,MOVEMENT,63
2026-09-08T12:38:51.213,18.168,2.879,5.648,-78,MOVEMENT,63
2026-09-08T12:38:51.759,11.147,2.879,5.648,-72,MOVEMENT,63
2026-09-08T12:38:52.340,13.010,2.879,5.648,-72,MOVEMENT,63
2026-09-08T12:38:52.909,17.274,2.879,5.648,-69,MOVEMENT,63
2026-09-08T12:38:53.460,18.727,2.879,5.648,-71,MOVEMENT,63
2026-09-08T12:38:54.050,18.376,2.879,5.648,-69,MOVEMENT,63
2026-09-08T12:38:55.050,12.292,2.879,5.648,-68,MOVEMENT,63
2026-09-08T12:38:55.574,9.923,2.879,5.648,-69,MOVEMENT,63
2026-09-08T12:38:56.137,13.165,2.879,5.648,-70,MOVEMENT,63
2026-09-08T12:38:56.761,12.664,2.879,5.648,-68,MOVEMENT,63
2026-09-08T12:38:57.328,8.774,2.879,5.648,-69,MOVEMENT,63
2026-09-08T12:38:57.927,6.772,2.879,5.648,-71,MOVEMENT,63
2026-09-08T12:38:58.505,13.290,2.879,5.648,-71,MOVEMENT,63
2026-09-08T12:38:59.140,13.752,2.879,5.648,-69,MOVEMENT,63
2026-09-08T12:38:59.770,11.904,2.879,5.648,-69,MOVEMENT,63
2026-09-08T12:39:00.396,16.582,2.879,5.648,-72,MOVEMENT,63
2026-09-08T12:39:01.059,15.900,2.879,5.648,-68,MOVEMENT,63
2026-09-08T12:39:01.695,9.348,2.879,5.648,-68,MOVEMENT,63
2026-09-08T12:39:02.240,5.646,2.879,5.648,-71,RECENT_MOVEMENT,63
2026-09-08T12:39:03.275,5.404,2.879,5.648,-67,RECENT_MOVEMENT,63
2026-09-08T12:39:03.866,5.611,2.879,5.648,-66,RECENT_MOVEMENT,64
2026-09-08T12:39:04.401,4.641,2.879,5.648,-67,RECENT_MOVEMENT,64
2026-09-08T12:39:05.436,6.094,2.879,5.648,-67,MOVEMENT,65
2026-09-08T12:39:06.169,9.654,2.879,5.648,-68,MOVEMENT,65
2026-09-08T12:39:06.755,8.145,2.879,5.648,-68,MOVEMENT,65
2026-09-08T12:39:07.400,6.938,2.879,5.648,-70,MOVEMENT,65
2026-09-08T12:39:07.971,10.621,2.879,5.648,-71,MOVEMENT,65
2026-09-08T12:39:08.527,11.812,2.879,5.648,-71,MOVEMENT,65
2026-09-08T12:39:09.120,11.498,2.879,5.648,-71,MOVEMENT,65
2026-09-08T12:39:09.700,10.494,2.879,5.648,-71,MOVEMENT,65
2026-09-08T12:39:10.319,9.601,2.879,5.648,-70,MOVEMENT,65
2026-09-08T12:39:10.893,9.692,2.879,5.648,-67,MOVEMENT,65
2026-09-08T12:39:11.518,9.504,2.879,5.648,-71,MOVEMENT,65
2026-09-08T12:39:12.075,10.504,2.879,5.648,-73,MOVEMENT,65
2026-09-08T12:39:12.596,11.064,2.879,5.648,-72,MOVEMENT,65
2026-09-08T12:39:13.153,19.982,2.879,5.648,-71,MOVEMENT,65
2026-09-08T12:39:14.149,20.364,2.879,5.648,-71,MOVEMENT,65
2026-09-08T12:39:15.116,11.091,2.879,5.648,-67,MOVEMENT,65
2026-09-08T12:39:15.623,11.660,2.879,5.648,-66,MOVEMENT,65
2026-09-08T12:39:16.239,11.239,2.879,5.648,-68,MOVEMENT,65
2026-09-08T12:39:16.817,5.109,2.879,5.648,-67,RECENT_MOVEMENT,65
2026-09-08T12:39:17.404,5.319,2.879,5.648,-65,RECENT_MOVEMENT,65
2026-09-08T12:39:18.051,5.370,2.879,5.648,-69,RECENT_MOVEMENT,65
2026-09-08T12:39:19.013,6.070,2.879,5.648,-69,MOVEMENT,66
2026-09-08T12:39:19.695,7.461,2.879,5.648,-67,MOVEMENT,66
2026-09-08T12:39:20.195,7.024,2.879,5.648,-65,MOVEMENT,66
2026-09-08T12:39:20.780,5.298,2.879,5.648,-65,RECENT_MOVEMENT,66
2026-09-08T12:39:21.317,7.949,2.879,5.648,-69,MOVEMENT,67
2026-09-08T12:39:21.855,8.272,2.879,5.648,-65,MOVEMENT,67
2026-09-08T12:39:22.879,5.831,2.879,5.648,-63,MOVEMENT,67
2026-09-08T12:39:23.425,5.581,2.879,5.648,-64,RECENT_MOVEMENT,67
2026-09-08T12:39:24.005,8.741,2.879,5.648,-66,MOVEMENT,68
2026-09-08T12:39:24.539,10.509,2.879,5.648,-69,MOVEMENT,68
2026-09-08T12:39:25.058,11.064,2.879,5.648,-69,MOVEMENT,68
2026-09-08T12:39:25.656,10.242,2.879,5.648,-70,MOVEMENT,68
2026-09-08T12:39:26.233,12.382,2.879,5.648,-71,MOVEMENT,68
2026-09-08T12:39:26.832,11.146,2.879,5.648,-72,MOVEMENT,68
2026-09-08T12:39:27.563,9.680,2.879,5.648,-70,MOVEMENT,68
2026-09-08T12:39:28.266,8.147,2.879,5.648,-70,MOVEMENT,68
2026-09-08T12:39:28.823,5.722,2.879,5.648,-70,RECENT_MOVEMENT,68
2026-09-08T12:39:29.395,5.500,2.879,5.648,-69,RECENT_MOVEMENT,69
2026-09-08T12:39:29.982,4.570,2.879,5.648,-67,RECENT_MOVEMENT,69
2026-09-08T12:39:30.534,5.624,2.879,5.648,-69,RECENT_MOVEMENT,69
2026-09-08T12:39:31.077,8.063,2.879,5.648,-70,MOVEMENT,70
2026-09-08T12:39:31.673,7.745,2.879,5.648,-68,MOVEMENT,70
2026-09-08T12:39:32.256,8.705,2.879,5.648,-67,MOVEMENT,70
2026-09-08T12:39:32.834,6.385,2.879,5.648,-66,MOVEMENT,70
2026-09-08T12:39:33.401,6.292,2.879,5.648,-69,MOVEMENT,70
2026-09-08T12:39:33.970,6.414,2.879,5.648,-69,MOVEMENT,70
2026-09-08T12:39:34.543,7.466,2.879,5.648,-72,MOVEMENT,70
2026-09-08T12:39:35.078,9.777,2.879,5.648,-73,MOVEMENT,70
2026-09-08T12:39:35.604,9.306,2.879,5.648,-71,MOVEMENT,70
2026-09-08T12:39:36.127,8.608,2.879,5.648,-70,MOVEMENT,70
2026-09-08T12:39:36.665,8.261,2.879,5.648,-70,MOVEMENT,70
2026-09-08T12:39:37.179,8.759,2.879,5.648,-67,MOVEMENT,70
2026-09-08T12:39:37.714,9.972,2.879,5.648,-68,MOVEMENT,70
2026-09-08T12:39:38.250,10.149,2.879,5.648,-69,MOVEMENT,70
2026-09-08T12:39:38.849,8.316,2.879,5.648,-70,MOVEMENT,70
2026-09-08T12:39:39.569,8.478,2.879,5.648,-72,MOVEMENT,70
2026-09-08T12:39:40.139,9.560,2.879,5.648,-73,MOVEMENT,70
2026-09-08T12:39:40.736,16.527,2.879,5.648,-76,MOVEMENT,70
2026-09-08T12:39:41.347,16.240,2.879,5.648,-71,MOVEMENT,70
2026-09-08T12:39:42.031,17.060,2.879,5.648,-68,MOVEMENT,70
2026-09-08T12:39:42.630,10.986,2.879,5.648,-74,MOVEMENT,70
2026-09-08T12:39:43.228,12.036,2.879,5.648,-72,MOVEMENT,70
2026-09-08T12:39:43.808,13.120,2.879,5.648,-75,MOVEMENT,70
2026-09-08T12:39:44.406,13.635,2.879,5.648,-76,MOVEMENT,70
2026-09-08T12:39:44.994,13.401,2.879,5.648,-68,MOVEMENT,70
2026-09-08T12:39:45.607,13.434,2.879,5.648,-68,MOVEMENT,70
2026-09-08T12:39:46.166,8.029,2.879,5.648,-67,MOVEMENT,70
2026-09-08T12:39:46.699,6.654,2.879,5.648,-71,MOVEMENT,70
2026-09-08T12:39:47.318,9.166,2.879,5.648,-72,MOVEMENT,70
2026-09-08T12:39:47.876,9.373,2.879,5.648,-70,MOVEMENT,70
2026-09-08T12:39:48.462,11.094,2.879,5.648,-67,MOVEMENT,70
2026-09-08T12:39:48.976,12.299,2.879,5.648,-68,MOVEMENT,70
2026-09-08T12:39:49.555,9.104,2.879,5.648,-72,MOVEMENT,70
2026-09-08T12:39:50.134,9.427,2.879,5.648,-75,MOVEMENT,70
2026-09-08T12:39:50.713,7.301,2.879,5.648,-73,MOVEMENT,70
2026-09-08T12:39:51.309,7.948,2.879,5.648,-70,MOVEMENT,70
2026-09-08T12:39:52.044,7.954,2.879,5.648,-69,MOVEMENT,70
2026-09-08T12:39:52.616,7.881,2.879,5.648,-69,MOVEMENT,70
2026-09-08T12:39:53.308,5.005,2.879,5.648,-69,RECENT_MOVEMENT,70
2026-09-08T12:39:53.864,5.207,2.879,5.648,-64,RECENT_MOVEMENT,70
2026-09-08T12:39:54.471,7.013,2.879,5.648,-66,MOVEMENT,71
2026-09-08T12:39:55.089,7.264,2.879,5.648,-64,MOVEMENT,71
2026-09-08T12:39:55.683,7.045,2.879,5.648,-66,MOVEMENT,71
2026-09-08T12:39:56.278,4.353,2.879,5.648,-67,RECENT_MOVEMENT,71
2026-09-08T12:39:56.870,8.676,2.879,5.648,-70,MOVEMENT,72
2026-09-08T12:39:57.478,12.864,2.879,5.648,-73,MOVEMENT,72
2026-09-08T12:39:58.132,11.940,2.879,5.648,-66,MOVEMENT,72
2026-09-08T12:39:58.738,11.577,2.879,5.648,-67,MOVEMENT,72
2026-09-08T12:39:59.320,9.751,2.879,5.648,-66,MOVEMENT,72
2026-09-08T12:39:59.919,6.909,2.879,5.648,-65,MOVEMENT,72
2026-09-08T12:40:01.127,5.757,2.879,5.648,-63,MOVEMENT,72
2026-09-08T12:40:01.707,5.154,2.879,5.648,-63,RECENT_MOVEMENT,72
2026-09-08T12:40:02.273,3.748,2.879,5.648,-63,RECENT_MOVEMENT,72
2026-09-08T12:40:02.825,4.805,2.879,5.648,-63,RECENT_MOVEMENT,72
2026-09-08T12:40:03.905,5.214,2.879,5.648,-64,RECENT_MOVEMENT,73
2026-09-08T12:40:04.476,5.666,2.879,5.648,-66,RECENT_MOVEMENT,73
2026-09-08T12:40:05.101,6.480,2.879,5.648,-67,MOVEMENT,74
2026-09-08T12:40:05.671,9.028,2.879,5.648,-67,MOVEMENT,74
2026-09-08T12:40:06.232,9.066,2.879,5.648,-68,MOVEMENT,74
2026-09-08T12:40:06.820,9.650,2.879,5.648,-67,MOVEMENT,74
2026-09-08T12:40:07.845,11.973,2.879,5.648,-69,MOVEMENT,74
2026-09-08T12:40:08.822,17.719,2.879,5.648,-68,MOVEMENT,74
2026-09-08T12:40:09.328,20.305,2.879,5.648,-67,MOVEMENT,74
2026-09-08T12:40:09.916,15.421,2.879,5.648,-68,MOVEMENT,74
2026-09-08T12:40:10.421,6.784,2.879,5.648,-68,MOVEMENT,74
2026-09-08T12:40:10.968,6.307,2.879,5.648,-63,MOVEMENT,74
2026-09-08T12:40:11.547,7.749,2.879,5.648,-64,MOVEMENT,74
2026-09-08T12:40:12.079,11.383,2.879,5.648,-66,MOVEMENT,74
2026-09-08T12:40:12.685,11.289,2.879,5.648,-65,MOVEMENT,74
2026-09-08T12:40:13.228,9.937,2.879,5.648,-65,MOVEMENT,74
2026-09-08T12:40:13.772,9.034,2.879,5.648,-63,MOVEMENT,74
2026-09-08T12:40:14.312,7.253,2.879,5.648,-63,MOVEMENT,74
2026-09-08T12:40:14.862,7.623,2.879,5.648,-66,MOVEMENT,74
2026-09-08T12:40:15.474,8.968,2.879,5.648,-66,MOVEMENT,74
2026-09-08T12:40:16.484,8.806,2.879,5.648,-67,MOVEMENT,74
2026-09-08T12:40:17.437,9.925,2.879,5.648,-64,MOVEMENT,74
2026-09-08T12:40:17.985,10.773,2.879,5.648,-65,MOVEMENT,74
2026-09-08T12:40:18.597,7.900,2.879,5.648,-64,MOVEMENT,74
2026-09-08T12:40:19.133,8.026,2.879,5.648,-65,MOVEMENT,74
2026-09-08T12:40:19.643,10.447,2.879,5.648,-64,MOVEMENT,74
2026-09-08T12:40:20.263,8.326,2.879,5.648,-62,MOVEMENT,74
2026-09-08T12:40:20.778,7.653,2.879,5.648,-60,MOVEMENT,74
2026-09-08T12:40:21.360,5.164,2.879,5.648,-65,RECENT_MOVEMENT,74
2026-09-08T12:40:21.887,6.607,2.879,5.648,-63,MOVEMENT,75
2026-09-08T12:40:22.483,7.351,2.879,5.648,-63,MOVEMENT,75
2026-09-08T12:40:23.017,7.444,2.879,5.648,-64,MOVEMENT,75
2026-09-08T12:40:23.651,6.751,2.879,5.648,-63,MOVEMENT,75
2026-09-08T12:40:24.264,6.744,2.879,5.648,-64,MOVEMENT,75
2026-09-08T12:40:24.926,6.459,2.879,5.648,-65,MOVEMENT,75
2026-09-08T12:40:25.619,7.752,2.879,5.648,-64,MOVEMENT,75
2026-09-08T12:40:26.200,6.610,2.879,5.648,-66,MOVEMENT,75
2026-09-08T12:40:26.724,4.444,2.879,5.648,-62,RECENT_MOVEMENT,75
2026-09-08T12:40:27.734,5.022,2.879,5.648,-65,RECENT_MOVEMENT,75
2026-09-08T12:40:28.251,4.894,2.879,5.648,-66,RECENT_MOVEMENT,75
2026-09-08T12:40:29.165,4.011,2.879,5.648,-65,RECENT_MOVEMENT,75
2026-09-08T12:40:29.678,8.103,2.879,5.648,-67,RECENT_MOVEMENT,75
2026-09-08T12:40:30.224,12.356,2.879,5.648,-69,MOVEMENT,76
2026-09-08T12:40:30.957,12.364,2.879,5.648,-72,MOVEMENT,76
2026-09-08T12:40:31.553,13.072,2.879,5.648,-68,MOVEMENT,76
2026-09-08T12:40:32.065,8.040,2.879,5.648,-68,MOVEMENT,76
2026-09-08T12:40:32.681,6.545,2.879,5.648,-68,MOVEMENT,76
2026-09-08T12:40:33.671,6.256,2.879,5.648,-65,MOVEMENT,76
2026-09-08T12:40:34.238,8.299,2.879,5.648,-67,MOVEMENT,76
2026-09-08T12:40:34.874,8.669,2.879,5.648,-66,MOVEMENT,76
2026-09-08T12:40:35.484,9.554,2.879,5.648,-68,MOVEMENT,76
2026-09-08T12:40:36.020,9.292,2.879,5.648,-67,MOVEMENT,76
2026-09-08T12:40:36.610,9.806,2.879,5.648,-66,MOVEMENT,76
2026-09-08T12:40:37.198,15.361,2.879,5.648,-70,MOVEMENT,76
2026-09-08T12:40:37.811,15.753,2.879,5.648,-68,MOVEMENT,76
2026-09-08T12:40:38.446,15.083,2.879,5.648,-68,MOVEMENT,76
2026-09-08T12:40:39.065,6.013,2.879,5.648,-66,MOVEMENT,76
2026-09-08T12:40:39.647,7.581,2.879,5.648,-66,MOVEMENT,76
2026-09-08T12:40:40.224,7.776,2.879,5.648,-67,MOVEMENT,76
2026-09-08T12:40:40.781,8.029,2.879,5.648,-64,MOVEMENT,76
2026-09-08T12:40:41.349,5.550,2.879,5.648,-62,RECENT_MOVEMENT,76
2026-09-08T12:40:41.980,3.698,2.879,5.648,-61,RECENT_MOVEMENT,76
2026-09-08T12:40:42.656,3.732,2.879,5.648,-62,RECENT_MOVEMENT,76
2026-09-08T12:40:43.385,2.676,2.879,5.648,-61,RECENT_MOVEMENT,76
2026-09-08T12:40:43.956,2.863,2.879,5.648,-62,RECENT_MOVEMENT,76
2026-09-08T12:40:44.509,2.730,2.879,5.648,-61,RECENT_MOVEMENT,76
2026-09-08T12:40:45.054,5.233,2.879,5.648,-60,RECENT_MOVEMENT,76
2026-09-08T12:40:45.686,5.390,2.879,5.648,-62,RECENT_MOVEMENT,76
2026-09-08T12:40:46.282,6.276,2.879,5.648,-62,MOVEMENT,77
2026-09-08T12:40:46.884,4.623,2.879,5.648,-63,RECENT_MOVEMENT,77
2026-09-08T12:40:47.385,4.952,2.879,5.648,-62,RECENT_MOVEMENT,77
2026-09-08T12:40:47.920,4.308,2.879,5.648,-61,RECENT_MOVEMENT,77
2026-09-08T12:40:48.468,4.031,2.879,5.648,-61,RECENT_MOVEMENT,77
2026-09-08T12:40:49.030,4.551,2.879,5.648,-62,RECENT_MOVEMENT,77
2026-09-08T12:40:49.635,4.486,2.879,5.648,-60,RECENT_MOVEMENT,77
2026-09-08T12:40:50.153,3.910,2.879,5.648,-61,RECENT_MOVEMENT,77
2026-09-08T12:40:50.687,4.186,2.879,5.648,-60,RECENT_MOVEMENT,77
2026-09-08T12:40:51.236,5.639,2.879,5.648,-64,RECENT_MOVEMENT,77
2026-09-08T12:40:51.806,5.208,2.879,5.648,-63,RECENT_MOVEMENT,77
2026-09-08T12:40:52.308,3.970,2.879,5.648,-64,RECENT_MOVEMENT,77
2026-09-08T12:40:52.900,3.770,2.879,5.648,-63,RECENT_MOVEMENT,77
2026-09-08T12:40:53.534,4.486,2.879,5.648,-63,RECENT_MOVEMENT,77
2026-09-08T12:40:54.103,3.655,2.879,5.648,-63,RECENT_MOVEMENT,77
2026-09-08T12:40:54.671,4.951,2.879,5.648,-63,RECENT_MOVEMENT,77
2026-09-08T12:40:55.431,3.798,2.879,5.648,-62,RECENT_MOVEMENT,77
2026-09-08T12:40:56.010,3.618,2.879,5.648,-64,RECENT_MOVEMENT,77
2026-09-08T12:40:56.607,4.138,2.879,5.648,-65,RECENT_MOVEMENT,77
2026-09-08T12:40:57.211,3.670,2.879,5.648,-65,RECENT_MOVEMENT,77
2026-09-08T12:40:57.783,4.145,2.879,5.648,-64,RECENT_MOVEMENT,77
2026-09-08T12:40:58.356,4.304,2.879,5.648,-64,RECENT_MOVEMENT,77
2026-09-08T12:40:58.929,4.599,2.879,5.648,-65,RECENT_MOVEMENT,77
2026-09-08T12:40:59.524,4.655,2.879,5.648,-65,RECENT_MOVEMENT,77
2026-09-08T12:41:00.081,4.343,2.879,5.648,-62,RECENT_MOVEMENT,77
2026-09-08T12:41:00.713,5.724,2.879,5.648,-64,MOVEMENT,78
2026-09-08T12:41:01.461,5.539,2.879,5.648,-68,RECENT_MOVEMENT,78
2026-09-08T12:41:02.503,7.536,2.879,5.648,-61,MOVEMENT,79
2026-09-08T12:41:03.487,5.474,2.879,5.648,-66,RECENT_MOVEMENT,79
2026-09-08T12:41:04.108,9.905,2.879,5.648,-63,RECENT_MOVEMENT,79
2026-09-08T12:41:04.689,9.254,2.879,5.648,-66,MOVEMENT,80
2026-09-08T12:41:05.265,9.394,2.879,5.648,-65,MOVEMENT,80
2026-09-08T12:41:05.832,9.223,2.879,5.648,-66,MOVEMENT,80
2026-09-08T12:41:06.367,3.684,2.879,5.648,-64,RECENT_MOVEMENT,80
2026-09-08T12:41:07.129,5.147,2.879,5.648,-69,RECENT_MOVEMENT,80
2026-09-08T12:41:07.721,8.261,2.879,5.648,-66,MOVEMENT,81
2026-09-08T12:41:08.264,9.415,2.879,5.648,-66,MOVEMENT,81
2026-09-08T12:41:08.776,10.111,2.879,5.648,-62,MOVEMENT,81
2026-09-08T12:41:09.293,9.151,2.879,5.648,-64,MOVEMENT,81
2026-09-08T12:41:10.253,7.605,2.879,5.648,-63,MOVEMENT,81
2026-09-08T12:41:10.820,5.179,2.879,5.648,-64,RECENT_MOVEMENT,81
2026-09-08T12:41:11.447,4.578,2.879,5.648,-63,RECENT_MOVEMENT,81
2026-09-08T12:41:11.999,5.356,2.879,5.648,-65,RECENT_MOVEMENT,81
2026-09-08T12:41:12.526,5.827,2.879,5.648,-63,MOVEMENT,82
2026-09-08T12:41:13.034,6.999,2.879,5.648,-66,MOVEMENT,82
2026-09-08T12:41:13.549,7.136,2.879,5.648,-60,MOVEMENT,82
2026-09-08T12:41:14.087,7.743,2.879,5.648,-61,MOVEMENT,82
2026-09-08T12:41:15.120,4.816,2.879,5.648,-63,RECENT_MOVEMENT,82
2026-09-08T12:41:15.634,4.082,2.879,5.648,-64,RECENT_MOVEMENT,82
2026-09-08T12:41:16.211,3.951,2.879,5.648,-64,RECENT_MOVEMENT,82
2026-09-08T12:41:16.808,5.492,2.879,5.648,-64,RECENT_MOVEMENT,82
2026-09-08T12:41:17.445,5.572,2.879,5.648,-65,RECENT_MOVEMENT,82
2026-09-08T12:41:18.187,4.129,2.879,5.648,-65,RECENT_MOVEMENT,82
2026-09-08T12:41:18.695,4.779,2.879,5.648,-63,RECENT_MOVEMENT,82
2026-09-08T12:41:19.686,5.292,2.879,5.648,-63,RECENT_MOVEMENT,82
2026-09-08T12:41:20.724,6.209,2.879,5.648,-61,MOVEMENT,83
2026-09-08T12:41:21.240,6.509,2.879,5.648,-63,MOVEMENT,83
2026-09-08T12:41:21.779,5.642,2.879,5.648,-61,RECENT_MOVEMENT,83
2026-09-08T12:41:22.294,4.620,2.879,5.648,-63,RECENT_MOVEMENT,83
2026-09-08T12:41:22.945,4.826,2.879,5.648,-60,RECENT_MOVEMENT,83
2026-09-08T12:41:23.517,4.870,2.879,5.648,-61,RECENT_MOVEMENT,83
2026-09-08T12:41:24.153,7.016,2.879,5.648,-61,MOVEMENT,84
2026-09-08T12:41:24.762,7.372,2.879,5.648,-60,MOVEMENT,84
2026-09-08T12:41:25.410,3.654,2.879,5.648,-61,RECENT_MOVEMENT,84
2026-09-08T12:41:26.018,3.488,2.879,5.648,-62,RECENT_MOVEMENT,84
2026-09-08T12:41:26.638,3.524,2.879,5.648,-60,RECENT_MOVEMENT,84
2026-09-08T12:41:27.193,3.547,2.879,5.648,-61,RECENT_MOVEMENT,84
2026-09-08T12:41:27.860,3.659,2.879,5.648,-63,RECENT_MOVEMENT,84
2026-09-08T12:41:28.432,3.483,2.879,5.648,-62,RECENT_MOVEMENT,84
2026-09-08T12:41:29.054,3.015,2.879,5.648,-63,RECENT_MOVEMENT,84
2026-09-08T12:41:29.617,4.019,2.879,5.648,-63,RECENT_MOVEMENT,84
2026-09-08T12:41:30.135,4.024,2.879,5.648,-62,RECENT_MOVEMENT,84
2026-09-08T12:41:30.695,4.802,2.879,5.648,-62,RECENT_MOVEMENT,84
2026-09-08T12:41:31.402,4.593,2.879,5.648,-62,RECENT_MOVEMENT,84
2026-09-08T12:41:31.996,2.974,2.879,5.648,-61,RECENT_MOVEMENT,84
2026-09-08T12:41:32.557,3.084,2.879,5.648,-61,RECENT_MOVEMENT,84
2026-09-08T12:41:33.094,3.401,2.879,5.648,-59,RECENT_MOVEMENT,84
2026-09-08T12:41:33.723,4.228,2.879,5.648,-61,RECENT_MOVEMENT,84
2026-09-08T12:41:34.331,3.896,2.879,5.648,-61,RECENT_MOVEMENT,84
2026-09-08T12:41:34.894,2.552,2.879,5.648,-61,RECENT_MOVEMENT,84
2026-09-08T12:41:35.499,2.560,2.879,5.648,-61,RECENT_MOVEMENT,84
2026-09-08T12:41:36.053,2.447,2.879,5.648,-61,RECENT_MOVEMENT,84
2026-09-08T12:41:36.643,2.604,2.879,5.648,-61,RECENT_MOVEMENT,84
2026-09-08T12:41:37.264,2.616,2.879,5.648,-61,RECENT_MOVEMENT,84
2026-09-08T12:41:37.835,3.065,2.879,5.648,-60,RECENT_MOVEMENT,84
2026-09-08T12:41:38.390,2.653,2.879,5.648,-62,RECENT_MOVEMENT,84
2026-09-08T12:41:38.927,5.446,2.879,5.648,-67,RECENT_MOVEMENT,84
2026-09-08T12:41:39.482,5.297,2.879,5.648,-64,RECENT_MOVEMENT,84
2026-09-08T12:41:40.081,5.119,2.879,5.648,-63,RECENT_MOVEMENT,84
2026-09-08T12:41:40.620,4.322,2.879,5.648,-63,RECENT_MOVEMENT,84
2026-09-08T12:41:41.197,3.735,2.879,5.648,-65,RECENT_MOVEMENT,84
2026-09-08T12:41:41.710,3.873,2.879,5.648,-66,RECENT_MOVEMENT,84
2026-09-08T12:41:42.359,5.769,2.879,5.648,-67,MOVEMENT,85
2026-09-08T12:41:42.923,5.554,2.879,5.648,-67,RECENT_MOVEMENT,85
2026-09-08T12:41:43.643,3.363,2.879,5.648,-67,RECENT_MOVEMENT,85
2026-09-08T12:41:44.237,3.213,2.879,5.648,-67,RECENT_MOVEMENT,85
2026-09-08T12:41:44.807,3.733,2.879,5.648,-68,RECENT_MOVEMENT,85
2026-09-08T12:41:45.422,5.210,2.879,5.648,-70,RECENT_MOVEMENT,85
2026-09-08T12:41:45.998,5.108,2.879,5.648,-68,RECENT_MOVEMENT,85
2026-09-08T12:41:46.551,5.484,2.879,5.648,-68,RECENT_MOVEMENT,85
2026-09-08T12:41:47.119,5.998,2.879,5.648,-68,MOVEMENT,86
2026-09-08T12:41:47.693,5.274,2.879,5.648,-69,RECENT_MOVEMENT,86
2026-09-08T12:41:48.286,3.416,2.879,5.648,-67,RECENT_MOVEMENT,86
2026-09-08T12:41:48.895,4.147,2.879,5.648,-68,RECENT_MOVEMENT,86
2026-09-08T12:41:49.509,5.276,2.879,5.648,-68,RECENT_MOVEMENT,86
2026-09-08T12:41:50.052,6.527,2.879,5.648,-64,MOVEMENT,87
2026-09-08T12:41:50.561,7.130,2.879,5.648,-64,MOVEMENT,87
2026-09-08T12:41:51.078,6.609,2.879,5.648,-63,MOVEMENT,87
2026-09-08T12:41:52.051,4.677,2.879,5.648,-63,RECENT_MOVEMENT,87
2026-09-08T12:41:52.559,3.294,2.879,5.648,-63,RECENT_MOVEMENT,87
2026-09-08T12:41:53.173,3.121,2.879,5.648,-63,RECENT_MOVEMENT,87
2026-09-08T12:41:53.707,5.725,2.879,5.648,-64,MOVEMENT,88
2026-09-08T12:41:54.250,6.292,2.879,5.648,-65,MOVEMENT,88
2026-09-08T12:41:54.847,8.258,2.879,5.648,-69,MOVEMENT,88
2026-09-08T12:41:55.497,7.519,2.879,5.648,-66,MOVEMENT,88
2026-09-08T12:41:56.209,6.355,2.879,5.648,-67,MOVEMENT,88
2026-09-08T12:41:56.739,4.559,2.879,5.648,-67,RECENT_MOVEMENT,88
2026-09-08T12:41:57.290,5.891,2.879,5.648,-67,MOVEMENT,89
2026-09-08T12:41:57.893,8.703,2.879,5.648,-68,MOVEMENT,89
2026-09-08T12:41:58.564,8.431,2.879,5.648,-65,MOVEMENT,89
2026-09-08T12:41:59.156,7.737,2.879,5.648,-67,MOVEMENT,89
2026-09-08T12:41:59.757,4.283,2.879,5.648,-64,RECENT_MOVEMENT,89
2026-09-08T12:42:00.424,5.610,2.879,5.648,-67,RECENT_MOVEMENT,89
2026-09-08T12:42:01.075,5.746,2.879,5.648,-63,MOVEMENT,90
2026-09-08T12:42:01.894,4.657,2.879,5.648,-65,RECENT_MOVEMENT,90
2026-09-08T12:42:02.538,9.569,2.879,5.648,-67,MOVEMENT,91
2026-09-08T12:42:03.123,10.410,2.879,5.648,-64,MOVEMENT,91
2026-09-08T12:42:03.810,8.858,2.879,5.648,-69,MOVEMENT,91
2026-09-08T12:42:04.450,6.912,2.879,5.648,-67,MOVEMENT,91
2026-09-08T12:42:05.005,6.307,2.879,5.648,-67,MOVEMENT,91
2026-09-08T12:42:05.678,8.116,2.879,5.648,-63,MOVEMENT,91
2026-09-08T12:42:06.306,8.098,2.879,5.648,-64,MOVEMENT,91
2026-09-08T12:42:06.884,9.516,2.879,5.648,-68,MOVEMENT,91
2026-09-08T12:42:07.586,9.621,2.879,5.648,-62,MOVEMENT,91
2026-09-08T12:42:08.229,12.056,2.879,5.648,-63,MOVEMENT,91
2026-09-08T12:42:08.913,10.795,2.879,5.648,-61,MOVEMENT,91
2026-09-08T12:42:09.679,9.148,2.879,5.648,-60,MOVEMENT,91
2026-09-08T12:42:10.201,8.530,2.879,5.648,-68,MOVEMENT,91
2026-09-08T12:42:10.863,8.896,2.879,5.648,-69,MOVEMENT,91
2026-09-08T12:42:11.483,10.015,2.879,5.648,-66,MOVEMENT,91
2026-09-08T12:42:12.137,9.312,2.879,5.648,-67,MOVEMENT,91
2026-09-08T12:42:12.787,8.544,2.879,5.648,-65,MOVEMENT,91
2026-09-08T12:42:13.461,5.741,2.879,5.648,-65,MOVEMENT,91
2026-09-08T12:42:14.073,4.724,2.879,5.648,-65,RECENT_MOVEMENT,91
2026-09-08T12:42:14.647,4.371,2.879,5.648,-64,RECENT_MOVEMENT,91
2026-09-08T12:42:15.285,4.837,2.879,5.648,-65,RECENT_MOVEMENT,91
2026-09-08T12:42:15.973,3.721,2.879,5.648,-64,RECENT_MOVEMENT,91
2026-09-08T12:42:16.588,4.262,2.879,5.648,-66,RECENT_MOVEMENT,91
2026-09-08T12:42:17.229,4.677,2.879,5.648,-65,RECENT_MOVEMENT,91
2026-09-08T12:42:17.846,6.164,2.879,5.648,-66,MOVEMENT,92
2026-09-08T12:42:18.506,6.488,2.879,5.648,-66,MOVEMENT,92
2026-09-08T12:42:19.199,4.973,2.879,5.648,-66,RECENT_MOVEMENT,92
2026-09-08T12:42:19.836,6.451,2.879,5.648,-67,MOVEMENT,93
2026-09-08T12:42:20.468,6.520,2.879,5.648,-66,MOVEMENT,93
2026-09-08T12:42:21.096,6.224,2.879,5.648,-68,MOVEMENT,93
2026-09-08T12:42:21.709,5.049,2.879,5.648,-65,RECENT_MOVEMENT,93
2026-09-08T12:42:22.360,5.808,2.879,5.648,-63,MOVEMENT,94
2026-09-08T12:42:23.191,3.861,2.879,5.648,-62,RECENT_MOVEMENT,94
2026-09-08T12:42:23.780,4.324,2.879,5.648,-62,RECENT_MOVEMENT,94
2026-09-08T12:42:24.440,5.793,2.879,5.648,-65,MOVEMENT,95
2026-09-08T12:42:25.041,5.974,2.879,5.648,-63,MOVEMENT,95
2026-09-08T12:42:25.621,5.051,2.879,5.648,-64,RECENT_MOVEMENT,95
2026-09-08T12:42:26.279,5.034,2.879,5.648,-64,RECENT_MOVEMENT,95
2026-09-08T12:42:26.914,4.032,2.879,5.648,-64,RECENT_MOVEMENT,95
2026-09-08T12:42:27.542,2.710,2.879,5.648,-64,RECENT_MOVEMENT,95
2026-09-08T12:42:28.260,2.857,2.879,5.648,-65,RECENT_MOVEMENT,95
2026-09-08T12:42:28.910,3.718,2.879,5.648,-65,RECENT_MOVEMENT,95
2026-09-08T12:42:29.550,3.779,2.879,5.648,-65,RECENT_MOVEMENT,95
2026-09-08T12:42:30.269,3.759,2.879,5.648,-64,RECENT_MOVEMENT,95
2026-09-08T12:42:30.915,3.968,2.879,5.648,-65,RECENT_MOVEMENT,95
2026-09-08T12:42:31.509,4.271,2.879,5.648,-64,RECENT_MOVEMENT,95
2026-09-08T12:42:32.123,4.210,2.879,5.648,-64,RECENT_MOVEMENT,95
2026-09-08T12:42:32.718,4.063,2.879,5.648,-64,RECENT_MOVEMENT,95
2026-09-08T12:42:33.403,2.894,2.879,5.648,-63,RECENT_MOVEMENT,95
2026-09-08T12:42:34.004,2.823,2.879,5.648,-64,RECENT_MOVEMENT,95
2026-09-08T12:42:34.634,3.205,2.879,5.648,-65,RECENT_MOVEMENT,95
2026-09-08T12:42:35.263,3.329,2.879,5.648,-64,RECENT_MOVEMENT,95
2026-09-08T12:42:35.916,3.131,2.879,5.648,-64,RECENT_MOVEMENT,95
2026-09-08T12:42:36.697,3.561,2.879,5.648,-65,RECENT_MOVEMENT,95
2026-09-08T12:42:37.338,3.645,2.879,5.648,-65,RECENT_MOVEMENT,95
2026-09-08T12:42:37.943,3.466,2.879,5.648,-66,RECENT_MOVEMENT,95
2026-09-08T12:42:38.573,3.723,2.879,5.648,-64,RECENT_MOVEMENT,95
2026-09-08T12:42:39.182,5.785,2.879,5.648,-66,MOVEMENT,96
2026-09-08T12:42:39.785,7.990,2.879,5.648,-65,MOVEMENT,96
2026-09-08T12:42:40.353,7.239,2.879,5.648,-65,MOVEMENT,96
2026-09-08T12:42:40.896,6.938,2.879,5.648,-67,MOVEMENT,96
2026-09-08T12:42:41.457,8.327,2.879,5.648,-71,MOVEMENT,96
2026-09-08T12:42:42.018,6.125,2.879,5.648,-63,MOVEMENT,96
2026-09-08T12:42:42.541,5.951,2.879,5.648,-67,MOVEMENT,96
2026-09-08T12:42:43.108,7.388,2.879,5.648,-67,MOVEMENT,96
2026-09-08T12:42:43.690,6.202,2.879,5.648,-66,MOVEMENT,96
2026-09-08T12:42:44.309,7.873,2.879,5.648,-69,MOVEMENT,96
2026-09-08T12:42:44.865,9.063,2.879,5.648,-67,MOVEMENT,96
2026-09-08T12:42:45.446,10.090,2.879,5.648,-70,MOVEMENT,96
2026-09-08T12:42:46.034,9.017,2.879,5.648,-66,MOVEMENT,96
2026-09-08T12:42:46.635,7.166,2.879,5.648,-67,MOVEMENT,96
2026-09-08T12:42:47.232,5.666,2.879,5.648,-68,MOVEMENT,96
2026-09-08T12:42:47.782,10.286,2.879,5.648,-73,MOVEMENT,96
2026-09-08T12:42:48.366,12.366,2.879,5.648,-74,MOVEMENT,96
2026-09-08T12:42:49.102,14.218,2.879,5.648,-70,MOVEMENT,96
2026-09-08T12:42:49.668,10.583,2.879,5.648,-66,MOVEMENT,96
2026-09-08T12:42:50.277,12.708,2.879,5.648,-77,MOVEMENT,96
2026-09-08T12:42:50.851,13.165,2.879,5.648,-73,MOVEMENT,96
2026-09-08T12:42:51.393,17.679,2.879,5.648,-78,MOVEMENT,96
2026-09-08T12:42:52.002,15.245,2.879,5.648,-73,MOVEMENT,96
2026-09-08T12:42:52.597,20.309,2.879,5.648,-75,MOVEMENT,96
2026-09-08T12:42:53.163,25.200,2.879,5.648,-74,MOVEMENT,96
2026-09-08T12:42:53.738,23.497,2.879,5.648,-76,MOVEMENT,96
2026-09-08T12:42:54.332,20.919,2.879,5.648,-71,MOVEMENT,96
2026-09-08T12:42:54.979,14.945,2.879,5.648,-67,MOVEMENT,96
2026-09-08T12:42:55.628,10.568,2.879,5.648,-64,MOVEMENT,96
2026-09-08T12:42:56.238,13.762,2.879,5.648,-68,MOVEMENT,96
2026-09-08T12:42:56.878,16.881,2.879,5.648,-66,MOVEMENT,96
2026-09-08T12:42:57.453,16.128,2.879,5.648,-73,MOVEMENT,96
2026-09-08T12:42:58.064,15.507,2.879,5.648,-66,MOVEMENT,96
2026-09-08T12:42:58.739,10.931,2.879,5.648,-74,MOVEMENT,96
2026-09-08T12:42:59.364,12.369,2.879,5.648,-70,MOVEMENT,96
2026-09-08T12:43:00.012,12.936,2.879,5.648,-69,MOVEMENT,96
2026-09-08T12:43:00.634,9.546,2.879,5.648,-64,MOVEMENT,96
2026-09-08T12:43:01.278,6.489,2.879,5.648,-65,MOVEMENT,96
2026-09-08T12:43:02.037,6.804,2.879,5.648,-66,MOVEMENT,97
2026-09-08T12:43:02.706,7.426,2.879,5.648,-64,MOVEMENT,97
2026-09-08T12:43:03.370,7.674,2.879,5.648,-63,MOVEMENT,97
2026-09-08T12:43:03.984,6.463,2.879,5.648,-66,MOVEMENT,97
2026-09-08T12:43:04.620,7.850,2.879,5.648,-68,MOVEMENT,97
2026-09-08T12:43:05.210,11.438,2.879,5.648,-69,MOVEMENT,97
2026-09-08T12:43:05.864,28.837,2.879,5.648,-73,MOVEMENT,97
2026-09-08T12:43:06.418,24.958,2.879,5.648,-71,MOVEMENT,97
2026-09-08T12:43:07.014,22.049,2.879,5.648,-74,MOVEMENT,97
2026-09-08T12:43:07.626,24.824,2.879,5.648,-68,MOVEMENT,97
2026-09-08T12:43:08.234,16.506,2.879,5.648,-67,MOVEMENT,97
2026-09-08T12:43:08.868,8.313,2.879,5.648,-67,MOVEMENT,97
2026-09-08T12:43:09.460,6.030,2.879,5.648,-68,MOVEMENT,97
2026-09-08T12:43:09.978,5.385,2.879,5.648,-67,RECENT_MOVEMENT,97
2026-09-08T12:43:10.582,5.707,2.879,5.648,-65,RECENT_MOVEMENT,98
2026-09-08T12:43:11.091,5.566,2.879,5.648,-65,RECENT_MOVEMENT,99
2026-09-08T12:43:11.638,5.590,2.879,5.648,-65,RECENT_MOVEMENT,100
2026-09-08T12:43:12.213,4.831,2.879,5.648,-64,RECENT_MOVEMENT,100
2026-09-08T12:43:12.819,5.100,2.879,5.648,-67,RECENT_MOVEMENT,100
2026-09-08T12:43:13.463,7.668,2.879,5.648,-67,MOVEMENT,101
2026-09-08T12:43:14.025,9.753,2.879,5.648,-70,MOVEMENT,101
2026-09-08T12:43:14.780,9.689,2.879,5.648,-66,MOVEMENT,101
2026-09-08T12:43:15.302,11.004,2.879,5.648,-69,MOVEMENT,101
2026-09-08T12:43:15.876,10.002,2.879,5.648,-69,MOVEMENT,101
2026-09-08T12:43:16.500,9.274,2.879,5.648,-67,MOVEMENT,101
2026-09-08T12:43:17.079,9.859,2.879,5.648,-67,MOVEMENT,101
2026-09-08T12:43:17.669,8.278,2.879,5.648,-63,MOVEMENT,101
2026-09-08T12:43:18.265,7.906,2.879,5.648,-64,MOVEMENT,101
2026-09-08T12:43:18.850,5.115,2.879,5.648,-63,RECENT_MOVEMENT,101
2026-09-08T12:43:19.465,5.090,2.879,5.648,-63,RECENT_MOVEMENT,101
2026-09-08T12:43:20.057,3.158,2.879,5.648,-63,RECENT_MOVEMENT,101
2026-09-08T12:43:20.729,3.445,2.879,5.648,-62,RECENT_MOVEMENT,101
2026-09-08T12:43:21.315,3.141,2.879,5.648,-62,RECENT_MOVEMENT,101
2026-09-08T12:43:21.950,3.786,2.879,5.648,-62,RECENT_MOVEMENT,101
2026-09-08T12:43:22.583,3.198,2.879,5.648,-63,RECENT_MOVEMENT,101
2026-09-08T12:43:23.603,3.027,2.879,5.648,-63,RECENT_MOVEMENT,101
2026-09-08T12:43:24.228,3.142,2.879,5.648,-63,RECENT_MOVEMENT,101
2026-09-08T12:43:24.985,3.858,2.879,5.648,-61,RECENT_MOVEMENT,101
2026-09-08T12:43:25.622,3.875,2.879,5.648,-61,RECENT_MOVEMENT,101
2026-09-08T12:43:26.189,3.826,2.879,5.648,-62,RECENT_MOVEMENT,101
2026-09-08T12:43:26.830,2.942,2.879,5.648,-61,RECENT_MOVEMENT,101
2026-09-08T12:43:27.369,3.041,2.879,5.648,-61,RECENT_MOVEMENT,101
2026-09-08T12:43:28.216,3.935,2.879,5.648,-61,RECENT_MOVEMENT,101
2026-09-08T12:43:28.912,2.888,2.879,5.648,-62,RECENT_MOVEMENT,101
2026-09-08T12:43:29.596,2.883,2.879,5.648,-61,RECENT_MOVEMENT,101
2026-09-08T12:43:30.216,2.871,2.879,5.648,-64,RECENT_MOVEMENT,101
2026-09-08T12:43:30.877,2.857,2.879,5.648,-63,RECENT_MOVEMENT,101
2026-09-08T12:43:31.501,5.708,2.879,5.648,-64,MOVEMENT,102
2026-09-08T12:43:32.137,5.780,2.879,5.648,-63,MOVEMENT,102
2026-09-08T12:43:32.775,4.238,2.879,5.648,-64,RECENT_MOVEMENT,102
2026-09-08T12:43:33.380,3.455,2.879,5.648,-64,RECENT_MOVEMENT,102
2026-09-08T12:43:33.971,6.759,2.879,5.648,-67,MOVEMENT,103
2026-09-08T12:43:34.606,6.602,2.879,5.648,-66,MOVEMENT,103
2026-09-08T12:43:35.163,5.529,2.879,5.648,-65,RECENT_MOVEMENT,103
2026-09-08T12:43:35.675,5.312,2.879,5.648,-66,RECENT_MOVEMENT,103
2026-09-08T12:43:36.283,7.387,2.879,5.648,-65,MOVEMENT,104
2026-09-08T12:43:36.844,8.025,2.879,5.648,-64,MOVEMENT,104
2026-09-08T12:43:37.458,5.130,2.879,5.648,-65,RECENT_MOVEMENT,104
2026-09-08T12:43:38.043,6.991,2.879,5.648,-64,MOVEMENT,105
2026-09-08T12:43:39.091,8.778,2.879,5.648,-65,MOVEMENT,105
2026-09-08T12:43:39.660,10.843,2.879,5.648,-65,MOVEMENT,105
2026-09-08T12:43:40.687,10.423,2.879,5.648,-66,MOVEMENT,105
2026-09-08T12:43:41.473,4.361,2.879,5.648,-67,RECENT_MOVEMENT,105
2026-09-08T12:43:42.014,4.766,2.879,5.648,-66,RECENT_MOVEMENT,105
2026-09-08T12:43:42.616,6.047,2.879,5.648,-65,MOVEMENT,106
2026-09-08T12:43:43.202,5.453,2.879,5.648,-65,RECENT_MOVEMENT,106
2026-09-08T12:43:43.830,3.546,2.879,5.648,-66,RECENT_MOVEMENT,106
2026-09-08T12:43:44.461,3.692,2.879,5.648,-65,RECENT_MOVEMENT,106
2026-09-08T12:43:44.995,3.840,2.879,5.648,-67,RECENT_MOVEMENT,106
2026-09-08T12:43:45.567,5.010,2.879,5.648,-65,RECENT_MOVEMENT,106
2026-09-08T12:43:46.084,5.791,2.879,5.648,-66,RECENT_MOVEMENT,106
2026-09-08T12:43:46.756,5.882,2.879,5.648,-67,MOVEMENT,107
2026-09-08T12:43:47.335,5.125,2.879,5.648,-66,RECENT_MOVEMENT,107
2026-09-08T12:43:47.920,4.508,2.879,5.648,-66,RECENT_MOVEMENT,107
2026-09-08T12:43:48.506,5.629,2.879,5.648,-67,RECENT_MOVEMENT,107
2026-09-08T12:43:49.180,5.960,2.879,5.648,-65,MOVEMENT,108
2026-09-08T12:43:49.798,7.863,2.879,5.648,-67,MOVEMENT,108
2026-09-08T12:43:50.450,8.435,2.879,5.648,-67,MOVEMENT,108
2026-09-08T12:43:51.060,8.864,2.879,5.648,-63,MOVEMENT,108
2026-09-08T12:43:51.635,7.365,2.879,5.648,-64,MOVEMENT,108
2026-09-08T12:43:52.230,5.272,2.879,5.648,-65,RECENT_MOVEMENT,108
2026-09-08T12:43:52.881,3.859,2.879,5.648,-64,RECENT_MOVEMENT,108
2026-09-08T12:43:53.431,3.763,2.879,5.648,-63,RECENT_MOVEMENT,108
2026-09-08T12:43:54.268,4.124,2.879,5.648,-64,RECENT_MOVEMENT,108
2026-09-08T12:43:54.878,4.356,2.879,5.648,-64,RECENT_MOVEMENT,108
2026-09-08T12:43:55.485,3.620,2.879,5.648,-62,RECENT_MOVEMENT,108
2026-09-08T12:43:56.074,3.117,2.879,5.648,-63,RECENT_MOVEMENT,108
2026-09-08T12:43:56.687,3.124,2.879,5.648,-63,RECENT_MOVEMENT,108
2026-09-08T12:43:57.330,3.245,2.879,5.648,-62,RECENT_MOVEMENT,108
2026-09-08T12:43:57.935,3.510,2.879,5.648,-63,RECENT_MOVEMENT,108
2026-09-08T12:43:58.594,3.676,2.879,5.648,-63,RECENT_MOVEMENT,108
2026-09-08T12:43:59.596,5.584,2.879,5.648,-61,RECENT_MOVEMENT,108
2026-09-08T12:44:00.140,5.559,2.879,5.648,-61,RECENT_MOVEMENT,108
2026-09-08T12:44:00.710,5.281,2.879,5.648,-60,RECENT_MOVEMENT,108
2026-09-08T12:44:01.371,3.332,2.879,5.648,-60,RECENT_MOVEMENT,108
2026-09-08T12:44:01.978,3.350,2.879,5.648,-61,RECENT_MOVEMENT,108
2026-09-08T12:44:02.528,4.292,2.879,5.648,-61,RECENT_MOVEMENT,108
2026-09-08T12:44:03.076,4.469,2.879,5.648,-60,RECENT_MOVEMENT,108
2026-09-08T12:44:03.616,4.043,2.879,5.648,-59,RECENT_MOVEMENT,108
2026-09-08T12:44:04.207,4.402,2.879,5.648,-59,RECENT_MOVEMENT,108
2026-09-08T12:44:04.745,4.080,2.879,5.648,-60,RECENT_MOVEMENT,108
2026-09-08T12:44:05.304,4.133,2.879,5.648,-58,RECENT_MOVEMENT,108
2026-09-08T12:44:05.940,5.065,2.879,5.648,-59,RECENT_MOVEMENT,108
2026-09-08T12:44:06.758,4.054,2.879,5.648,-58,RECENT_MOVEMENT,108
2026-09-08T12:44:07.353,4.841,2.879,5.648,-58,RECENT_MOVEMENT,108
2026-09-08T12:44:07.943,6.541,2.879,5.648,-62,RECENT_MOVEMENT,108
2026-09-08T12:44:08.480,6.216,2.879,5.648,-62,MOVEMENT,109
2026-09-08T12:44:09.056,5.981,2.879,5.648,-63,MOVEMENT,109
2026-09-08T12:44:09.561,4.958,2.879,5.648,-64,RECENT_MOVEMENT,109
2026-09-08T12:44:10.158,4.075,2.879,5.648,-64,RECENT_MOVEMENT,109
2026-09-08T12:44:10.791,5.104,2.879,5.648,-63,RECENT_MOVEMENT,109
2026-09-08T12:44:11.635,5.122,2.879,5.648,-61,RECENT_MOVEMENT,109
2026-09-08T12:44:12.362,4.097,2.879,5.648,-62,RECENT_MOVEMENT,109
2026-09-08T12:44:13.094,3.807,2.879,5.648,-61,RECENT_MOVEMENT,109
2026-09-08T12:44:13.841,4.570,2.879,5.648,-62,RECENT_MOVEMENT,109
2026-09-08T12:44:14.585,5.130,2.879,5.648,-63,RECENT_MOVEMENT,109
2026-09-08T12:44:15.583,4.029,2.879,5.648,-62,RECENT_MOVEMENT,109
2026-09-08T12:44:16.112,4.217,2.879,5.648,-63,RECENT_MOVEMENT,109
2026-09-08T12:44:16.685,3.790,2.879,5.648,-62,RECENT_MOVEMENT,109
2026-09-08T12:44:17.291,3.038,2.879,5.648,-62,RECENT_MOVEMENT,109
2026-09-08T12:44:17.938,3.302,2.879,5.648,-62,RECENT_MOVEMENT,109
2026-09-08T12:44:18.462,3.378,2.879,5.648,-63,RECENT_MOVEMENT,109
2026-09-08T12:44:19.057,2.987,2.879,5.648,-62,RECENT_MOVEMENT,109
2026-09-08T12:44:19.608,2.789,2.879,5.648,-61,RECENT_MOVEMENT,109
2026-09-08T12:44:20.356,3.166,2.879,5.648,-64,RECENT_MOVEMENT,109
2026-09-08T12:44:20.935,3.428,2.879,5.648,-63,RECENT_MOVEMENT,109
2026-09-08T12:44:21.514,3.474,2.879,5.648,-63,RECENT_MOVEMENT,109
2026-09-08T12:44:22.146,2.590,2.879,5.648,-64,RECENT_MOVEMENT,109
2026-09-08T12:44:22.746,3.327,2.879,5.648,-63,RECENT_MOVEMENT,109
2026-09-08T12:44:23.311,4.305,2.879,5.648,-62,RECENT_MOVEMENT,109
2026-09-08T12:44:23.841,4.908,2.879,5.648,-65,RECENT_MOVEMENT,109
2026-09-08T12:44:24.404,4.967,2.879,5.648,-63,RECENT_MOVEMENT,109
2026-09-08T12:44:24.950,3.787,2.879,5.648,-64,RECENT_MOVEMENT,109
2026-09-08T12:44:25.519,4.049,2.879,5.648,-64,RECENT_MOVEMENT,109
2026-09-08T12:44:26.073,3.601,2.879,5.648,-63,RECENT_MOVEMENT,109
2026-09-08T12:44:26.597,3.463,2.879,5.648,-62,RECENT_MOVEMENT,109
2026-09-08T12:44:27.112,4.010,2.879,5.648,-62,RECENT_MOVEMENT,109
2026-09-08T12:44:28.318,2.761,2.879,5.648,-61,RECENT_MOVEMENT,109
2026-09-08T12:44:29.281,2.846,2.879,5.648,-63,RECENT_MOVEMENT,109
2026-09-08T12:44:29.812,2.998,2.879,5.648,-62,RECENT_MOVEMENT,109
2026-09-08T12:44:30.329,3.954,2.879,5.648,-63,RECENT_MOVEMENT,109
2026-09-08T12:44:30.852,4.099,2.879,5.648,-62,RECENT_MOVEMENT,109
2026-09-08T12:44:31.805,3.724,2.879,5.648,-62,RECENT_MOVEMENT,109
2026-09-08T12:44:32.776,3.459,2.879,5.648,-63,RECENT_MOVEMENT,109
2026-09-08T12:44:33.465,3.809,2.879,5.648,-63,RECENT_MOVEMENT,109
2026-09-08T12:44:34.026,3.254,2.879,5.648,-62,RECENT_MOVEMENT,109
2026-09-08T12:44:34.590,3.058,2.879,5.648,-62,RECENT_MOVEMENT,109
2026-09-08T12:44:35.168,2.481,2.879,5.648,-61,RECENT_MOVEMENT,109
2026-09-08T12:44:35.714,2.419,2.879,5.648,-62,RECENT_MOVEMENT,109
2026-09-08T12:44:36.268,2.926,2.879,5.648,-62,RECENT_MOVEMENT,109
2026-09-08T12:44:36.829,2.964,2.879,5.648,-62,RECENT_MOVEMENT,109
2026-09-08T12:44:37.468,3.342,2.879,5.648,-62,RECENT_MOVEMENT,109
2026-09-08T12:44:38.071,3.299,2.879,5.648,-62,RECENT_MOVEMENT,109
2026-09-08T12:44:38.674,3.250,2.879,5.648,-61,RECENT_MOVEMENT,109
2026-09-08T12:44:39.275,2.381,2.879,5.648,-61,RECENT_MOVEMENT,109
2026-09-08T12:44:39.808,2.268,2.879,5.648,-62,NO_MOVEMENT,109
2026-09-08T12:44:40.367,2.892,2.879,5.648,-63,NO_MOVEMENT,109
2026-09-08T12:44:40.958,3.708,2.879,5.648,-63,NO_MOVEMENT,109
2026-09-08T12:44:41.640,3.381,2.879,5.648,-62,NO_MOVEMENT,109
2026-09-08T12:44:42.203,2.741,2.879,5.648,-61,NO_MOVEMENT,109
2026-09-08T12:44:42.750,2.655,2.879,5.648,-60,NO_MOVEMENT,109
2026-09-08T12:44:43.337,3.170,2.879,5.648,-64,NO_MOVEMENT,109
2026-09-08T12:44:43.894,3.549,2.879,5.648,-64,NO_MOVEMENT,109
2026-09-08T12:44:44.491,3.902,2.879,5.648,-64,NO_MOVEMENT,109
2026-09-08T12:44:45.078,3.671,2.879,5.648,-64,NO_MOVEMENT,109
2026-09-08T12:44:45.778,3.267,2.879,5.648,-65,NO_MOVEMENT,109
2026-09-08T12:44:46.384,3.439,2.879,5.648,-63,NO_MOVEMENT,109
2026-09-08T12:44:46.892,3.513,2.879,5.648,-62,NO_MOVEMENT,109
2026-09-08T12:44:47.420,4.085,2.879,5.648,-63,NO_MOVEMENT,109
2026-09-08T12:44:47.969,3.708,2.879,5.648,-63,NO_MOVEMENT,109
2026-09-08T12:44:48.928,3.734,2.879,5.648,-63,NO_MOVEMENT,109
2026-09-08T12:44:49.481,3.293,2.879,5.648,-62,NO_MOVEMENT,109
2026-09-08T12:44:50.020,2.966,2.879,5.648,-62,NO_MOVEMENT,109
2026-09-08T12:44:50.534,3.370,2.879,5.648,-62,NO_MOVEMENT,109
2026-09-08T12:44:51.109,3.893,2.879,5.648,-61,NO_MOVEMENT,109
2026-09-08T12:44:51.609,3.377,2.879,5.648,-60,NO_MOVEMENT,109
2026-09-08T12:44:52.595,3.173,2.879,5.648,-61,NO_MOVEMENT,109
2026-09-08T12:44:53.112,3.555,2.879,5.648,-64,NO_MOVEMENT,109
2026-09-08T12:44:53.652,3.431,2.879,5.648,-63,NO_MOVEMENT,109
2026-09-08T12:44:54.154,3.448,2.879,5.648,-64,NO_MOVEMENT,109
2026-09-08T12:44:54.658,4.130,2.879,5.648,-62,NO_MOVEMENT,109
2026-09-08T12:44:55.182,6.448,2.879,5.648,-65,NO_MOVEMENT,109
2026-09-08T12:44:55.688,6.108,2.879,5.648,-65,MOVEMENT,110
2026-09-08T12:44:56.232,6.371,2.879,5.648,-61,MOVEMENT,110
2026-09-08T12:44:56.797,6.009,2.879,5.648,-61,MOVEMENT,110
2026-09-08T12:44:57.344,4.877,2.879,5.648,-59,RECENT_MOVEMENT,110
2026-09-08T12:44:58.049,7.706,2.879,5.648,-62,MOVEMENT,111
2026-09-08T12:44:58.577,8.271,2.879,5.648,-62,MOVEMENT,111
2026-09-08T12:44:59.114,8.187,2.879,5.648,-60,MOVEMENT,111
2026-09-08T12:44:59.755,3.951,2.879,5.648,-61,RECENT_MOVEMENT,111
2026-09-08T12:45:00.846,4.234,2.879,5.648,-61,RECENT_MOVEMENT,111
2026-09-08T12:45:01.398,4.290,2.879,5.648,-62,RECENT_MOVEMENT,111
2026-09-08T12:45:01.900,4.462,2.879,5.648,-61,RECENT_MOVEMENT,111
2026-09-08T12:45:02.475,5.891,2.879,5.648,-63,RECENT_MOVEMENT,111
2026-09-08T12:45:03.421,5.063,2.879,5.648,-61,RECENT_MOVEMENT,112
2026-09-08T12:45:03.946,4.000,2.879,5.648,-62,RECENT_MOVEMENT,112
2026-09-08T12:45:04.476,5.224,2.879,5.648,-64,RECENT_MOVEMENT,112
2026-09-08T12:45:05.459,5.664,2.879,5.648,-66,MOVEMENT,113
2026-09-08T12:45:06.455,5.278,2.879,5.648,-63,RECENT_MOVEMENT,113
2026-09-08T12:45:07.461,7.796,2.879,5.648,-64,MOVEMENT,114
2026-09-08T12:45:08.508,8.261,2.879,5.648,-63,MOVEMENT,114
2026-09-08T12:45:09.045,6.896,2.879,5.648,-62,MOVEMENT,114
2026-09-08T12:45:09.610,8.090,2.879,5.648,-63,MOVEMENT,114
2026-09-08T12:45:10.142,7.336,2.879,5.648,-62,RECENT_MOVEMENT,114
2026-09-08T12:45:10.652,7.264,2.879,5.648,-62,MOVEMENT,115
2026-09-08T12:45:11.194,6.236,2.879,5.648,-61,MOVEMENT,115
2026-09-08T12:45:12.126,4.524,2.879,5.648,-63,RECENT_MOVEMENT,115
2026-09-08T12:45:12.863,4.080,2.879,5.648,-63,RECENT_MOVEMENT,115
2026-09-08T12:45:13.440,3.349,2.879,5.648,-62,RECENT_MOVEMENT,115
2026-09-08T12:45:14.433,3.824,2.879,5.648,-61,RECENT_MOVEMENT,115
2026-09-08T12:45:15.388,2.861,2.879,5.648,-61,RECENT_MOVEMENT,115
2026-09-08T12:45:15.911,2.629,2.879,5.648,-62,RECENT_MOVEMENT,115
2026-09-08T12:45:16.878,4.124,2.879,5.648,-63,RECENT_MOVEMENT,115
2026-09-08T12:45:17.759,4.059,2.879,5.648,-62,RECENT_MOVEMENT,115
2026-09-08T12:45:18.707,4.108,2.879,5.648,-63,RECENT_MOVEMENT,115
2026-09-08T12:45:19.651,3.878,2.879,5.648,-62,RECENT_MOVEMENT,115
2026-09-08T12:45:20.557,4.169,2.879,5.648,-65,RECENT_MOVEMENT,115
2026-09-08T12:45:21.469,4.480,2.879,5.648,-63,RECENT_MOVEMENT,115
2026-09-08T12:45:22.387,4.577,2.879,5.648,-63,RECENT_MOVEMENT,115
2026-09-08T12:45:23.316,3.757,2.879,5.648,-66,RECENT_MOVEMENT,115
2026-09-08T12:45:23.836,4.674,2.879,5.648,-64,RECENT_MOVEMENT,115
2026-09-08T12:45:24.342,4.838,2.879,5.648,-64,RECENT_MOVEMENT,115
2026-09-08T12:45:25.028,4.521,2.879,5.648,-63,RECENT_MOVEMENT,115
2026-09-08T12:45:25.552,4.707,2.879,5.648,-62,RECENT_MOVEMENT,115
2026-09-08T12:45:26.150,4.456,2.879,5.648,-60,RECENT_MOVEMENT,115
2026-09-08T12:45:26.688,4.174,2.879,5.648,-61,RECENT_MOVEMENT,115
2026-09-08T12:45:27.627,4.626,2.879,5.648,-63,RECENT_MOVEMENT,115
2026-09-08T12:45:28.591,3.562,2.879,5.648,-63,RECENT_MOVEMENT,115
2026-09-08T12:45:29.122,3.745,2.879,5.648,-64,RECENT_MOVEMENT,115
2026-09-08T12:45:29.680,3.648,2.879,5.648,-63,RECENT_MOVEMENT,115
2026-09-08T12:45:30.240,4.913,2.879,5.648,-64,RECENT_MOVEMENT,115
2026-09-08T12:45:30.786,4.927,2.879,5.648,-63,RECENT_MOVEMENT,115
2026-09-08T12:45:31.306,4.278,2.879,5.648,-62,RECENT_MOVEMENT,115
2026-09-08T12:45:31.908,4.879,2.879,5.648,-63,RECENT_MOVEMENT,115
2026-09-08T12:45:32.445,4.185,2.879,5.648,-64,RECENT_MOVEMENT,115
2026-09-08T12:45:33.035,3.878,2.879,5.648,-64,RECENT_MOVEMENT,115
2026-09-08T12:45:33.610,4.311,2.879,5.648,-62,RECENT_MOVEMENT,115
2026-09-08T12:45:34.175,3.533,2.879,5.648,-63,RECENT_MOVEMENT,115
2026-09-08T12:45:34.702,5.343,2.879,5.648,-62,RECENT_MOVEMENT,115
2026-09-08T12:45:35.234,5.164,2.879,5.648,-62,RECENT_MOVEMENT,115
2026-09-08T12:45:36.148,7.827,2.879,5.648,-62,RECENT_MOVEMENT,115
2026-09-08T12:45:36.672,7.822,2.879,5.648,-64,MOVEMENT,116
2026-09-08T12:45:37.241,6.925,2.879,5.648,-64,MOVEMENT,116
2026-09-08T12:45:37.824,6.679,2.879,5.648,-64,MOVEMENT,116
2026-09-08T12:45:38.337,6.748,2.879,5.648,-64,MOVEMENT,116
2026-09-08T12:45:38.951,3.702,2.879,5.648,-64,RECENT_MOVEMENT,116
2026-09-08T12:45:39.470,5.432,2.879,5.648,-64,RECENT_MOVEMENT,116
2026-09-08T12:45:40.097,5.164,2.879,5.648,-64,RECENT_MOVEMENT,116
2026-09-08T12:45:40.599,5.353,2.879,5.648,-65,RECENT_MOVEMENT,116
2026-09-08T12:45:41.179,2.968,2.879,5.648,-65,RECENT_MOVEMENT,116
2026-09-08T12:45:41.697,4.488,2.879,5.648,-64,RECENT_MOVEMENT,116
2026-09-08T12:45:42.217,4.583,2.879,5.648,-64,RECENT_MOVEMENT,116
2026-09-08T12:45:42.736,4.608,2.879,5.648,-64,RECENT_MOVEMENT,116
2026-09-08T12:45:43.259,4.585,2.879,5.648,-64,RECENT_MOVEMENT,116
2026-09-08T12:45:43.822,9.303,2.879,5.648,-64,MOVEMENT,117
2026-09-08T12:45:44.344,9.706,2.879,5.648,-64,MOVEMENT,117
2026-09-08T12:45:44.907,10.029,2.879,5.648,-64,MOVEMENT,117
2026-09-08T12:45:45.431,3.794,2.879,5.648,-65,RECENT_MOVEMENT,117
2026-09-08T12:45:46.385,3.551,2.879,5.648,-65,RECENT_MOVEMENT,117
2026-09-08T12:45:46.919,3.508,2.879,5.648,-65,RECENT_MOVEMENT,117
2026-09-08T12:45:47.443,3.890,2.879,5.648,-67,RECENT_MOVEMENT,117
2026-09-08T12:45:47.950,3.535,2.879,5.648,-65,RECENT_MOVEMENT,117
2026-09-08T12:45:48.488,3.911,2.879,5.648,-66,RECENT_MOVEMENT,117
2026-09-08T12:45:49.028,3.829,2.879,5.648,-66,RECENT_MOVEMENT,117
2026-09-08T12:45:49.591,3.240,2.879,5.648,-64,RECENT_MOVEMENT,117
2026-09-08T12:45:50.176,3.188,2.879,5.648,-64,RECENT_MOVEMENT,117
2026-09-08T12:45:50.704,4.113,2.879,5.648,-65,RECENT_MOVEMENT,117
2026-09-08T12:45:51.278,6.117,2.879,5.648,-65,MOVEMENT,118
2026-09-08T12:45:51.854,7.418,2.879,5.648,-65,MOVEMENT,118
2026-09-08T12:45:52.433,7.608,2.879,5.648,-65,MOVEMENT,118
2026-09-08T12:45:52.948,5.543,2.879,5.648,-65,RECENT_MOVEMENT,118
2026-09-08T12:45:53.838,3.855,2.879,5.648,-63,RECENT_MOVEMENT,118
2026-09-08T12:45:54.735,4.465,2.879,5.648,-62,RECENT_MOVEMENT,118
2026-09-08T12:45:55.658,3.147,2.879,5.648,-62,RECENT_MOVEMENT,118
2026-09-08T12:45:56.597,3.500,2.879,5.648,-61,RECENT_MOVEMENT,118
2026-09-08T12:45:57.135,3.278,2.879,5.648,-60,RECENT_MOVEMENT,118
2026-09-08T12:45:57.660,3.349,2.879,5.648,-62,RECENT_MOVEMENT,118
2026-09-08T12:45:58.177,2.908,2.879,5.648,-62,RECENT_MOVEMENT,118
2026-09-08T12:45:58.744,2.842,2.879,5.648,-61,RECENT_MOVEMENT,118
2026-09-08T12:45:59.270,3.237,2.879,5.648,-61,RECENT_MOVEMENT,118
2026-09-08T12:45:59.824,4.932,2.879,5.648,-61,RECENT_MOVEMENT,118
2026-09-08T12:46:00.340,4.772,2.879,5.648,-61,RECENT_MOVEMENT,118
2026-09-08T12:46:01.335,4.787,2.879,5.648,-61,RECENT_MOVEMENT,118
2026-09-08T12:46:02.258,2.800,2.879,5.648,-62,RECENT_MOVEMENT,118
2026-09-08T12:46:03.242,4.992,2.879,5.648,-60,RECENT_MOVEMENT,118
2026-09-08T12:46:03.831,5.326,2.879,5.648,-58,RECENT_MOVEMENT,118
2026-09-08T12:46:04.399,5.027,2.879,5.648,-60,RECENT_MOVEMENT,118
2026-09-08T12:46:04.997,3.525,2.879,5.648,-62,RECENT_MOVEMENT,118
2026-09-08T12:46:05.526,3.256,2.879,5.648,-62,RECENT_MOVEMENT,118
2026-09-08T12:46:06.111,3.343,2.879,5.648,-63,RECENT_MOVEMENT,118
2026-09-08T12:46:06.634,4.571,2.879,5.648,-64,RECENT_MOVEMENT,118
2026-09-08T12:46:07.542,4.542,2.879,5.648,-62,RECENT_MOVEMENT,118
2026-09-08T12:46:08.116,4.255,2.879,5.648,-63,RECENT_MOVEMENT,118
2026-09-08T12:46:09.192,4.263,2.879,5.648,-64,RECENT_MOVEMENT,118
2026-09-08T12:46:09.759,4.144,2.879,5.648,-61,RECENT_MOVEMENT,118
2026-09-08T12:46:10.328,4.341,2.879,5.648,-63,RECENT_MOVEMENT,118
2026-09-08T12:46:10.891,6.071,2.879,5.648,-64,MOVEMENT,119
2026-09-08T12:46:11.938,6.546,2.879,5.648,-64,RECENT_MOVEMENT,119
2026-09-08T12:46:12.519,5.636,2.879,5.648,-63,RECENT_MOVEMENT,120
2026-09-08T12:46:13.083,6.452,2.879,5.648,-64,MOVEMENT,121
2026-09-08T12:46:13.609,6.464,2.879,5.648,-64,MOVEMENT,121
2026-09-08T12:46:14.118,4.819,2.879,5.648,-64,RECENT_MOVEMENT,121
2026-09-08T12:46:14.675,4.391,2.879,5.648,-64,RECENT_MOVEMENT,121
2026-09-08T12:46:15.180,4.047,2.879,5.648,-63,RECENT_MOVEMENT,121
2026-09-08T12:46:15.734,3.818,2.879,5.648,-64,RECENT_MOVEMENT,121
2026-09-08T12:46:16.274,4.044,2.879,5.648,-64,RECENT_MOVEMENT,121
2026-09-08T12:46:17.240,4.203,2.879,5.648,-65,RECENT_MOVEMENT,121
2026-09-08T12:46:18.162,3.493,2.879,5.648,-65,RECENT_MOVEMENT,121
2026-09-08T12:46:18.708,4.864,2.879,5.648,-66,RECENT_MOVEMENT,121
2026-09-08T12:46:19.267,5.560,2.879,5.648,-66,RECENT_MOVEMENT,121
2026-09-08T12:46:20.259,6.836,2.879,5.648,-65,RECENT_MOVEMENT,122
2026-09-08T12:46:20.776,6.777,2.879,5.648,-65,MOVEMENT,123
2026-09-08T12:46:21.341,6.350,2.879,5.648,-65,MOVEMENT,123
2026-09-08T12:46:21.915,5.776,2.879,5.648,-64,MOVEMENT,123
2026-09-08T12:46:22.488,4.144,2.879,5.648,-64,RECENT_MOVEMENT,123
2026-09-08T12:46:23.074,7.603,2.879,5.648,-61,RECENT_MOVEMENT,123
2026-09-08T12:46:23.629,7.681,2.879,5.648,-64,MOVEMENT,124
2026-09-08T12:46:24.202,7.529,2.879,5.648,-64,MOVEMENT,124
2026-09-08T12:46:24.754,7.478,2.879,5.648,-62,MOVEMENT,124
2026-09-08T12:46:25.315,3.628,2.879,5.648,-63,RECENT_MOVEMENT,124
2026-09-08T12:46:25.875,3.079,2.879,5.648,-63,RECENT_MOVEMENT,124
2026-09-08T12:46:26.394,3.043,2.879,5.648,-62,RECENT_MOVEMENT,124
2026-09-08T12:46:26.903,5.481,2.879,5.648,-62,RECENT_MOVEMENT,124
2026-09-08T12:46:27.895,8.408,2.879,5.648,-61,MOVEMENT,125
2026-09-08T12:46:28.462,6.545,2.879,5.648,-62,MOVEMENT,125
2026-09-08T12:46:28.991,6.476,2.879,5.648,-62,MOVEMENT,125
2026-09-08T12:46:29.968,4.705,2.879,5.648,-63,RECENT_MOVEMENT,125
2026-09-08T12:46:30.497,3.059,2.879,5.648,-62,RECENT_MOVEMENT,125
2026-09-08T12:46:31.063,4.043,2.879,5.648,-62,RECENT_MOVEMENT,125
2026-09-08T12:46:32.115,4.409,2.879,5.648,-62,RECENT_MOVEMENT,125
2026-09-08T12:46:32.664,2.895,2.879,5.648,-61,RECENT_MOVEMENT,125
2026-09-08T12:46:33.280,5.278,2.879,5.648,-58,RECENT_MOVEMENT,125
2026-09-08T12:46:33.847,7.174,2.879,5.648,-63,MOVEMENT,126
2026-09-08T12:46:34.433,9.912,2.879,5.648,-71,MOVEMENT,126
2026-09-08T12:46:34.951,19.349,2.879,5.648,-67,MOVEMENT,126
2026-09-08T12:46:35.461,19.433,2.879,5.648,-64,MOVEMENT,126
2026-09-08T12:46:35.994,18.733,2.879,5.648,-64,MOVEMENT,126
2026-09-08T12:46:36.545,18.091,2.879,5.648,-63,MOVEMENT,126
2026-09-08T12:46:37.113,5.651,2.879,5.648,-65,MOVEMENT,126
2026-09-08T12:46:37.647,4.788,2.879,5.648,-66,RECENT_MOVEMENT,126
2026-09-08T12:46:38.180,5.305,2.879,5.648,-66,RECENT_MOVEMENT,126
2026-09-08T12:46:38.771,6.104,2.879,5.648,-69,MOVEMENT,127
2026-09-08T12:46:39.787,5.013,2.879,5.648,-68,RECENT_MOVEMENT,127
2026-09-08T12:46:40.442,4.251,2.879,5.648,-66,RECENT_MOVEMENT,127
2026-09-08T12:46:41.063,4.431,2.879,5.648,-67,RECENT_MOVEMENT,127
2026-09-08T12:46:41.754,4.348,2.879,5.648,-66,RECENT_MOVEMENT,127
2026-09-08T12:46:42.301,3.942,2.879,5.648,-65,RECENT_MOVEMENT,127
2026-09-08T12:46:42.884,3.438,2.879,5.648,-65,RECENT_MOVEMENT,127
2026-09-08T12:46:43.444,3.281,2.879,5.648,-64,RECENT_MOVEMENT,127
2026-09-08T12:46:44.083,5.591,2.879,5.648,-62,RECENT_MOVEMENT,127
2026-09-08T12:46:44.715,6.853,2.879,5.648,-63,MOVEMENT,128
2026-09-08T12:46:45.288,7.161,2.879,5.648,-63,MOVEMENT,128
2026-09-08T12:46:45.808,6.823,2.879,5.648,-62,MOVEMENT,128
2026-09-08T12:46:46.506,5.534,2.879,5.648,-63,RECENT_MOVEMENT,128
2026-09-08T12:46:47.020,5.710,2.879,5.648,-64,RECENT_MOVEMENT,128
2026-09-08T12:46:47.554,5.956,2.879,5.648,-63,MOVEMENT,129
2026-09-08T12:46:48.155,7.757,2.879,5.648,-63,MOVEMENT,129
2026-09-08T12:46:49.071,6.238,2.879,5.648,-61,MOVEMENT,129
2026-09-08T12:46:49.614,6.603,2.879,5.648,-63,MOVEMENT,129
2026-09-08T12:46:50.167,6.928,2.879,5.648,-62,MOVEMENT,129
2026-09-08T12:46:51.128,7.710,2.879,5.648,-66,MOVEMENT,129
2026-09-08T12:46:52.093,7.207,2.879,5.648,-67,MOVEMENT,129
2026-09-08T12:46:52.959,8.632,2.879,5.648,-65,MOVEMENT,129
2026-09-08T12:46:53.540,8.135,2.879,5.648,-67,MOVEMENT,129
2026-09-08T12:46:54.108,6.675,2.879,5.648,-69,MOVEMENT,129
2026-09-08T12:46:54.634,6.532,2.879,5.648,-67,MOVEMENT,130
2026-09-08T12:46:55.200,6.428,2.879,5.648,-70,MOVEMENT,130
2026-09-08T12:46:55.805,8.608,2.879,5.648,-68,MOVEMENT,130
2026-09-08T12:46:56.411,7.994,2.879,5.648,-64,MOVEMENT,130
2026-09-08T12:46:57.012,8.787,2.879,5.648,-63,MOVEMENT,130
2026-09-08T12:46:57.580,7.148,2.879,5.648,-63,MOVEMENT,130
2026-09-08T12:46:58.164,6.724,2.879,5.648,-64,MOVEMENT,130
2026-09-08T12:46:58.706,8.609,2.879,5.648,-65,MOVEMENT,130
2026-09-08T12:46:59.213,11.601,2.879,5.648,-66,MOVEMENT,130
2026-09-08T12:46:59.724,11.802,2.879,5.648,-67,MOVEMENT,130
2026-09-08T12:47:00.271,12.798,2.879,5.648,-66,MOVEMENT,130
2026-09-08T12:47:00.816,12.058,2.879,5.648,-66,MOVEMENT,130
2026-09-08T12:47:01.354,12.921,2.879,5.648,-64,MOVEMENT,130
2026-09-08T12:47:01.863,13.779,2.879,5.648,-64,MOVEMENT,130
2026-09-08T12:47:02.427,12.290,2.879,5.648,-62,MOVEMENT,130
2026-09-08T12:47:03.042,8.941,2.879,5.648,-64,MOVEMENT,130
2026-09-08T12:47:03.629,6.229,2.879,5.648,-65,MOVEMENT,130
2026-09-08T12:47:04.254,4.171,2.879,5.648,-64,RECENT_MOVEMENT,130
2026-09-08T12:50:45.206,3.592,4.541,7.605,-60,NO_MOVEMENT,0
2026-09-08T12:50:45.885,3.084,4.541,7.605,-60,NO_MOVEMENT,0
2026-09-08T12:50:46.559,2.747,4.541,7.605,-60,NO_MOVEMENT,0
2026-09-08T12:50:47.238,2.901,4.541,7.605,-62,NO_MOVEMENT,0
2026-09-08T12:50:47.909,4.014,4.541,7.605,-65,NO_MOVEMENT,0
2026-09-08T12:50:48.589,4.463,4.541,7.605,-65,NO_MOVEMENT,0
2026-09-08T12:50:49.259,5.186,4.541,7.605,-69,NO_MOVEMENT,0
2026-09-08T12:50:49.924,6.812,4.541,7.605,-61,NO_MOVEMENT,0
2026-09-08T12:50:50.600,6.975,4.541,7.605,-62,NO_MOVEMENT,0
2026-09-08T12:50:51.277,6.780,4.541,7.605,-64,NO_MOVEMENT,0
2026-09-08T12:50:51.953,6.253,4.541,7.605,-58,NO_MOVEMENT,0
2026-09-08T12:50:52.635,4.738,4.541,7.605,-60,NO_MOVEMENT,0
2026-09-08T12:50:53.311,5.144,4.541,7.605,-66,NO_MOVEMENT,0
2026-09-08T12:50:53.997,6.346,4.541,7.605,-67,NO_MOVEMENT,0
2026-09-08T12:50:54.672,7.857,4.541,7.605,-62,MOVEMENT,1
2026-09-08T12:50:55.352,7.594,4.541,7.605,-63,RECENT_MOVEMENT,1
2026-09-08T12:50:56.014,6.633,4.541,7.605,-64,RECENT_MOVEMENT,1
2026-09-08T12:50:56.680,4.977,4.541,7.605,-62,RECENT_MOVEMENT,1
2026-09-08T12:50:57.345,4.818,4.541,7.605,-59,RECENT_MOVEMENT,1
2026-09-08T12:50:58.003,3.329,4.541,7.605,-63,RECENT_MOVEMENT,1
2026-09-08T12:50:59.337,3.281,4.541,7.605,-62,RECENT_MOVEMENT,1
2026-09-08T12:51:00.019,5.334,4.541,7.605,-62,RECENT_MOVEMENT,1
2026-09-08T12:51:00.777,6.149,4.541,7.605,-65,RECENT_MOVEMENT,1
2026-09-08T12:51:01.401,4.426,4.541,7.605,-63,RECENT_MOVEMENT,1
2026-09-08T12:51:01.945,5.086,4.541,7.605,-66,RECENT_MOVEMENT,1
2026-09-08T12:51:02.571,5.059,4.541,7.605,-65,RECENT_MOVEMENT,1
2026-09-08T12:51:03.120,4.666,4.541,7.605,-65,RECENT_MOVEMENT,1
2026-09-08T12:51:03.703,4.727,4.541,7.605,-65,RECENT_MOVEMENT,1
2026-09-08T12:51:04.285,4.273,4.541,7.605,-65,RECENT_MOVEMENT,1
2026-09-08T12:51:04.840,8.454,4.541,7.605,-65,MOVEMENT,2
2026-09-08T12:51:05.419,11.219,4.541,7.605,-65,MOVEMENT,2
2026-09-08T12:51:06.061,11.547,4.541,7.605,-65,MOVEMENT,2
2026-09-08T12:51:06.619,8.556,4.541,7.605,-65,MOVEMENT,2
2026-09-08T12:51:07.231,5.811,4.541,7.605,-64,RECENT_MOVEMENT,2
2026-09-08T12:51:07.770,6.059,4.541,7.605,-65,RECENT_MOVEMENT,2
2026-09-08T12:51:08.296,9.369,4.541,7.605,-65,MOVEMENT,3
2026-09-08T12:51:08.895,9.295,4.541,7.605,-66,MOVEMENT,3
2026-09-08T12:51:09.450,8.178,4.541,7.605,-65,MOVEMENT,3
2026-09-08T12:51:10.015,3.722,4.541,7.605,-65,RECENT_MOVEMENT,3
2026-09-08T12:51:10.603,3.849,4.541,7.605,-64,RECENT_MOVEMENT,3
2026-09-08T12:51:11.659,6.826,4.541,7.605,-65,RECENT_MOVEMENT,3
2026-09-08T12:51:12.245,7.627,4.541,7.605,-64,RECENT_MOVEMENT,3
2026-09-08T12:51:12.790,7.432,4.541,7.605,-63,RECENT_MOVEMENT,3
2026-09-08T12:51:13.753,3.496,4.541,7.605,-62,RECENT_MOVEMENT,3
2026-09-08T12:51:14.339,3.034,4.541,7.605,-63,RECENT_MOVEMENT,3
2026-09-08T12:51:15.333,3.919,4.541,7.605,-63,RECENT_MOVEMENT,3
2026-09-08T12:51:15.929,3.645,4.541,7.605,-63,RECENT_MOVEMENT,3
2026-09-08T12:51:16.444,4.762,4.541,7.605,-62,RECENT_MOVEMENT,3
2026-09-08T12:51:17.007,5.035,4.541,7.605,-64,RECENT_MOVEMENT,3
2026-09-08T12:51:17.597,5.205,4.541,7.605,-65,RECENT_MOVEMENT,3
2026-09-08T12:51:18.142,5.269,4.541,7.605,-65,RECENT_MOVEMENT,3
2026-09-08T12:51:18.702,4.007,4.541,7.605,-65,RECENT_MOVEMENT,3
2026-09-08T12:51:19.224,3.740,4.541,7.605,-65,RECENT_MOVEMENT,3
2026-09-08T12:51:19.780,4.265,4.541,7.605,-65,RECENT_MOVEMENT,3
2026-09-08T12:51:20.381,4.666,4.541,7.605,-65,RECENT_MOVEMENT,3
2026-09-08T12:51:20.915,4.527,4.541,7.605,-66,RECENT_MOVEMENT,3
2026-09-08T12:51:21.801,4.868,4.541,7.605,-65,RECENT_MOVEMENT,3
2026-09-08T12:51:22.323,5.267,4.541,7.605,-67,RECENT_MOVEMENT,3
2026-09-08T12:51:22.845,5.771,4.541,7.605,-66,RECENT_MOVEMENT,3
2026-09-08T12:51:23.428,6.365,4.541,7.605,-66,RECENT_MOVEMENT,3
2026-09-08T12:51:24.075,5.962,4.541,7.605,-73,RECENT_MOVEMENT,3
2026-09-08T12:51:25.242,7.012,4.541,7.605,-64,RECENT_MOVEMENT,4
2026-09-08T12:51:26.039,4.335,4.541,7.605,-64,RECENT_MOVEMENT,4
2026-09-08T12:51:26.838,3.658,4.541,7.605,-64,RECENT_MOVEMENT,4
2026-09-08T12:51:27.655,3.958,4.541,7.605,-64,RECENT_MOVEMENT,4
2026-09-08T12:51:28.636,4.288,4.541,7.605,-63,RECENT_MOVEMENT,4
2026-09-08T12:51:29.434,3.839,4.541,7.605,-64,RECENT_MOVEMENT,4
2026-09-08T12:51:30.439,3.799,4.541,7.605,-64,RECENT_MOVEMENT,4
2026-09-08T12:51:31.397,4.112,4.541,7.605,-62,RECENT_MOVEMENT,4
2026-09-08T12:51:32.315,8.086,4.541,7.605,-63,MOVEMENT,5
2026-09-08T12:51:32.890,7.990,4.541,7.605,-64,MOVEMENT,5
2026-09-08T12:51:33.842,3.738,4.541,7.605,-65,RECENT_MOVEMENT,5
2026-09-08T12:51:34.375,4.007,4.541,7.605,-66,RECENT_MOVEMENT,5
2026-09-08T12:51:35.101,4.177,4.541,7.605,-65,RECENT_MOVEMENT,5
2026-09-08T12:51:35.816,3.816,4.541,7.605,-64,RECENT_MOVEMENT,5
2026-09-08T12:51:36.532,4.167,4.541,7.605,-65,RECENT_MOVEMENT,5
2026-09-08T12:51:37.250,4.710,4.541,7.605,-65,RECENT_MOVEMENT,5
2026-09-08T12:51:38.137,4.204,4.541,7.605,-64,RECENT_MOVEMENT,5
2026-09-08T12:51:39.064,5.630,4.541,7.605,-67,RECENT_MOVEMENT,5
2026-09-08T12:51:39.632,6.285,4.541,7.605,-65,RECENT_MOVEMENT,5
2026-09-08T12:51:40.203,5.948,4.541,7.605,-65,RECENT_MOVEMENT,5
2026-09-08T12:51:40.741,5.250,4.541,7.605,-67,RECENT_MOVEMENT,5
2026-09-08T12:51:41.242,4.867,4.541,7.605,-64,RECENT_MOVEMENT,5
2026-09-08T12:51:42.127,4.237,4.541,7.605,-65,RECENT_MOVEMENT,5
2026-09-08T12:51:43.070,6.689,4.541,7.605,-66,RECENT_MOVEMENT,5
2026-09-08T12:51:44.033,6.832,4.541,7.605,-64,RECENT_MOVEMENT,5
2026-09-08T12:51:44.884,3.631,4.541,7.605,-64,RECENT_MOVEMENT,5
2026-09-08T12:51:45.620,3.388,4.541,7.605,-64,RECENT_MOVEMENT,5
2026-09-08T12:51:46.412,4.183,4.541,7.605,-64,RECENT_MOVEMENT,5
2026-09-08T12:51:47.168,4.814,4.541,7.605,-65,RECENT_MOVEMENT,5
2026-09-08T12:51:47.972,5.912,4.541,7.605,-64,RECENT_MOVEMENT,5
2026-09-08T12:51:48.784,5.048,4.541,7.605,-64,RECENT_MOVEMENT,5
2026-09-08T12:51:49.794,4.818,4.541,7.605,-64,RECENT_MOVEMENT,5
2026-09-08T12:51:50.381,4.243,4.541,7.605,-64,RECENT_MOVEMENT,5
2026-09-08T12:51:50.932,3.938,4.541,7.605,-64,RECENT_MOVEMENT,5
2026-09-08T12:51:51.491,3.985,4.541,7.605,-62,RECENT_MOVEMENT,5
2026-09-08T12:51:52.018,3.843,4.541,7.605,-62,RECENT_MOVEMENT,5
2026-09-08T12:51:52.946,3.306,4.541,7.605,-61,RECENT_MOVEMENT,5
2026-09-08T12:51:53.493,5.052,4.541,7.605,-62,RECENT_MOVEMENT,5
2026-09-08T12:51:54.073,6.432,4.541,7.605,-64,RECENT_MOVEMENT,5
2026-09-08T12:51:54.660,7.340,4.541,7.605,-66,RECENT_MOVEMENT,5
2026-09-08T12:51:55.251,8.137,4.541,7.605,-65,MOVEMENT,6
2026-09-08T12:51:56.214,9.723,4.541,7.605,-65,MOVEMENT,6
2026-09-08T12:51:56.820,10.255,4.541,7.605,-65,MOVEMENT,6
2026-09-08T12:51:57.443,9.042,4.541,7.605,-65,MOVEMENT,6
2026-09-08T12:51:58.094,6.470,4.541,7.605,-63,RECENT_MOVEMENT,6
2026-09-08T12:51:58.805,7.706,4.541,7.605,-64,MOVEMENT,7
2026-09-08T12:51:59.418,6.763,4.541,7.605,-63,RECENT_MOVEMENT,7
2026-09-08T12:52:00.118,6.244,4.541,7.605,-63,RECENT_MOVEMENT,7
2026-09-08T12:52:00.711,3.286,4.541,7.605,-62,RECENT_MOVEMENT,7
2026-09-08T12:52:01.365,3.439,4.541,7.605,-60,RECENT_MOVEMENT,7
2026-09-08T12:52:02.063,3.523,4.541,7.605,-61,RECENT_MOVEMENT,7
2026-09-08T12:52:02.921,3.155,4.541,7.605,-61,RECENT_MOVEMENT,7
2026-09-08T12:52:03.546,4.719,4.541,7.605,-63,RECENT_MOVEMENT,7
2026-09-08T12:52:04.147,5.147,4.541,7.605,-60,RECENT_MOVEMENT,7
2026-09-08T12:52:04.830,6.746,4.541,7.605,-63,RECENT_MOVEMENT,7
2026-09-08T12:52:05.511,6.204,4.541,7.605,-63,RECENT_MOVEMENT,7
2026-09-08T12:52:06.104,6.514,4.541,7.605,-64,RECENT_MOVEMENT,7
2026-09-08T12:52:06.763,4.494,4.541,7.605,-64,RECENT_MOVEMENT,7
2026-09-08T12:52:07.414,6.703,4.541,7.605,-66,RECENT_MOVEMENT,7
2026-09-08T12:52:08.043,9.226,4.541,7.605,-67,MOVEMENT,8
2026-09-08T12:52:08.881,10.021,4.541,7.605,-63,MOVEMENT,8
2026-09-08T12:52:09.453,6.355,4.541,7.605,-64,RECENT_MOVEMENT,8
2026-09-08T12:52:10.067,5.298,4.541,7.605,-64,RECENT_MOVEMENT,8
2026-09-08T12:52:10.699,8.337,4.541,7.605,-62,MOVEMENT,9
2026-09-08T12:52:11.312,9.641,4.541,7.605,-62,MOVEMENT,9
2026-09-08T12:52:12.008,9.075,4.541,7.605,-62,MOVEMENT,9
2026-09-08T12:52:12.643,3.980,4.541,7.605,-62,RECENT_MOVEMENT,9
2026-09-08T12:52:13.291,5.265,4.541,7.605,-64,RECENT_MOVEMENT,9
2026-09-08T12:52:13.933,5.678,4.541,7.605,-63,RECENT_MOVEMENT,9
2026-09-08T12:52:14.729,7.647,4.541,7.605,-66,RECENT_MOVEMENT,9
2026-09-08T12:52:15.391,7.050,4.541,7.605,-66,RECENT_MOVEMENT,10
2026-09-08T12:52:15.999,6.973,4.541,7.605,-67,RECENT_MOVEMENT,10
2026-09-08T12:52:16.676,7.418,4.541,7.605,-63,RECENT_MOVEMENT,10
2026-09-08T12:52:17.258,5.821,4.541,7.605,-66,RECENT_MOVEMENT,10
2026-09-08T12:52:17.932,4.924,4.541,7.605,-62,RECENT_MOVEMENT,10
2026-09-08T12:52:18.449,5.693,4.541,7.605,-61,RECENT_MOVEMENT,10
2026-09-08T12:52:19.020,5.633,4.541,7.605,-61,RECENT_MOVEMENT,10
2026-09-08T12:52:19.663,5.954,4.541,7.605,-63,RECENT_MOVEMENT,10
2026-09-08T12:52:20.191,3.535,4.541,7.605,-65,RECENT_MOVEMENT,10
2026-09-08T12:52:20.819,5.536,4.541,7.605,-64,RECENT_MOVEMENT,10
2026-09-08T12:52:21.586,5.993,4.541,7.605,-62,RECENT_MOVEMENT,10
2026-09-08T12:52:22.258,6.021,4.541,7.605,-63,RECENT_MOVEMENT,10
2026-09-08T12:52:22.848,3.143,4.541,7.605,-63,RECENT_MOVEMENT,10
2026-09-08T12:52:23.523,2.835,4.541,7.605,-64,RECENT_MOVEMENT,10
2026-09-08T12:52:24.144,2.898,4.541,7.605,-63,RECENT_MOVEMENT,10
2026-09-08T12:52:24.814,2.913,4.541,7.605,-63,RECENT_MOVEMENT,10
2026-09-08T12:52:25.454,3.309,4.541,7.605,-63,RECENT_MOVEMENT,10
2026-09-08T12:52:26.211,4.674,4.541,7.605,-63,RECENT_MOVEMENT,10
2026-09-08T12:52:26.947,4.700,4.541,7.605,-63,RECENT_MOVEMENT,10
2026-09-08T12:52:27.614,3.280,4.541,7.605,-64,RECENT_MOVEMENT,10
2026-09-08T12:52:28.320,2.929,4.541,7.605,-64,RECENT_MOVEMENT,10
2026-09-08T12:52:28.920,3.327,4.541,7.605,-63,RECENT_MOVEMENT,10
2026-09-08T12:52:29.503,3.496,4.541,7.605,-63,RECENT_MOVEMENT,10
2026-09-08T12:52:30.084,2.881,4.541,7.605,-64,RECENT_MOVEMENT,10
2026-09-08T12:52:30.742,2.961,4.541,7.605,-63,RECENT_MOVEMENT,10
2026-09-08T12:52:31.317,3.025,4.541,7.605,-63,RECENT_MOVEMENT,10
2026-09-08T12:52:31.956,5.342,4.541,7.605,-62,RECENT_MOVEMENT,10
2026-09-08T12:52:32.773,6.481,4.541,7.605,-62,RECENT_MOVEMENT,10
2026-09-08T12:52:33.395,6.765,4.541,7.605,-64,RECENT_MOVEMENT,10
2026-09-08T12:52:33.951,4.908,4.541,7.605,-64,RECENT_MOVEMENT,10
2026-09-08T12:52:34.623,3.394,4.541,7.605,-63,RECENT_MOVEMENT,10
2026-09-08T12:52:35.155,3.186,4.541,7.605,-63,RECENT_MOVEMENT,10
2026-09-08T12:52:35.676,3.771,4.541,7.605,-61,RECENT_MOVEMENT,10
2026-09-08T12:52:36.266,4.568,4.541,7.605,-62,RECENT_MOVEMENT,10
2026-09-08T12:52:37.133,4.404,4.541,7.605,-63,RECENT_MOVEMENT,10
2026-09-08T12:52:37.723,5.067,4.541,7.605,-65,RECENT_MOVEMENT,10
2026-09-08T12:52:38.322,5.158,4.541,7.605,-63,RECENT_MOVEMENT,10
2026-09-08T12:52:38.926,4.765,4.541,7.605,-62,RECENT_MOVEMENT,10
2026-09-08T12:52:39.471,4.818,4.541,7.605,-63,RECENT_MOVEMENT,10
2026-09-08T12:52:39.983,3.788,4.541,7.605,-64,RECENT_MOVEMENT,10
2026-09-08T12:52:40.510,4.072,4.541,7.605,-63,RECENT_MOVEMENT,10
2026-09-08T12:52:41.168,4.478,4.541,7.605,-63,RECENT_MOVEMENT,10
2026-09-08T12:52:41.861,4.662,4.541,7.605,-63,RECENT_MOVEMENT,10
2026-09-08T12:52:42.619,5.841,4.541,7.605,-66,RECENT_MOVEMENT,10
2026-09-08T12:52:43.170,5.676,4.541,7.605,-66,RECENT_MOVEMENT,10
2026-09-08T12:52:43.760,5.931,4.541,7.605,-63,RECENT_MOVEMENT,10
2026-09-08T12:52:44.298,5.222,4.541,7.605,-61,RECENT_MOVEMENT,10
2026-09-08T12:52:44.868,4.289,4.541,7.605,-63,RECENT_MOVEMENT,10
2026-09-08T12:52:45.552,4.409,4.541,7.605,-65,NO_MOVEMENT,10
2026-09-08T12:52:46.107,4.310,4.541,7.605,-64,NO_MOVEMENT,10
2026-09-08T12:52:46.821,3.916,4.541,7.605,-65,NO_MOVEMENT,10
2026-09-08T12:52:47.371,4.305,4.541,7.605,-66,NO_MOVEMENT,10
2026-09-08T12:52:47.958,3.802,4.541,7.605,-64,NO_MOVEMENT,10
2026-09-08T12:52:48.689,3.850,4.541,7.605,-63,NO_MOVEMENT,10
2026-09-08T12:52:49.293,4.279,4.541,7.605,-62,NO_MOVEMENT,10
2026-09-08T12:52:49.989,4.637,4.541,7.605,-62,NO_MOVEMENT,10
2026-09-08T12:52:50.645,4.209,4.541,7.605,-62,NO_MOVEMENT,10
2026-09-08T12:52:51.234,5.023,4.541,7.605,-61,NO_MOVEMENT,10
2026-09-08T12:52:51.915,4.699,4.541,7.605,-63,NO_MOVEMENT,10
2026-09-08T12:52:52.438,4.604,4.541,7.605,-63,NO_MOVEMENT,10
2026-09-08T12:52:53.114,3.397,4.541,7.605,-63,NO_MOVEMENT,10
2026-09-08T12:52:53.652,3.468,4.541,7.605,-63,NO_MOVEMENT,10
2026-09-08T12:52:54.262,3.680,4.541,7.605,-62,NO_MOVEMENT,10
2026-09-08T12:52:55.220,6.758,4.541,7.605,-63,NO_MOVEMENT,10
2026-09-08T12:52:55.837,5.973,4.541,7.605,-63,NO_MOVEMENT,10
2026-09-08T12:52:56.435,5.338,4.541,7.605,-63,NO_MOVEMENT,10
2026-09-08T12:52:57.195,3.664,4.541,7.605,-64,NO_MOVEMENT,10
2026-09-08T12:52:57.904,4.542,4.541,7.605,-64,NO_MOVEMENT,10
2026-09-08T12:52:58.538,4.188,4.541,7.605,-63,NO_MOVEMENT,10
2026-09-08T12:52:59.201,3.582,4.541,7.605,-62,NO_MOVEMENT,10
2026-09-08T12:52:59.866,2.965,4.541,7.605,-63,NO_MOVEMENT,10
2026-09-08T12:53:00.485,2.690,4.541,7.605,-62,NO_MOVEMENT,10
2026-09-08T12:53:01.130,3.719,4.541,7.605,-62,NO_MOVEMENT,10
2026-09-08T12:53:01.786,3.654,4.541,7.605,-62,NO_MOVEMENT,10
2026-09-08T12:53:02.388,4.962,4.541,7.605,-62,NO_MOVEMENT,10
2026-09-08T12:53:03.154,4.670,4.541,7.605,-64,NO_MOVEMENT,10
2026-09-08T12:53:03.838,3.025,4.541,7.605,-63,NO_MOVEMENT,10
2026-09-08T12:53:04.481,5.226,4.541,7.605,-63,NO_MOVEMENT,10
2026-09-08T12:53:05.055,5.492,4.541,7.605,-64,NO_MOVEMENT,10
2026-09-08T12:53:05.635,5.765,4.541,7.605,-62,NO_MOVEMENT,10
2026-09-08T12:53:06.248,3.996,4.541,7.605,-63,NO_MOVEMENT,10
2026-09-08T12:53:06.891,3.109,4.541,7.605,-62,NO_MOVEMENT,10
2026-09-08T12:53:07.522,5.698,4.541,7.605,-63,NO_MOVEMENT,10
2026-09-08T12:53:08.106,5.377,4.541,7.605,-62,NO_MOVEMENT,10
2026-09-08T12:53:08.672,5.753,4.541,7.605,-63,NO_MOVEMENT,10
2026-09-08T12:53:09.287,5.685,4.541,7.605,-63,NO_MOVEMENT,10
2026-09-08T12:53:10.092,5.487,4.541,7.605,-62,NO_MOVEMENT,10
2026-09-08T12:53:10.761,5.416,4.541,7.605,-62,NO_MOVEMENT,10
2026-09-08T12:53:11.419,6.413,4.541,7.605,-62,NO_MOVEMENT,10
2026-09-08T12:53:12.161,4.957,4.541,7.605,-63,NO_MOVEMENT,10
2026-09-08T12:53:12.717,6.032,4.541,7.605,-61,NO_MOVEMENT,10
2026-09-08T12:53:13.412,7.558,4.541,7.605,-63,RECENT_MOVEMENT,11
2026-09-08T12:53:14.117,7.674,4.541,7.605,-63,MOVEMENT,12
2026-09-08T12:53:14.737,6.527,4.541,7.605,-62,RECENT_MOVEMENT,12
2026-09-08T12:53:15.389,2.877,4.541,7.605,-62,RECENT_MOVEMENT,12
2026-09-08T12:53:15.914,2.458,4.541,7.605,-62,RECENT_MOVEMENT,12
2026-09-08T12:53:16.596,2.950,4.541,7.605,-63,RECENT_MOVEMENT,12
2026-09-08T12:53:17.433,3.875,4.541,7.605,-66,RECENT_MOVEMENT,12
2026-09-08T12:53:18.138,3.428,4.541,7.605,-66,RECENT_MOVEMENT,12
2026-09-08T12:53:18.780,2.938,4.541,7.605,-65,RECENT_MOVEMENT,12
2026-09-08T12:53:19.382,3.664,4.541,7.605,-65,RECENT_MOVEMENT,12
2026-09-08T12:53:20.049,6.135,4.541,7.605,-67,RECENT_MOVEMENT,12
2026-09-08T12:53:20.636,7.260,4.541,7.605,-71,RECENT_MOVEMENT,12
2026-09-08T12:53:21.345,9.376,4.541,7.605,-67,MOVEMENT,13
2026-09-08T12:53:21.991,12.839,4.541,7.605,-69,MOVEMENT,13
2026-09-08T12:53:22.582,13.774,4.541,7.605,-65,MOVEMENT,13
2026-09-08T12:53:23.272,13.535,4.541,7.605,-68,MOVEMENT,13
2026-09-08T12:53:24.014,12.009,4.541,7.605,-68,MOVEMENT,13
2026-09-08T12:53:24.898,6.624,4.541,7.605,-64,RECENT_MOVEMENT,13
2026-09-08T12:53:25.667,5.168,4.541,7.605,-64,RECENT_MOVEMENT,13
2026-09-08T12:53:26.365,6.159,4.541,7.605,-65,RECENT_MOVEMENT,13
2026-09-08T12:53:27.027,5.638,4.541,7.605,-65,RECENT_MOVEMENT,13
2026-09-08T12:53:27.696,5.608,4.541,7.605,-65,RECENT_MOVEMENT,13
2026-09-08T12:53:28.342,7.284,4.541,7.605,-66,RECENT_MOVEMENT,13
2026-09-08T12:53:29.005,6.034,4.541,7.605,-65,RECENT_MOVEMENT,13
2026-09-08T12:53:29.680,5.911,4.541,7.605,-66,RECENT_MOVEMENT,13
2026-09-08T12:53:30.389,3.617,4.541,7.605,-65,RECENT_MOVEMENT,13
2026-09-08T12:53:31.058,6.819,4.541,7.605,-65,RECENT_MOVEMENT,13
2026-09-08T12:53:31.716,6.687,4.541,7.605,-66,RECENT_MOVEMENT,13
2026-09-08T12:53:32.523,7.844,4.541,7.605,-66,MOVEMENT,14
2026-09-08T12:53:33.230,6.379,4.541,7.605,-66,RECENT_MOVEMENT,14
2026-09-08T12:53:33.911,6.877,4.541,7.605,-65,RECENT_MOVEMENT,15
2026-09-08T12:53:34.712,6.764,4.541,7.605,-64,RECENT_MOVEMENT,15
2026-09-08T12:53:35.362,10.490,4.541,7.605,-64,MOVEMENT,16
2026-09-08T12:53:36.066,11.535,4.541,7.605,-65,MOVEMENT,16
2026-09-08T12:53:36.762,10.381,4.541,7.605,-66,MOVEMENT,16
2026-09-08T12:53:37.527,6.876,4.541,7.605,-65,RECENT_MOVEMENT,16
2026-09-08T12:53:38.188,4.269,4.541,7.605,-64,RECENT_MOVEMENT,16
2026-09-08T12:53:38.830,4.801,4.541,7.605,-66,RECENT_MOVEMENT,16
2026-09-08T12:53:39.744,5.578,4.541,7.605,-64,RECENT_MOVEMENT,16
2026-09-08T12:53:40.519,6.747,4.541,7.605,-63,RECENT_MOVEMENT,16
2026-09-08T12:53:41.182,6.709,4.541,7.605,-63,RECENT_MOVEMENT,16
2026-09-08T12:53:41.959,4.963,4.541,7.605,-63,RECENT_MOVEMENT,16
2026-09-08T12:53:42.656,3.819,4.541,7.605,-63,RECENT_MOVEMENT,16
2026-09-08T12:53:43.368,4.526,4.541,7.605,-64,RECENT_MOVEMENT,16
2026-09-08T12:53:44.123,4.299,4.541,7.605,-65,RECENT_MOVEMENT,16
2026-09-08T12:53:44.906,3.148,4.541,7.605,-63,RECENT_MOVEMENT,16
2026-09-08T12:53:45.794,3.134,4.541,7.605,-63,RECENT_MOVEMENT,16
2026-09-08T12:53:46.559,3.064,4.541,7.605,-63,RECENT_MOVEMENT,16
2026-09-08T12:53:47.312,3.216,4.541,7.605,-64,RECENT_MOVEMENT,16
2026-09-08T12:53:48.166,3.400,4.541,7.605,-62,RECENT_MOVEMENT,16
2026-09-08T12:53:48.831,3.892,4.541,7.605,-63,RECENT_MOVEMENT,16
2026-09-08T12:53:49.462,4.602,4.541,7.605,-62,RECENT_MOVEMENT,16
2026-09-08T12:53:50.130,5.060,4.541,7.605,-71,RECENT_MOVEMENT,16
2026-09-08T12:53:50.768,6.671,4.541,7.605,-66,RECENT_MOVEMENT,16
2026-09-08T12:53:51.480,9.183,4.541,7.605,-65,MOVEMENT,17
2026-09-08T12:53:52.163,8.649,4.541,7.605,-65,MOVEMENT,17
2026-09-08T12:53:52.700,8.570,4.541,7.605,-65,MOVEMENT,17
2026-09-08T12:53:53.329,6.945,4.541,7.605,-67,RECENT_MOVEMENT,17
2026-09-08T12:53:54.002,5.207,4.541,7.605,-66,RECENT_MOVEMENT,17
2026-09-08T12:53:54.664,4.408,4.541,7.605,-65,RECENT_MOVEMENT,17
2026-09-08T12:53:55.226,4.574,4.541,7.605,-67,RECENT_MOVEMENT,17
2026-09-08T12:53:55.798,7.363,4.541,7.605,-66,RECENT_MOVEMENT,17
2026-09-08T12:53:56.719,7.600,4.541,7.605,-66,RECENT_MOVEMENT,17
2026-09-08T12:53:57.310,7.687,4.541,7.605,-67,MOVEMENT,18
2026-09-08T12:53:57.930,5.958,4.541,7.605,-67,RECENT_MOVEMENT,18
2026-09-08T12:53:58.529,5.865,4.541,7.605,-65,RECENT_MOVEMENT,18
2026-09-08T12:53:59.223,4.867,4.541,7.605,-64,RECENT_MOVEMENT,18
2026-09-08T12:53:59.803,7.186,4.541,7.605,-66,RECENT_MOVEMENT,18
2026-09-08T12:54:00.496,8.258,4.541,7.605,-67,MOVEMENT,19
2026-09-08T12:54:01.368,7.458,4.541,7.605,-66,RECENT_MOVEMENT,19
2026-09-08T12:54:02.027,4.535,4.541,7.605,-66,RECENT_MOVEMENT,19
2026-09-08T12:54:02.879,4.903,4.541,7.605,-66,RECENT_MOVEMENT,19
2026-09-08T12:54:03.436,5.962,4.541,7.605,-67,RECENT_MOVEMENT,19
2026-09-08T12:54:04.137,8.134,4.541,7.605,-64,RECENT_MOVEMENT,19
2026-09-08T12:54:04.719,7.808,4.541,7.605,-69,MOVEMENT,20
2026-09-08T12:54:05.435,7.635,4.541,7.605,-69,RECENT_MOVEMENT,20
2026-09-08T12:54:06.185,9.534,4.541,7.605,-73,MOVEMENT,21
2026-09-08T12:54:06.840,9.842,4.541,7.605,-74,MOVEMENT,21
2026-09-08T12:54:07.445,10.178,4.541,7.605,-68,MOVEMENT,21
2026-09-08T12:54:08.218,9.107,4.541,7.605,-66,MOVEMENT,21
2026-09-08T12:54:08.836,6.953,4.541,7.605,-66,RECENT_MOVEMENT,21
2026-09-08T12:54:09.511,3.397,4.541,7.605,-66,RECENT_MOVEMENT,21
2026-09-08T12:54:10.176,4.153,4.541,7.605,-67,RECENT_MOVEMENT,21
2026-09-08T12:54:10.855,4.183,4.541,7.605,-66,RECENT_MOVEMENT,21
2026-09-08T12:54:11.475,4.796,4.541,7.605,-66,RECENT_MOVEMENT,21
2026-09-08T12:54:12.107,4.688,4.541,7.605,-69,RECENT_MOVEMENT,21
2026-09-08T12:54:12.737,6.687,4.541,7.605,-68,RECENT_MOVEMENT,21
2026-09-08T12:54:13.344,7.280,4.541,7.605,-68,RECENT_MOVEMENT,21
2026-09-08T12:54:14.022,6.845,4.541,7.605,-67,RECENT_MOVEMENT,21
2026-09-08T12:54:14.630,7.015,4.541,7.605,-69,RECENT_MOVEMENT,21
2026-09-08T12:54:15.342,6.740,4.541,7.605,-69,RECENT_MOVEMENT,21
2026-09-08T12:54:16.024,5.081,4.541,7.605,-65,RECENT_MOVEMENT,21
2026-09-08T12:54:16.868,4.377,4.541,7.605,-66,RECENT_MOVEMENT,21
2026-09-08T12:54:17.526,5.392,4.541,7.605,-70,RECENT_MOVEMENT,21
2026-09-08T12:54:18.128,6.398,4.541,7.605,-66,RECENT_MOVEMENT,21
2026-09-08T12:54:18.921,7.487,4.541,7.605,-72,RECENT_MOVEMENT,21
2026-09-08T12:54:19.482,8.172,4.541,7.605,-72,MOVEMENT,22
2026-09-08T12:54:20.053,7.721,4.541,7.605,-70,MOVEMENT,22
2026-09-08T12:54:20.702,4.761,4.541,7.605,-70,RECENT_MOVEMENT,22
2026-09-08T12:54:21.316,4.257,4.541,7.605,-66,RECENT_MOVEMENT,22
2026-09-08T12:54:21.958,4.177,4.541,7.605,-69,RECENT_MOVEMENT,22
2026-09-08T12:54:22.642,5.289,4.541,7.605,-67,RECENT_MOVEMENT,22
2026-09-08T12:54:23.233,5.475,4.541,7.605,-69,RECENT_MOVEMENT,22
2026-09-08T12:54:23.913,5.934,4.541,7.605,-73,RECENT_MOVEMENT,22
2026-09-08T12:54:24.684,6.449,4.541,7.605,-70,RECENT_MOVEMENT,22
2026-09-08T12:54:25.504,6.008,4.541,7.605,-71,RECENT_MOVEMENT,22
2026-09-08T12:54:26.152,7.738,4.541,7.605,-75,RECENT_MOVEMENT,22
2026-09-08T12:54:26.816,7.850,4.541,7.605,-69,RECENT_MOVEMENT,22
2026-09-08T12:54:27.523,7.758,4.541,7.605,-67,RECENT_MOVEMENT,23
2026-09-08T12:54:28.160,4.595,4.541,7.605,-66,RECENT_MOVEMENT,24
2026-09-08T12:54:28.721,4.583,4.541,7.605,-68,RECENT_MOVEMENT,24
2026-09-08T12:54:29.300,5.371,4.541,7.605,-69,RECENT_MOVEMENT,24
2026-09-08T12:54:29.960,6.013,4.541,7.605,-71,RECENT_MOVEMENT,24
2026-09-08T12:54:30.507,6.789,4.541,7.605,-73,RECENT_MOVEMENT,24
2026-09-08T12:54:31.177,6.819,4.541,7.605,-72,RECENT_MOVEMENT,24
2026-09-08T12:54:31.768,6.450,4.541,7.605,-71,RECENT_MOVEMENT,24
2026-09-08T12:54:32.340,7.570,4.541,7.605,-71,RECENT_MOVEMENT,24
2026-09-08T12:54:32.966,11.519,4.541,7.605,-76,MOVEMENT,25
2026-09-08T12:54:33.629,11.508,4.541,7.605,-73,MOVEMENT,25
2026-09-08T12:54:34.201,11.335,4.541,7.605,-77,MOVEMENT,25
2026-09-08T12:54:34.788,11.176,4.541,7.605,-76,MOVEMENT,25
2026-09-08T12:54:35.373,11.199,4.541,7.605,-74,MOVEMENT,25
2026-09-08T12:54:35.957,11.849,4.541,7.605,-76,MOVEMENT,25
2026-09-08T12:54:36.582,11.723,4.541,7.605,-73,MOVEMENT,25
2026-09-08T12:54:37.155,12.494,4.541,7.605,-78,MOVEMENT,25
2026-09-08T12:54:37.791,13.588,4.541,7.605,-76,MOVEMENT,25
2026-09-08T12:54:38.495,17.605,4.541,7.605,-74,MOVEMENT,25
2026-09-08T12:54:39.165,21.155,4.541,7.605,-75,MOVEMENT,25
2026-09-08T12:54:39.854,15.673,4.541,7.605,-74,MOVEMENT,25
2026-09-08T12:54:40.521,12.038,4.541,7.605,-88,MOVEMENT,25
2026-09-08T12:54:41.194,15.807,4.541,7.605,-81,MOVEMENT,25
2026-09-08T12:54:41.793,19.723,4.541,7.605,-82,MOVEMENT,25
2026-09-08T12:54:42.420,16.660,4.541,7.605,-85,MOVEMENT,25
2026-09-08T12:54:42.990,16.794,4.541,7.605,-78,MOVEMENT,25
2026-09-08T12:54:43.523,18.259,4.541,7.605,-78,MOVEMENT,25
2026-09-08T12:54:44.136,17.954,4.541,7.605,-79,MOVEMENT,25
2026-09-08T12:54:44.766,12.643,4.541,7.605,-79,MOVEMENT,25
2026-09-08T12:54:45.428,16.602,4.541,7.605,-78,MOVEMENT,25
2026-09-08T12:54:46.079,14.215,4.541,7.605,-76,MOVEMENT,25
2026-09-08T12:54:46.704,16.898,4.541,7.605,-77,MOVEMENT,25
2026-09-08T12:54:47.436,16.898,4.541,7.605,-71,MOVEMENT,25
2026-09-08T12:54:48.094,23.171,4.541,7.605,-72,MOVEMENT,25
2026-09-08T12:54:48.897,22.475,4.541,7.605,-80,MOVEMENT,25
2026-09-08T12:54:49.576,20.653,4.541,7.605,-78,MOVEMENT,25
2026-09-08T12:54:50.228,18.588,4.541,7.605,-76,MOVEMENT,25
2026-09-08T12:54:50.916,14.912,4.541,7.605,-78,MOVEMENT,25
2026-09-08T12:54:51.609,12.745,4.541,7.605,-72,MOVEMENT,25
2026-09-08T12:54:52.242,10.439,4.541,7.605,-79,MOVEMENT,25
2026-09-08T12:54:52.863,12.850,4.541,7.605,-80,MOVEMENT,25
2026-09-08T12:54:53.524,15.317,4.541,7.605,-81,MOVEMENT,25
2026-09-08T12:54:54.148,18.345,4.541,7.605,-84,MOVEMENT,25
2026-09-08T12:54:54.815,22.231,4.541,7.605,-78,MOVEMENT,25
2026-09-08T12:54:55.354,23.376,4.541,7.605,-84,MOVEMENT,25
2026-09-08T12:54:56.011,23.517,4.541,7.605,-78,MOVEMENT,25
2026-09-08T12:54:56.556,21.776,4.541,7.605,-80,MOVEMENT,25
2026-09-08T12:54:57.137,20.506,4.541,7.605,-77,MOVEMENT,25
2026-09-08T12:54:57.693,19.048,4.541,7.605,-72,MOVEMENT,25
2026-09-08T12:54:58.226,19.071,4.541,7.605,-74,MOVEMENT,25
2026-09-08T12:54:59.227,7.024,4.541,7.605,-74,RECENT_MOVEMENT,25
2026-09-08T12:54:59.737,10.137,4.541,7.605,-76,MOVEMENT,26
2026-09-08T12:55:00.284,10.189,4.541,7.605,-76,MOVEMENT,26
2026-09-08T12:55:00.842,10.853,4.541,7.605,-76,MOVEMENT,26
2026-09-08T12:55:01.365,11.993,4.541,7.605,-77,MOVEMENT,26
2026-09-08T12:55:01.908,10.167,4.541,7.605,-75,MOVEMENT,26
2026-09-08T12:55:02.438,10.021,4.541,7.605,-76,MOVEMENT,26
2026-09-08T12:55:03.004,9.681,4.541,7.605,-77,MOVEMENT,26
2026-09-08T12:55:03.547,10.863,4.541,7.605,-79,MOVEMENT,26
2026-09-08T12:55:04.090,12.705,4.541,7.605,-77,MOVEMENT,26
2026-09-08T12:55:04.698,13.734,4.541,7.605,-69,MOVEMENT,26
2026-09-08T12:55:05.284,14.122,4.541,7.605,-65,MOVEMENT,26
2026-09-08T12:55:05.863,12.750,4.541,7.605,-67,MOVEMENT,26
2026-09-08T12:55:06.427,6.146,4.541,7.605,-70,RECENT_MOVEMENT,26
2026-09-08T12:55:06.958,8.238,4.541,7.605,-79,RECENT_MOVEMENT,26
2026-09-08T12:55:07.516,14.313,4.541,7.605,-74,MOVEMENT,27
2026-09-08T12:55:08.109,13.977,4.541,7.605,-72,MOVEMENT,27
2026-09-08T12:55:08.676,10.917,4.541,7.605,-73,MOVEMENT,27
2026-09-08T12:55:09.262,10.682,4.541,7.605,-76,MOVEMENT,27
2026-09-08T12:55:09.868,12.406,4.541,7.605,-69,MOVEMENT,27
2026-09-08T12:55:10.443,16.072,4.541,7.605,-70,MOVEMENT,27
2026-09-08T12:55:11.037,10.167,4.541,7.605,-70,MOVEMENT,27
2026-09-08T12:55:11.639,7.382,4.541,7.605,-67,RECENT_MOVEMENT,27
2026-09-08T12:55:12.223,6.901,4.541,7.605,-66,RECENT_MOVEMENT,27
2026-09-08T12:55:12.944,4.566,4.541,7.605,-65,RECENT_MOVEMENT,27
2026-09-08T12:55:13.505,4.587,4.541,7.605,-65,RECENT_MOVEMENT,27
2026-09-08T12:55:14.077,5.317,4.541,7.605,-67,RECENT_MOVEMENT,27
2026-09-08T12:55:14.707,5.061,4.541,7.605,-65,RECENT_MOVEMENT,27
2026-09-08T12:55:15.237,4.333,4.541,7.605,-66,RECENT_MOVEMENT,27
2026-09-08T12:55:15.780,4.394,4.541,7.605,-69,RECENT_MOVEMENT,27
2026-09-08T12:55:16.298,5.208,4.541,7.605,-72,RECENT_MOVEMENT,27
2026-09-08T12:55:17.238,7.422,4.541,7.605,-70,RECENT_MOVEMENT,27
2026-09-08T12:55:18.201,8.808,4.541,7.605,-68,MOVEMENT,28
2026-09-08T12:55:18.774,8.388,4.541,7.605,-68,MOVEMENT,28
2026-09-08T12:55:19.602,4.396,4.541,7.605,-67,RECENT_MOVEMENT,28
2026-09-08T12:55:20.172,4.329,4.541,7.605,-66,RECENT_MOVEMENT,28
2026-09-08T12:55:20.730,4.482,4.541,7.605,-66,RECENT_MOVEMENT,28
2026-09-08T12:55:21.318,4.195,4.541,7.605,-66,RECENT_MOVEMENT,28
2026-09-08T12:55:21.904,4.098,4.541,7.605,-67,RECENT_MOVEMENT,28
2026-09-08T12:55:22.481,4.605,4.541,7.605,-67,RECENT_MOVEMENT,28
2026-09-08T12:55:23.105,4.412,4.541,7.605,-66,RECENT_MOVEMENT,28
2026-09-08T12:55:23.747,4.240,4.541,7.605,-66,RECENT_MOVEMENT,28
2026-09-08T12:55:24.403,3.881,4.541,7.605,-67,RECENT_MOVEMENT,28
2026-09-08T12:55:25.028,4.935,4.541,7.605,-68,RECENT_MOVEMENT,28
2026-09-08T12:55:25.656,5.167,4.541,7.605,-67,RECENT_MOVEMENT,28
2026-09-08T12:55:26.464,5.082,4.541,7.605,-66,RECENT_MOVEMENT,28
2026-09-08T12:55:27.132,4.593,4.541,7.605,-66,RECENT_MOVEMENT,28
2026-09-08T12:55:27.847,4.710,4.541,7.605,-65,RECENT_MOVEMENT,28
2026-09-08T12:55:28.438,3.979,4.541,7.605,-65,RECENT_MOVEMENT,28
2026-09-08T12:55:29.024,3.123,4.541,7.605,-65,RECENT_MOVEMENT,28
2026-09-08T12:55:29.569,2.977,4.541,7.605,-66,RECENT_MOVEMENT,28
2026-09-08T12:55:30.193,3.032,4.541,7.605,-66,RECENT_MOVEMENT,28
2026-09-08T12:55:30.837,3.159,4.541,7.605,-64,RECENT_MOVEMENT,28
2026-09-08T12:55:31.520,4.156,4.541,7.605,-64,RECENT_MOVEMENT,28
2026-09-08T12:55:32.170,4.652,4.541,7.605,-64,RECENT_MOVEMENT,28
2026-09-08T12:55:32.806,3.704,4.541,7.605,-64,RECENT_MOVEMENT,28
2026-09-08T12:55:33.450,3.620,4.541,7.605,-64,RECENT_MOVEMENT,28
2026-09-08T12:55:34.142,3.586,4.541,7.605,-64,RECENT_MOVEMENT,28
2026-09-08T12:55:34.804,3.259,4.541,7.605,-64,RECENT_MOVEMENT,28
2026-09-08T12:55:35.390,3.228,4.541,7.605,-65,RECENT_MOVEMENT,28
2026-09-08T12:55:35.991,3.355,4.541,7.605,-65,RECENT_MOVEMENT,28
2026-09-08T12:55:36.644,4.063,4.541,7.605,-65,RECENT_MOVEMENT,28
2026-09-08T12:55:37.266,4.289,4.541,7.605,-65,RECENT_MOVEMENT,28
2026-09-08T12:55:37.893,4.675,4.541,7.605,-65,RECENT_MOVEMENT,28
2026-09-08T12:55:38.537,4.513,4.541,7.605,-66,RECENT_MOVEMENT,28
2026-09-08T12:55:39.114,6.544,4.541,7.605,-65,RECENT_MOVEMENT,28
2026-09-08T12:55:39.750,6.248,4.541,7.605,-65,RECENT_MOVEMENT,28
2026-09-08T12:55:40.350,5.616,4.541,7.605,-65,RECENT_MOVEMENT,28
2026-09-08T12:55:40.941,2.951,4.541,7.605,-66,RECENT_MOVEMENT,28
2026-09-08T12:55:41.590,2.947,4.541,7.605,-66,RECENT_MOVEMENT,28
2026-09-08T12:55:42.216,3.708,4.541,7.605,-66,RECENT_MOVEMENT,28
2026-09-08T12:55:42.798,4.680,4.541,7.605,-68,RECENT_MOVEMENT,28
2026-09-08T12:55:43.349,6.020,4.541,7.605,-68,RECENT_MOVEMENT,28
2026-09-08T12:55:44.442,9.252,4.541,7.605,-72,MOVEMENT,29
2026-09-08T12:55:45.046,8.135,4.541,7.605,-71,MOVEMENT,29
2026-09-08T12:55:45.671,5.371,4.541,7.605,-72,RECENT_MOVEMENT,29
2026-09-08T12:55:46.365,4.247,4.541,7.605,-70,RECENT_MOVEMENT,29
2026-09-08T12:55:46.974,4.864,4.541,7.605,-70,RECENT_MOVEMENT,29
2026-09-08T12:55:47.576,7.997,4.541,7.605,-73,RECENT_MOVEMENT,29
2026-09-08T12:55:48.199,10.530,4.541,7.605,-74,MOVEMENT,30
2026-09-08T12:55:48.761,11.184,4.541,7.605,-71,MOVEMENT,30
2026-09-08T12:55:49.445,7.035,4.541,7.605,-70,RECENT_MOVEMENT,30
2026-09-08T12:55:50.031,6.638,4.541,7.605,-67,RECENT_MOVEMENT,30
2026-09-08T12:55:50.586,6.303,4.541,7.605,-71,RECENT_MOVEMENT,30
2026-09-08T12:55:51.115,7.762,4.541,7.605,-70,RECENT_MOVEMENT,30
2026-09-08T12:55:51.657,8.497,4.541,7.605,-66,MOVEMENT,31
2026-09-08T12:55:52.632,6.162,4.541,7.605,-67,RECENT_MOVEMENT,31
2026-09-08T12:55:53.203,7.325,4.541,7.605,-69,RECENT_MOVEMENT,31
2026-09-08T12:55:53.707,7.223,4.541,7.605,-67,RECENT_MOVEMENT,31
2026-09-08T12:55:54.637,6.923,4.541,7.605,-67,RECENT_MOVEMENT,31
2026-09-08T12:55:55.142,4.712,4.541,7.605,-68,RECENT_MOVEMENT,31
2026-09-08T12:55:55.683,4.037,4.541,7.605,-68,RECENT_MOVEMENT,31
2026-09-08T12:55:56.319,4.153,4.541,7.605,-68,RECENT_MOVEMENT,31
2026-09-08T12:55:57.009,4.468,4.541,7.605,-69,RECENT_MOVEMENT,31
2026-09-08T12:55:57.625,5.031,4.541,7.605,-68,RECENT_MOVEMENT,31
2026-09-08T12:55:58.279,6.932,4.541,7.605,-68,RECENT_MOVEMENT,31
2026-09-08T12:55:58.956,6.939,4.541,7.605,-68,RECENT_MOVEMENT,31
2026-09-08T12:55:59.597,6.407,4.541,7.605,-68,RECENT_MOVEMENT,31
2026-09-08T12:56:00.283,3.767,4.541,7.605,-67,RECENT_MOVEMENT,31
2026-09-08T12:56:01.104,4.218,4.541,7.605,-67,RECENT_MOVEMENT,31
2026-09-08T12:56:01.884,4.253,4.541,7.605,-68,RECENT_MOVEMENT,31
2026-09-08T12:56:02.589,4.229,4.541,7.605,-67,RECENT_MOVEMENT,31
2026-09-08T12:56:03.353,4.073,4.541,7.605,-67,RECENT_MOVEMENT,31
2026-09-08T12:56:04.024,4.827,4.541,7.605,-68,RECENT_MOVEMENT,31
2026-09-08T12:56:04.664,4.604,4.541,7.605,-68,RECENT_MOVEMENT,31
2026-09-08T12:56:05.276,5.115,4.541,7.605,-68,RECENT_MOVEMENT,31
2026-09-08T12:56:05.969,5.251,4.541,7.605,-69,RECENT_MOVEMENT,31
2026-09-08T12:56:06.621,6.473,4.541,7.605,-69,RECENT_MOVEMENT,31
2026-09-08T12:56:07.188,6.396,4.541,7.605,-69,RECENT_MOVEMENT,31
2026-09-08T12:56:07.783,7.029,4.541,7.605,-68,RECENT_MOVEMENT,31
2026-09-08T12:56:08.442,10.405,4.541,7.605,-76,MOVEMENT,32
2026-09-08T12:56:09.168,11.482,4.541,7.605,-71,MOVEMENT,32
2026-09-08T12:56:09.705,11.646,4.541,7.605,-73,MOVEMENT,32
2026-09-08T12:56:10.307,8.013,4.541,7.605,-71,MOVEMENT,32
2026-09-08T12:56:10.856,7.960,4.541,7.605,-71,MOVEMENT,32
2026-09-08T12:56:11.464,8.144,4.541,7.605,-71,MOVEMENT,32
2026-09-08T12:56:12.030,5.112,4.541,7.605,-71,RECENT_MOVEMENT,32
2026-09-08T12:56:12.534,5.132,4.541,7.605,-70,RECENT_MOVEMENT,32
2026-09-08T12:56:13.131,4.549,4.541,7.605,-69,RECENT_MOVEMENT,32
2026-09-08T12:56:13.977,7.461,4.541,7.605,-71,RECENT_MOVEMENT,32
2026-09-08T12:56:14.653,8.263,4.541,7.605,-72,MOVEMENT,33
2026-09-08T12:56:15.305,6.618,4.541,7.605,-70,RECENT_MOVEMENT,33
2026-09-08T12:56:15.897,5.478,4.541,7.605,-72,RECENT_MOVEMENT,33
2026-09-08T12:56:16.518,5.327,4.541,7.605,-72,RECENT_MOVEMENT,33
2026-09-08T12:56:17.209,5.087,4.541,7.605,-70,RECENT_MOVEMENT,33
2026-09-08T12:56:17.907,5.003,4.541,7.605,-70,RECENT_MOVEMENT,33
2026-09-08T12:56:18.579,4.908,4.541,7.605,-68,RECENT_MOVEMENT,33
2026-09-08T12:56:19.229,5.526,4.541,7.605,-69,RECENT_MOVEMENT,33
2026-09-08T12:56:19.870,6.746,4.541,7.605,-70,RECENT_MOVEMENT,33
2026-09-08T12:56:20.528,6.932,4.541,7.605,-70,RECENT_MOVEMENT,33
2026-09-08T12:56:21.282,13.976,4.541,7.605,-72,MOVEMENT,34
2026-09-08T12:56:21.976,13.449,4.541,7.605,-71,MOVEMENT,34
2026-09-08T12:56:22.717,6.313,4.541,7.605,-72,RECENT_MOVEMENT,34
2026-09-08T12:56:23.383,7.272,4.541,7.605,-66,RECENT_MOVEMENT,34
2026-09-08T12:56:23.964,6.940,4.541,7.605,-64,RECENT_MOVEMENT,34
2026-09-08T12:56:24.739,8.071,4.541,7.605,-65,RECENT_MOVEMENT,35
2026-09-08T12:56:25.321,10.411,4.541,7.605,-65,MOVEMENT,36
2026-09-08T12:56:26.176,9.629,4.541,7.605,-67,MOVEMENT,36
2026-09-08T12:56:26.824,9.041,4.541,7.605,-62,MOVEMENT,36
2026-09-08T12:56:27.503,6.901,4.541,7.605,-62,RECENT_MOVEMENT,36
2026-09-08T12:56:28.171,5.696,4.541,7.605,-64,RECENT_MOVEMENT,36
2026-09-08T12:56:28.919,5.446,4.541,7.605,-64,RECENT_MOVEMENT,36
2026-09-08T12:56:29.618,13.225,4.541,7.605,-70,MOVEMENT,37
2026-09-08T12:56:30.284,11.509,4.541,7.605,-63,MOVEMENT,37
2026-09-08T12:56:30.852,10.363,4.541,7.605,-63,MOVEMENT,37
2026-09-08T12:56:31.529,6.688,4.541,7.605,-64,RECENT_MOVEMENT,37
2026-09-08T12:56:32.237,4.924,4.541,7.605,-66,RECENT_MOVEMENT,37
2026-09-08T12:56:32.845,5.500,4.541,7.605,-66,RECENT_MOVEMENT,37
2026-09-08T12:56:33.628,4.318,4.541,7.605,-65,RECENT_MOVEMENT,37
2026-09-08T12:56:34.263,3.589,4.541,7.605,-64,RECENT_MOVEMENT,37
2026-09-08T12:56:34.829,3.067,4.541,7.605,-64,RECENT_MOVEMENT,37
2026-09-08T12:56:35.567,3.646,4.541,7.605,-63,RECENT_MOVEMENT,37
2026-09-08T12:56:36.419,4.681,4.541,7.605,-67,RECENT_MOVEMENT,37
2026-09-08T12:56:37.123,5.120,4.541,7.605,-67,RECENT_MOVEMENT,37
2026-09-08T12:56:37.843,5.718,4.541,7.605,-66,RECENT_MOVEMENT,37
2026-09-08T12:56:38.431,4.841,4.541,7.605,-63,RECENT_MOVEMENT,37
2026-09-08T12:56:39.128,4.402,4.541,7.605,-66,RECENT_MOVEMENT,37
2026-09-08T12:56:39.771,6.555,4.541,7.605,-67,RECENT_MOVEMENT,37
2026-09-08T12:56:40.481,7.017,4.541,7.605,-64,RECENT_MOVEMENT,37
2026-09-08T12:56:41.128,7.479,4.541,7.605,-65,RECENT_MOVEMENT,37
2026-09-08T12:56:41.863,4.057,4.541,7.605,-65,RECENT_MOVEMENT,37
2026-09-08T12:56:42.500,3.371,4.541,7.605,-64,RECENT_MOVEMENT,37
2026-09-08T12:56:43.097,3.245,4.541,7.605,-64,RECENT_MOVEMENT,37
2026-09-08T12:56:43.801,2.689,4.541,7.605,-65,RECENT_MOVEMENT,37
2026-09-08T12:56:44.439,2.659,4.541,7.605,-65,RECENT_MOVEMENT,37
2026-09-08T12:56:44.979,2.903,4.541,7.605,-65,RECENT_MOVEMENT,37
2026-09-08T12:56:45.593,3.197,4.541,7.605,-65,RECENT_MOVEMENT,37
2026-09-08T12:56:46.165,3.252,4.541,7.605,-65,RECENT_MOVEMENT,37
2026-09-08T12:56:46.767,3.865,4.541,7.605,-64,RECENT_MOVEMENT,37
2026-09-08T12:56:47.432,3.339,4.541,7.605,-64,RECENT_MOVEMENT,37
2026-09-08T12:56:48.007,3.472,4.541,7.605,-64,RECENT_MOVEMENT,37
2026-09-08T12:56:48.680,4.937,4.541,7.605,-65,RECENT_MOVEMENT,37
2026-09-08T12:56:49.326,4.923,4.541,7.605,-65,RECENT_MOVEMENT,37
2026-09-08T12:56:49.983,4.889,4.541,7.605,-68,RECENT_MOVEMENT,37
2026-09-08T12:56:50.628,3.787,4.541,7.605,-66,RECENT_MOVEMENT,37
2026-09-08T12:56:51.216,3.525,4.541,7.605,-66,RECENT_MOVEMENT,37
2026-09-08T12:56:51.837,5.119,4.541,7.605,-64,RECENT_MOVEMENT,37
2026-09-08T12:56:52.427,5.185,4.541,7.605,-67,RECENT_MOVEMENT,37
2026-09-08T12:56:53.053,4.468,4.541,7.605,-66,RECENT_MOVEMENT,37
2026-09-08T12:56:53.655,3.890,4.541,7.605,-66,RECENT_MOVEMENT,37
2026-09-08T12:56:54.428,3.972,4.541,7.605,-66,RECENT_MOVEMENT,37
2026-09-08T12:56:55.174,3.872,4.541,7.605,-66,RECENT_MOVEMENT,37
2026-09-08T12:56:55.786,4.275,4.541,7.605,-68,RECENT_MOVEMENT,37
2026-09-08T12:56:56.369,4.385,4.541,7.605,-66,RECENT_MOVEMENT,37
2026-09-08T12:56:57.028,4.749,4.541,7.605,-63,RECENT_MOVEMENT,37
2026-09-08T12:56:57.615,4.487,4.541,7.605,-66,RECENT_MOVEMENT,37
2026-09-08T12:56:58.205,4.522,4.541,7.605,-66,RECENT_MOVEMENT,37
2026-09-08T12:56:58.777,4.012,4.541,7.605,-65,RECENT_MOVEMENT,37
2026-09-08T12:56:59.417,3.481,4.541,7.605,-64,RECENT_MOVEMENT,37
2026-09-08T12:57:00.075,5.064,4.541,7.605,-65,RECENT_MOVEMENT,37
2026-09-08T12:57:00.662,5.316,4.541,7.605,-64,RECENT_MOVEMENT,37
2026-09-08T12:57:01.259,5.293,4.541,7.605,-67,RECENT_MOVEMENT,37
2026-09-08T12:57:01.861,5.603,4.541,7.605,-62,NO_MOVEMENT,37
2026-09-08T12:57:02.446,8.681,4.541,7.605,-66,NO_MOVEMENT,37
2026-09-08T12:57:02.955,8.062,4.541,7.605,-67,MOVEMENT,38
2026-09-08T12:57:03.536,7.076,4.541,7.605,-66,RECENT_MOVEMENT,39
2026-09-08T12:57:04.119,10.108,4.541,7.605,-70,MOVEMENT,40
2026-09-08T12:57:04.677,11.489,4.541,7.605,-74,MOVEMENT,40
2026-09-08T12:57:05.219,11.430,4.541,7.605,-69,MOVEMENT,40
2026-09-08T12:57:05.763,10.610,4.541,7.605,-69,MOVEMENT,40
2026-09-08T12:57:06.359,10.891,4.541,7.605,-69,MOVEMENT,40
2026-09-08T12:57:06.948,6.831,4.541,7.605,-70,RECENT_MOVEMENT,40
2026-09-08T12:57:07.559,5.544,4.541,7.605,-69,RECENT_MOVEMENT,40
2026-09-08T12:57:08.138,5.567,4.541,7.605,-68,RECENT_MOVEMENT,40
2026-09-08T12:57:08.757,5.156,4.541,7.605,-68,RECENT_MOVEMENT,40
2026-09-08T12:57:09.287,4.996,4.541,7.605,-67,RECENT_MOVEMENT,40
2026-09-08T12:57:09.880,7.478,4.541,7.605,-65,RECENT_MOVEMENT,40
2026-09-08T12:57:10.477,7.156,4.541,7.605,-67,RECENT_MOVEMENT,41
2026-09-08T12:57:11.069,12.258,4.541,7.605,-73,MOVEMENT,42
2026-09-08T12:57:11.683,23.186,4.541,7.605,-76,MOVEMENT,42
2026-09-08T12:57:12.251,22.961,4.541,7.605,-71,MOVEMENT,42
2026-09-08T12:57:12.869,23.730,4.541,7.605,-70,MOVEMENT,42
2026-09-08T12:57:13.479,16.959,4.541,7.605,-73,MOVEMENT,42
2026-09-08T12:57:14.039,16.133,4.541,7.605,-73,MOVEMENT,42
2026-09-08T12:57:14.635,15.767,4.541,7.605,-70,MOVEMENT,42
2026-09-08T12:57:15.222,13.237,4.541,7.605,-73,MOVEMENT,42
2026-09-08T12:57:15.873,13.982,4.541,7.605,-72,MOVEMENT,42
2026-09-08T12:57:16.487,15.654,4.541,7.605,-70,MOVEMENT,42
2026-09-08T12:57:17.081,9.327,4.541,7.605,-67,MOVEMENT,42
2026-09-08T12:57:17.767,6.542,4.541,7.605,-70,RECENT_MOVEMENT,42
2026-09-08T12:57:18.439,7.410,4.541,7.605,-72,RECENT_MOVEMENT,42
2026-09-08T12:57:19.126,11.609,4.541,7.605,-69,MOVEMENT,43
2026-09-08T12:57:19.798,16.068,4.541,7.605,-71,MOVEMENT,43
2026-09-08T12:57:20.472,16.274,4.541,7.605,-70,MOVEMENT,43
2026-09-08T12:57:21.141,13.384,4.541,7.605,-69,MOVEMENT,43
2026-09-08T12:57:21.829,8.070,4.541,7.605,-70,MOVEMENT,43
2026-09-08T12:57:22.498,6.584,4.541,7.605,-68,RECENT_MOVEMENT,43
2026-09-08T12:57:23.204,15.495,4.541,7.605,-73,MOVEMENT,44
2026-09-08T12:57:23.866,16.385,4.541,7.605,-72,MOVEMENT,44
2026-09-08T12:57:24.540,16.866,4.541,7.605,-69,MOVEMENT,44
2026-09-08T12:57:25.208,12.231,4.541,7.605,-71,MOVEMENT,44
2026-09-08T12:57:25.890,7.861,4.541,7.605,-73,MOVEMENT,44
2026-09-08T12:57:26.563,9.391,4.541,7.605,-73,MOVEMENT,44
2026-09-08T12:57:27.227,7.865,4.541,7.605,-69,MOVEMENT,44
2026-09-08T12:57:27.912,6.660,4.541,7.605,-71,RECENT_MOVEMENT,44
2026-09-08T12:57:28.578,6.917,4.541,7.605,-68,RECENT_MOVEMENT,44
2026-09-08T12:57:29.239,5.862,4.541,7.605,-70,RECENT_MOVEMENT,44
2026-09-08T12:57:29.910,6.863,4.541,7.605,-68,RECENT_MOVEMENT,44
2026-09-08T12:57:30.580,7.057,4.541,7.605,-70,RECENT_MOVEMENT,44
2026-09-08T12:57:31.248,9.315,4.541,7.605,-68,MOVEMENT,45
2026-09-08T12:57:31.920,4.975,4.541,7.605,-68,RECENT_MOVEMENT,45
2026-09-08T12:57:32.599,5.400,4.541,7.605,-70,RECENT_MOVEMENT,45
2026-09-08T12:57:33.269,5.881,4.541,7.605,-67,RECENT_MOVEMENT,45
2026-09-08T12:57:33.944,5.144,4.541,7.605,-67,RECENT_MOVEMENT,45
2026-09-08T12:57:34.622,7.452,4.541,7.605,-74,RECENT_MOVEMENT,45
2026-09-08T12:57:35.300,9.590,4.541,7.605,-65,MOVEMENT,46
2026-09-08T12:57:35.980,8.405,4.541,7.605,-68,MOVEMENT,46
2026-09-08T12:57:36.662,9.135,4.541,7.605,-70,MOVEMENT,46
2026-09-08T12:57:37.342,11.562,4.541,7.605,-72,MOVEMENT,46
2026-09-08T12:57:38.023,14.432,4.541,7.605,-72,MOVEMENT,46
2026-09-08T12:57:38.701,12.826,4.541,7.605,-67,MOVEMENT,46
2026-09-08T12:57:39.381,14.412,4.541,7.605,-66,MOVEMENT,46
2026-09-08T12:57:40.058,10.296,4.541,7.605,-69,MOVEMENT,46
2026-09-08T12:57:40.747,5.166,4.541,7.605,-67,RECENT_MOVEMENT,46
2026-09-08T12:57:41.407,4.780,4.541,7.605,-73,RECENT_MOVEMENT,46
2026-09-08T12:57:42.101,5.630,4.541,7.605,-73,RECENT_MOVEMENT,46
2026-09-08T12:57:42.778,7.410,4.541,7.605,-74,RECENT_MOVEMENT,46
2026-09-08T12:57:43.451,6.424,4.541,7.605,-74,RECENT_MOVEMENT,46
2026-09-08T12:57:44.121,12.942,4.541,7.605,-69,MOVEMENT,47
2026-09-08T12:57:44.801,10.609,4.541,7.605,-72,MOVEMENT,47
2026-09-08T12:57:45.476,11.922,4.541,7.605,-77,MOVEMENT,47
2026-09-08T12:57:46.157,13.193,4.541,7.605,-73,MOVEMENT,47
2026-09-08T12:57:46.821,12.850,4.541,7.605,-72,MOVEMENT,47
2026-09-08T12:57:47.490,16.025,4.541,7.605,-72,MOVEMENT,47
2026-09-08T12:57:48.174,13.811,4.541,7.605,-66,MOVEMENT,47
2026-09-08T12:57:48.845,14.374,4.541,7.605,-67,MOVEMENT,47
2026-09-08T12:57:49.514,8.928,4.541,7.605,-70,MOVEMENT,47
2026-09-08T12:57:50.209,6.438,4.541,7.605,-68,RECENT_MOVEMENT,47
2026-09-08T12:57:50.863,7.551,4.541,7.605,-67,RECENT_MOVEMENT,47
2026-09-08T12:57:51.548,6.390,4.541,7.605,-70,RECENT_MOVEMENT,47
2026-09-08T12:57:52.211,7.485,4.541,7.605,-69,RECENT_MOVEMENT,48
2026-09-08T12:57:52.882,6.948,4.541,7.605,-68,RECENT_MOVEMENT,48
2026-09-08T12:57:53.544,6.753,4.541,7.605,-71,RECENT_MOVEMENT,48
2026-09-08T12:57:54.205,6.763,4.541,7.605,-67,RECENT_MOVEMENT,48
2026-09-08T12:57:54.899,6.035,4.541,7.605,-69,RECENT_MOVEMENT,48
2026-09-08T12:57:55.577,7.783,4.541,7.605,-70,RECENT_MOVEMENT,48
2026-09-08T12:57:56.258,8.003,4.541,7.605,-69,MOVEMENT,50
2026-09-08T12:57:56.938,8.559,4.541,7.605,-66,MOVEMENT,50
2026-09-08T12:57:57.607,8.857,4.541,7.605,-65,MOVEMENT,50
2026-09-08T12:57:58.271,7.069,4.541,7.605,-67,RECENT_MOVEMENT,50
2026-09-08T12:57:58.947,4.514,4.541,7.605,-66,RECENT_MOVEMENT,50
2026-09-08T12:57:59.623,3.669,4.541,7.605,-67,RECENT_MOVEMENT,50
2026-09-08T12:58:00.308,3.545,4.541,7.605,-66,RECENT_MOVEMENT,50
2026-09-08T12:58:01.011,4.650,4.541,7.605,-69,RECENT_MOVEMENT,50
2026-09-08T12:58:01.694,5.736,4.541,7.605,-65,RECENT_MOVEMENT,50
2026-09-08T12:58:02.369,5.613,4.541,7.605,-68,RECENT_MOVEMENT,50
2026-09-08T12:58:03.039,5.886,4.541,7.605,-66,RECENT_MOVEMENT,50
2026-09-08T12:58:03.711,6.061,4.541,7.605,-67,RECENT_MOVEMENT,50
2026-09-08T12:58:04.398,5.987,4.541,7.605,-66,RECENT_MOVEMENT,50
2026-09-08T12:58:05.088,5.128,4.541,7.605,-66,RECENT_MOVEMENT,50
2026-09-08T12:58:05.764,4.085,4.541,7.605,-68,RECENT_MOVEMENT,50
2026-09-08T12:58:06.436,3.599,4.541,7.605,-68,RECENT_MOVEMENT,50
2026-09-08T12:58:07.112,3.693,4.541,7.605,-67,RECENT_MOVEMENT,50
2026-09-08T12:58:07.794,4.408,4.541,7.605,-67,RECENT_MOVEMENT,50
2026-09-08T12:58:08.462,6.373,4.541,7.605,-67,RECENT_MOVEMENT,50
2026-09-08T12:58:09.155,8.049,4.541,7.605,-67,MOVEMENT,51
2026-09-08T12:58:09.837,7.488,4.541,7.605,-66,RECENT_MOVEMENT,51
2026-09-08T12:58:10.511,8.352,4.541,7.605,-68,MOVEMENT,52
2026-09-08T12:58:11.207,7.506,4.541,7.605,-67,RECENT_MOVEMENT,52
2026-09-08T12:58:11.893,8.275,4.541,7.605,-70,MOVEMENT,53
2026-09-08T12:58:12.569,8.604,4.541,7.605,-71,MOVEMENT,53
2026-09-08T12:58:13.244,11.466,4.541,7.605,-71,MOVEMENT,53
2026-09-08T12:58:13.910,10.330,4.541,7.605,-67,MOVEMENT,53
2026-09-08T12:58:14.580,9.919,4.541,7.605,-67,MOVEMENT,53
2026-09-08T12:58:15.266,6.123,4.541,7.605,-67,RECENT_MOVEMENT,53
2026-09-08T12:58:15.944,7.801,4.541,7.605,-64,RECENT_MOVEMENT,53
2026-09-08T12:58:16.624,7.336,4.541,7.605,-67,RECENT_MOVEMENT,53
2026-09-08T12:58:17.305,5.990,4.541,7.605,-70,RECENT_MOVEMENT,53
2026-09-08T12:58:17.977,10.173,4.541,7.605,-68,MOVEMENT,54
2026-09-08T12:58:18.642,11.757,4.541,7.605,-65,MOVEMENT,54
2026-09-08T12:58:19.334,7.152,4.541,7.605,-66,RECENT_MOVEMENT,54
2026-09-08T12:58:20.010,9.273,4.541,7.605,-68,MOVEMENT,55
2026-09-08T12:58:20.682,6.622,4.541,7.605,-63,RECENT_MOVEMENT,55
2026-09-08T12:58:21.368,7.325,4.541,7.605,-64,RECENT_MOVEMENT,55
2026-09-08T12:58:22.043,6.170,4.541,7.605,-60,RECENT_MOVEMENT,55
2026-09-08T12:58:22.729,6.881,4.541,7.605,-64,RECENT_MOVEMENT,55
2026-09-08T12:58:23.408,6.062,4.541,7.605,-64,RECENT_MOVEMENT,55
2026-09-08T12:58:24.076,6.584,4.541,7.605,-64,RECENT_MOVEMENT,55
2026-09-08T12:58:24.754,4.941,4.541,7.605,-63,RECENT_MOVEMENT,55
2026-09-08T12:58:25.419,4.152,4.541,7.605,-67,RECENT_MOVEMENT,55
2026-09-08T12:58:26.099,8.911,4.541,7.605,-71,RECENT_MOVEMENT,55
2026-09-08T12:58:26.777,9.129,4.541,7.605,-66,MOVEMENT,56
2026-09-08T12:58:27.456,8.935,4.541,7.605,-66,MOVEMENT,56
2026-09-08T12:58:28.138,7.670,4.541,7.605,-65,RECENT_MOVEMENT,56
2026-09-08T12:58:28.817,5.434,4.541,7.605,-62,RECENT_MOVEMENT,56
2026-09-08T12:58:29.494,5.282,4.541,7.605,-65,RECENT_MOVEMENT,56
2026-09-08T12:58:30.175,4.367,4.541,7.605,-65,RECENT_MOVEMENT,56
2026-09-08T12:58:30.853,6.543,4.541,7.605,-66,RECENT_MOVEMENT,56
2026-09-08T12:58:31.539,9.312,4.541,7.605,-70,MOVEMENT,57
2026-09-08T12:58:32.221,9.476,4.541,7.605,-69,MOVEMENT,57
2026-09-08T12:58:32.888,15.720,4.541,7.605,-80,MOVEMENT,57
2026-09-08T12:58:33.556,22.804,4.541,7.605,-76,MOVEMENT,57
2026-09-08T12:58:34.224,22.927,4.541,7.605,-73,MOVEMENT,57
2026-09-08T12:58:34.895,20.973,4.541,7.605,-71,MOVEMENT,57
2026-09-08T12:58:35.567,17.177,4.541,7.605,-78,MOVEMENT,57
2026-09-08T12:58:36.237,26.829,4.541,7.605,-81,MOVEMENT,57
2026-09-08T12:58:36.910,28.177,4.541,7.605,-70,MOVEMENT,57
2026-09-08T12:58:37.578,31.734,4.541,7.605,-76,MOVEMENT,57
2026-09-08T12:58:38.253,20.211,4.541,7.605,-76,MOVEMENT,57
2026-09-08T12:58:38.927,18.648,4.541,7.605,-74,MOVEMENT,57
2026-09-08T12:58:39.598,19.957,4.541,7.605,-77,MOVEMENT,57
2026-09-08T12:58:40.275,21.812,4.541,7.605,-72,MOVEMENT,57
2026-09-08T12:58:40.940,23.735,4.541,7.605,-75,MOVEMENT,57
2026-09-08T12:58:41.613,21.618,4.541,7.605,-74,MOVEMENT,57
2026-09-08T12:58:42.276,19.692,4.541,7.605,-72,MOVEMENT,57
2026-09-08T12:58:42.979,18.379,4.541,7.605,-67,MOVEMENT,57
2026-09-08T12:58:43.656,13.065,4.541,7.605,-67,MOVEMENT,57
2026-09-08T12:58:44.329,6.017,4.541,7.605,-67,RECENT_MOVEMENT,57
2026-09-08T12:58:45.012,9.101,4.541,7.605,-66,MOVEMENT,58
2026-09-08T12:58:45.681,8.919,4.541,7.605,-69,MOVEMENT,58
2026-09-08T12:58:46.356,9.618,4.541,7.605,-73,MOVEMENT,58
2026-09-08T12:58:47.032,21.312,4.541,7.605,-79,MOVEMENT,59
2026-09-08T12:58:47.706,21.435,4.541,7.605,-69,MOVEMENT,59
2026-09-08T12:58:48.382,21.032,4.541,7.605,-70,MOVEMENT,59
2026-09-08T12:58:49.059,24.324,4.541,7.605,-76,MOVEMENT,59
2026-09-08T12:58:49.731,21.608,4.541,7.605,-70,MOVEMENT,59
2026-09-08T12:58:50.401,23.271,4.541,7.605,-75,MOVEMENT,59
2026-09-08T12:58:51.063,16.933,4.541,7.605,-72,MOVEMENT,59
2026-09-08T12:58:51.735,11.357,4.541,7.605,-70,MOVEMENT,59
2026-09-08T12:58:52.418,7.095,4.541,7.605,-69,RECENT_MOVEMENT,59
2026-09-08T12:58:53.089,8.394,4.541,7.605,-71,MOVEMENT,60
2026-09-08T12:58:53.769,10.726,4.541,7.605,-68,MOVEMENT,60
2026-09-08T12:58:54.445,8.971,4.541,7.605,-67,MOVEMENT,60
2026-09-08T12:58:55.108,5.491,4.541,7.605,-68,RECENT_MOVEMENT,60
2026-09-08T12:58:55.803,5.746,4.541,7.605,-67,RECENT_MOVEMENT,60
2026-09-08T12:58:56.483,4.907,4.541,7.605,-65,RECENT_MOVEMENT,60
2026-09-08T12:58:57.155,5.412,4.541,7.605,-64,RECENT_MOVEMENT,60
2026-09-08T12:58:57.827,4.651,4.541,7.605,-63,RECENT_MOVEMENT,60
2026-09-08T12:58:58.510,3.942,4.541,7.605,-63,RECENT_MOVEMENT,60
2026-09-08T12:58:59.163,5.939,4.541,7.605,-64,RECENT_MOVEMENT,60
2026-09-08T12:58:59.838,7.191,4.541,7.605,-62,RECENT_MOVEMENT,60
2026-09-08T12:59:00.577,5.609,4.541,7.605,-62,RECENT_MOVEMENT,60
2026-09-08T12:59:01.280,3.758,4.541,7.605,-62,RECENT_MOVEMENT,60
2026-09-08T12:59:02.012,3.646,4.541,7.605,-64,RECENT_MOVEMENT,60
2026-09-08T12:59:02.703,3.447,4.541,7.605,-61,RECENT_MOVEMENT,60
2026-09-08T12:59:03.423,3.406,4.541,7.605,-61,RECENT_MOVEMENT,60
2026-09-08T12:59:04.097,3.017,4.541,7.605,-62,RECENT_MOVEMENT,60
2026-09-08T12:59:04.792,3.205,4.541,7.605,-60,RECENT_MOVEMENT,60
2026-09-08T12:59:05.468,4.177,4.541,7.605,-61,RECENT_MOVEMENT,60
2026-09-08T12:59:06.147,4.335,4.541,7.605,-60,RECENT_MOVEMENT,60
2026-09-08T12:59:06.840,4.913,4.541,7.605,-61,RECENT_MOVEMENT,60
2026-09-08T12:59:07.522,3.997,4.541,7.605,-60,RECENT_MOVEMENT,60
2026-09-08T12:59:08.199,3.182,4.541,7.605,-60,RECENT_MOVEMENT,60
2026-09-08T12:59:08.890,3.889,4.541,7.605,-60,RECENT_MOVEMENT,60
2026-09-08T12:59:09.564,3.784,4.541,7.605,-60,RECENT_MOVEMENT,60
2026-09-08T12:59:10.237,6.394,4.541,7.605,-61,RECENT_MOVEMENT,60
2026-09-08T12:59:10.907,5.639,4.541,7.605,-60,RECENT_MOVEMENT,60
2026-09-08T12:59:11.574,5.879,4.541,7.605,-60,RECENT_MOVEMENT,60
2026-09-08T12:59:12.252,3.180,4.541,7.605,-61,RECENT_MOVEMENT,60
2026-09-08T12:59:12.931,2.920,4.541,7.605,-60,RECENT_MOVEMENT,60
2026-09-08T12:59:13.607,2.973,4.541,7.605,-60,RECENT_MOVEMENT,60
2026-09-08T12:59:14.325,2.797,4.541,7.605,-60,RECENT_MOVEMENT,60
2026-09-08T12:59:15.006,2.304,4.541,7.605,-61,RECENT_MOVEMENT,60
2026-09-08T12:59:15.665,2.156,4.541,7.605,-61,RECENT_MOVEMENT,60
2026-09-08T12:59:16.336,2.587,4.541,7.605,-61,RECENT_MOVEMENT,60
2026-09-08T12:59:17.025,2.710,4.541,7.605,-64,RECENT_MOVEMENT,60
2026-09-08T12:59:17.697,4.766,4.541,7.605,-63,RECENT_MOVEMENT,60
2026-09-08T12:59:18.362,5.123,4.541,7.605,-67,RECENT_MOVEMENT,60
2026-09-08T12:59:19.025,12.308,4.541,7.605,-71,MOVEMENT,61
2026-09-08T14:04:58.551,4.170,4.844,8.090,-66,NO_MOVEMENT,0
2026-09-08T14:04:59.230,3.916,4.844,8.090,-66,NO_MOVEMENT,0
2026-09-08T14:04:59.912,4.106,4.844,8.090,-66,NO_MOVEMENT,0
2026-09-08T14:05:00.612,3.765,4.844,8.090,-65,NO_MOVEMENT,0
2026-09-08T14:05:01.342,4.842,4.844,8.090,-65,NO_MOVEMENT,0
2026-09-08T14:05:02.039,5.390,4.844,8.090,-65,NO_MOVEMENT,0
2026-09-08T14:05:02.719,4.934,4.844,8.090,-66,NO_MOVEMENT,0
2026-09-08T14:05:03.400,5.450,4.844,8.090,-66,NO_MOVEMENT,0
2026-09-08T14:05:04.073,5.335,4.844,8.090,-65,NO_MOVEMENT,0
2026-09-08T14:05:04.754,6.078,4.844,8.090,-65,NO_MOVEMENT,0
2026-09-08T14:05:05.449,7.854,4.844,8.090,-66,NO_MOVEMENT,0
2026-09-08T14:05:06.138,7.487,4.844,8.090,-65,NO_MOVEMENT,0
2026-09-08T14:05:06.809,6.876,4.844,8.090,-64,NO_MOVEMENT,0
2026-09-08T14:05:07.467,5.264,4.844,8.090,-65,NO_MOVEMENT,0
2026-09-08T14:05:08.140,4.293,4.844,8.090,-65,NO_MOVEMENT,0
2026-09-08T14:05:08.831,5.359,4.844,8.090,-64,NO_MOVEMENT,0
2026-09-08T14:05:09.504,5.091,4.844,8.090,-65,NO_MOVEMENT,0
2026-09-08T14:05:10.197,5.034,4.844,8.090,-64,NO_MOVEMENT,0
2026-09-08T14:05:10.876,4.300,4.844,8.090,-63,NO_MOVEMENT,0
2026-09-08T14:05:11.579,4.541,4.844,8.090,-64,NO_MOVEMENT,0
2026-09-08T14:05:12.258,4.176,4.844,8.090,-64,NO_MOVEMENT,0
2026-09-08T14:05:12.922,4.105,4.844,8.090,-65,NO_MOVEMENT,0
2026-09-08T14:05:13.586,4.174,4.844,8.090,-64,NO_MOVEMENT,0
2026-09-08T14:05:14.260,4.240,4.844,8.090,-64,NO_MOVEMENT,0
2026-09-08T14:05:14.943,4.610,4.844,8.090,-65,NO_MOVEMENT,0
2026-09-08T14:05:15.639,4.844,4.844,8.090,-65,NO_MOVEMENT,0
2026-09-08T14:05:16.320,4.766,4.844,8.090,-65,NO_MOVEMENT,0
2026-09-08T14:05:17.022,4.159,4.844,8.090,-65,NO_MOVEMENT,0
2026-09-08T14:05:17.731,5.158,4.844,8.090,-65,NO_MOVEMENT,0
2026-09-08T14:05:18.407,6.261,4.844,8.090,-61,NO_MOVEMENT,0
2026-09-08T14:05:19.105,5.644,4.844,8.090,-62,NO_MOVEMENT,0
2026-09-08T14:05:19.765,7.457,4.844,8.090,-64,NO_MOVEMENT,0
2026-09-08T14:05:20.434,6.784,4.844,8.090,-65,NO_MOVEMENT,0
2026-09-08T14:05:21.114,4.962,4.844,8.090,-65,NO_MOVEMENT,0
2026-09-08T14:05:21.789,5.003,4.844,8.090,-63,NO_MOVEMENT,0
2026-09-08T14:05:22.483,5.437,4.844,8.090,-64,NO_MOVEMENT,0
2026-09-08T14:05:23.181,4.772,4.844,8.090,-63,NO_MOVEMENT,0
2026-09-08T14:05:23.891,5.329,4.844,8.090,-65,NO_MOVEMENT,0
2026-09-08T14:05:24.585,9.453,4.844,8.090,-67,NO_MOVEMENT,0
2026-09-08T14:05:25.270,11.871,4.844,8.090,-66,MOVEMENT,1
2026-09-08T14:05:25.964,12.890,4.844,8.090,-62,MOVEMENT,1
2026-09-08T14:05:26.644,12.621,4.844,8.090,-65,MOVEMENT,1
2026-09-08T14:05:27.335,7.101,4.844,8.090,-65,RECENT_MOVEMENT,1
2026-09-08T14:05:28.025,7.614,4.844,8.090,-65,RECENT_MOVEMENT,1
2026-09-08T14:05:28.722,7.643,4.844,8.090,-67,RECENT_MOVEMENT,1
2026-09-08T14:05:29.405,8.050,4.844,8.090,-64,RECENT_MOVEMENT,1
2026-09-08T14:05:30.094,12.865,4.844,8.090,-65,MOVEMENT,2
2026-09-08T14:05:30.762,11.097,4.844,8.090,-65,MOVEMENT,2
2026-09-08T14:05:31.425,11.246,4.844,8.090,-66,MOVEMENT,2
2026-09-08T14:05:32.126,3.640,4.844,8.090,-66,RECENT_MOVEMENT,2
2026-09-08T14:05:32.796,3.357,4.844,8.090,-66,RECENT_MOVEMENT,2
2026-09-08T14:05:33.499,4.118,4.844,8.090,-66,RECENT_MOVEMENT,2
2026-09-08T14:05:34.188,4.756,4.844,8.090,-66,RECENT_MOVEMENT,2
2026-09-08T14:05:34.851,4.608,4.844,8.090,-65,RECENT_MOVEMENT,2
2026-09-08T14:05:35.529,3.844,4.844,8.090,-65,RECENT_MOVEMENT,2
2026-09-08T14:05:36.202,3.596,4.844,8.090,-65,RECENT_MOVEMENT,2
2026-09-08T14:05:36.876,3.889,4.844,8.090,-66,RECENT_MOVEMENT,2
2026-09-08T14:05:37.546,3.734,4.844,8.090,-65,RECENT_MOVEMENT,2
2026-09-08T14:05:38.221,4.520,4.844,8.090,-64,RECENT_MOVEMENT,2
2026-09-08T14:05:38.906,5.247,4.844,8.090,-64,RECENT_MOVEMENT,2
2026-09-08T14:05:39.572,4.682,4.844,8.090,-62,RECENT_MOVEMENT,2
2026-09-08T14:05:40.244,4.403,4.844,8.090,-64,RECENT_MOVEMENT,2
2026-09-08T14:05:40.931,4.703,4.844,8.090,-63,RECENT_MOVEMENT,2
2026-09-08T14:05:41.649,5.613,4.844,8.090,-64,RECENT_MOVEMENT,2
2026-09-08T14:05:42.341,5.166,4.844,8.090,-65,RECENT_MOVEMENT,2
2026-09-08T14:05:43.015,4.952,4.844,8.090,-65,RECENT_MOVEMENT,2
2026-09-08T14:05:43.715,3.823,4.844,8.090,-65,RECENT_MOVEMENT,2
2026-09-08T14:05:44.408,4.163,4.844,8.090,-65,RECENT_MOVEMENT,2
2026-09-08T14:05:45.072,4.276,4.844,8.090,-65,RECENT_MOVEMENT,2
2026-09-08T14:05:45.801,4.627,4.844,8.090,-65,RECENT_MOVEMENT,2
2026-09-08T14:05:46.495,4.397,4.844,8.090,-66,RECENT_MOVEMENT,2
2026-09-08T14:05:47.167,5.382,4.844,8.090,-68,RECENT_MOVEMENT,2
2026-09-08T14:05:47.852,5.607,4.844,8.090,-69,RECENT_MOVEMENT,2
2026-09-08T14:05:48.537,5.670,4.844,8.090,-64,RECENT_MOVEMENT,2
2026-09-08T14:05:49.245,6.982,4.844,8.090,-67,RECENT_MOVEMENT,2
2026-09-08T14:05:49.967,8.158,4.844,8.090,-66,MOVEMENT,3
2026-09-08T14:05:50.659,8.022,4.844,8.090,-64,RECENT_MOVEMENT,3
2026-09-08T14:05:51.351,8.478,4.844,8.090,-64,MOVEMENT,4
2026-09-08T14:05:52.032,6.993,4.844,8.090,-65,RECENT_MOVEMENT,4
2026-09-08T14:05:52.739,4.039,4.844,8.090,-64,RECENT_MOVEMENT,4
2026-09-08T14:05:53.431,3.379,4.844,8.090,-65,RECENT_MOVEMENT,4
2026-09-08T14:05:54.105,3.642,4.844,8.090,-65,RECENT_MOVEMENT,4
2026-09-08T14:05:54.783,3.537,4.844,8.090,-65,RECENT_MOVEMENT,4
2026-09-08T14:05:55.466,3.888,4.844,8.090,-64,RECENT_MOVEMENT,4
2026-09-08T14:05:56.146,3.704,4.844,8.090,-65,RECENT_MOVEMENT,4
2026-09-08T14:05:56.823,3.791,4.844,8.090,-65,RECENT_MOVEMENT,4
2026-09-08T14:05:57.502,3.844,4.844,8.090,-65,RECENT_MOVEMENT,4
2026-09-08T14:05:58.168,3.915,4.844,8.090,-65,RECENT_MOVEMENT,4
2026-09-08T14:05:58.856,3.662,4.844,8.090,-65,RECENT_MOVEMENT,4
2026-09-08T14:05:59.541,3.850,4.844,8.090,-66,RECENT_MOVEMENT,4
2026-09-08T14:06:00.217,3.720,4.844,8.090,-66,RECENT_MOVEMENT,4
2026-09-08T14:06:00.997,3.397,4.844,8.090,-65,RECENT_MOVEMENT,4
2026-09-08T14:06:01.675,3.384,4.844,8.090,-65,RECENT_MOVEMENT,4
2026-09-08T14:06:02.340,4.577,4.844,8.090,-64,RECENT_MOVEMENT,4
2026-09-08T14:06:03.030,5.542,4.844,8.090,-65,RECENT_MOVEMENT,4
2026-09-08T14:06:03.714,5.316,4.844,8.090,-65,RECENT_MOVEMENT,4
2026-09-08T14:06:04.397,5.106,4.844,8.090,-64,RECENT_MOVEMENT,4
2026-09-08T14:06:05.067,4.079,4.844,8.090,-65,RECENT_MOVEMENT,4
2026-09-08T14:06:05.738,4.697,4.844,8.090,-64,RECENT_MOVEMENT,4
2026-09-08T14:06:06.428,4.944,4.844,8.090,-64,RECENT_MOVEMENT,4
2026-09-08T14:06:07.108,4.518,4.844,8.090,-65,RECENT_MOVEMENT,4
2026-09-08T14:06:07.771,4.256,4.844,8.090,-64,RECENT_MOVEMENT,4
2026-09-08T14:06:08.452,3.660,4.844,8.090,-65,RECENT_MOVEMENT,4
2026-09-08T14:06:09.127,3.933,4.844,8.090,-65,RECENT_MOVEMENT,4
2026-09-08T14:06:09.808,3.988,4.844,8.090,-64,RECENT_MOVEMENT,4
2026-09-08T14:06:10.480,4.642,4.844,8.090,-65,RECENT_MOVEMENT,4
2026-09-08T14:06:11.204,3.763,4.844,8.090,-64,RECENT_MOVEMENT,4
2026-09-08T14:06:11.882,4.246,4.844,8.090,-65,RECENT_MOVEMENT,4
2026-09-08T14:06:12.556,5.567,4.844,8.090,-64,RECENT_MOVEMENT,4
2026-09-08T14:06:13.249,6.393,4.844,8.090,-65,RECENT_MOVEMENT,4
2026-09-08T14:06:13.927,6.311,4.844,8.090,-64,RECENT_MOVEMENT,4
2026-09-08T14:06:14.611,3.924,4.844,8.090,-65,RECENT_MOVEMENT,4
2026-09-08T14:06:15.297,8.165,4.844,8.090,-65,RECENT_MOVEMENT,4
2026-09-08T14:06:15.963,10.025,4.844,8.090,-64,MOVEMENT,5
2026-09-08T14:06:16.647,10.563,4.844,8.090,-65,MOVEMENT,5
2026-09-08T14:06:17.315,6.021,4.844,8.090,-64,RECENT_MOVEMENT,5
2026-09-08T14:06:17.979,6.035,4.844,8.090,-64,RECENT_MOVEMENT,5
2026-09-08T14:06:18.647,5.828,4.844,8.090,-64,RECENT_MOVEMENT,5
2026-09-08T14:06:19.319,5.811,4.844,8.090,-64,RECENT_MOVEMENT,5
2026-09-08T14:06:20.011,3.810,4.844,8.090,-64,RECENT_MOVEMENT,5
2026-09-08T14:06:20.695,3.858,4.844,8.090,-65,RECENT_MOVEMENT,5
2026-09-08T14:06:21.366,4.082,4.844,8.090,-64,RECENT_MOVEMENT,5
2026-09-08T14:06:22.050,3.427,4.844,8.090,-64,RECENT_MOVEMENT,5
2026-09-08T14:06:22.726,3.393,4.844,8.090,-64,RECENT_MOVEMENT,5
2026-09-08T14:06:23.403,4.142,4.844,8.090,-65,RECENT_MOVEMENT,5
2026-09-08T14:06:24.085,4.419,4.844,8.090,-65,RECENT_MOVEMENT,5
2026-09-08T14:06:24.762,4.404,4.844,8.090,-65,RECENT_MOVEMENT,5
2026-09-08T14:06:25.426,4.984,4.844,8.090,-65,RECENT_MOVEMENT,5
2026-09-08T14:06:26.093,4.561,4.844,8.090,-65,RECENT_MOVEMENT,5
2026-09-08T14:06:26.760,4.272,4.844,8.090,-65,RECENT_MOVEMENT,5
2026-09-08T14:06:27.446,3.600,4.844,8.090,-66,RECENT_MOVEMENT,5
2026-09-08T14:06:28.097,4.642,4.844,8.090,-65,RECENT_MOVEMENT,5
2026-09-08T14:06:28.770,4.006,4.844,8.090,-65,RECENT_MOVEMENT,5
2026-09-08T14:06:29.662,4.699,4.844,8.090,-65,RECENT_MOVEMENT,5
2026-09-08T14:06:30.628,5.757,4.844,8.090,-65,RECENT_MOVEMENT,5
2026-09-08T14:06:31.147,5.782,4.844,8.090,-65,RECENT_MOVEMENT,5
2026-09-08T14:06:31.734,3.876,4.844,8.090,-65,RECENT_MOVEMENT,5
